time window size,time step size Mass-Left,time step size Mass-Right
0.2,0.0499999999999999,0.0499999999999999
0.2,0.0499999999999999,0.025
0.2,0.0499999999999999,0.0124999999999999
0.2,0.0499999999999999,0.0062499999999999
0.2,0.0499999999999999,0.003125
0.2,0.0499999999999999,0.0015625
0.2,0.0499999999999999,0.0007812499999999
0.2,0.0499999999999999,0.0003906249999999
0.2,0.0499999999999999,0.0001953125
0.2,0.0499999999999999,9.765625000001566e-05
