  TimeWindow  Iteration  ResRel(Mass-Left-Mesh:Displacement-Left)  ResRel(Mass-Left-Mesh:Displacement-Right)
     1       1   1.00000000e+00   1.00000000e+00
     1       2   2.53700647e-09   1.72320337e-10
     1       3   0.00000000e+00   0.00000000e+00
     2       1   4.62838350e-04   7.49961445e-01
     2       2   1.26889198e-08   2.98417195e-10
     2       3   0.00000000e+00   0.00000000e+00
     3       1   7.71733934e-04   5.55441301e-01
     3       2   2.28494517e-08   2.46090204e-10
     3       3   0.00000000e+00   0.00000000e+00
     4       1   1.08104939e-03   4.37297525e-01
     4       2   3.30217551e-08   2.02222571e-10
     4       3   0.00000000e+00   0.00000000e+00
     5       1   1.39091576e-03   3.59703759e-01
     5       2   4.32090022e-08   1.70216533e-10
     5       3   0.00000000e+00   0.00000000e+00
     6       1   1.70146509e-03   3.05162607e-01
     6       2   5.34143889e-08   1.46501215e-10
     6       3   0.00000000e+00   0.00000000e+00
     7       1   2.01283072e-03   2.64814704e-01
     7       2   6.36411416e-08   1.28387587e-10
     7       3   0.00000000e+00   0.00000000e+00
     8       1   2.32514752e-03   2.33783960e-01
     8       2   7.38925209e-08   1.14172924e-10
     8       3   0.00000000e+00   0.00000000e+00
     9       1   2.63855220e-03   2.09185074e-01
     9       2   8.41718291e-08   1.02716691e-10
     9       3   0.00000000e+00   0.00000000e+00
    10       1   2.95318353e-03   1.89207499e-01
    10       2   9.44824160e-08   9.33026922e-11
    10       3   0.00000000e+00   0.00000000e+00
    11       1   3.26918263e-03   1.72659716e-01
    11       2   1.04827684e-07   8.54458927e-11
    11       3   0.00000000e+00   0.00000000e+00
    12       1   3.58669332e-03   1.58726330e-01
    12       2   1.15211095e-07   7.87787430e-11
    12       3   0.00000000e+00   0.00000000e+00
    13       1   3.90586236e-03   1.46830883e-01
    13       2   1.25636177e-07   7.30612658e-11
    13       3   0.00000000e+00   0.00000000e+00
    14       1   4.22683982e-03   1.36554480e-01
    14       2   1.36106532e-07   6.80800778e-11
    14       3   0.00000000e+00   0.00000000e+00
    15       1   4.54977934e-03   1.27585491e-01
    15       2   1.46625841e-07   6.37251441e-11
    15       3   0.00000000e+00   0.00000000e+00
    16       1   4.87483859e-03   1.19687328e-01
    16       2   1.57197873e-07   5.98743725e-11
    16       3   0.00000000e+00   0.00000000e+00
    17       1   5.20217952e-03   1.12677168e-01
    17       2   1.67826493e-07   5.64455271e-11
    17       3   1.16135442e-16   0.00000000e+00
    18       1   5.53196884e-03   1.06411516e-01
    18       2   1.78515669e-07   5.33801917e-11
    18       3   0.00000000e+00   0.00000000e+00
    19       1   5.86437836e-03   1.00776179e-01
    19       2   1.89269483e-07   5.06116549e-11
    19       3   0.00000000e+00   0.00000000e+00
    20       1   6.19958549e-03   9.56791585e-02
    20       2   2.00092139e-07   4.80976953e-11
    20       3   0.00000000e+00   0.00000000e+00
    21       1   6.53777364e-03   9.10455060e-02
    21       2   2.10987973e-07   4.58030397e-11
    21       3   0.00000000e+00   0.00000000e+00
    22       1   6.87913274e-03   8.68135550e-02
    22       2   2.21961463e-07   4.37137402e-11
    22       3   0.00000000e+00   0.00000000e+00
    23       1   7.22385978e-03   8.29321030e-02
    23       2   2.33017241e-07   4.17868743e-11
    23       3   0.00000000e+00   0.00000000e+00
    24       1   7.57215933e-03   7.93582836e-02
    24       2   2.44160105e-07   4.00182686e-11
    24       3   0.00000000e+00   0.00000000e+00
    25       1   7.92424416e-03   7.60559367e-02
    25       2   2.55395033e-07   3.83771467e-11
    25       3   0.00000000e+00   0.00000000e+00
    26       1   8.28033591e-03   7.29943469e-02
    26       2   2.66727194e-07   3.68545947e-11
    26       3   0.00000000e+00   0.00000000e+00
    27       1   8.64066573e-03   7.01472558e-02
    27       2   2.78161965e-07   3.54399807e-11
    27       3   0.00000000e+00   0.00000000e+00
    28       1   9.00547504e-03   6.74920821e-02
    28       2   2.89704945e-07   3.41135411e-11
    28       3   0.00000000e+00   0.00000000e+00
    29       1   9.37501638e-03   6.50092994e-02
    29       2   3.01361975e-07   3.28783655e-11
    29       3   0.00000000e+00   0.00000000e+00
    30       1   9.74955421e-03   6.26819368e-02
    30       2   3.13139154e-07   3.17123632e-11
    30       3   0.00000000e+00   0.00000000e+00
    31       1   1.01293659e-02   6.04951736e-02
    31       2   3.25042861e-07   3.06282626e-11
    31       3   0.00000000e+00   0.00000000e+00
    32       1   1.05147427e-02   5.84360092e-02
    32       2   3.37079774e-07   2.95961417e-11
    32       3   0.00000000e+00   0.00000000e+00
    33       1   1.09059908e-02   5.64929920e-02
    33       2   3.49256896e-07   2.86185992e-11
    33       3   1.32229335e-16   0.00000000e+00
    34       1   1.13034329e-02   5.46559949e-02
    34       2   3.61581581e-07   2.76993268e-11
    34       3   0.00000000e+00   0.00000000e+00
    35       1   1.17074089e-02   5.29160295e-02
    35       2   3.74061559e-07   2.68332133e-11
    35       3   0.00000000e+00   0.00000000e+00
    36       1   1.21182777e-02   5.12650896e-02
    36       2   3.86704968e-07   2.59990124e-11
    36       3   1.36928864e-16   0.00000000e+00
    37       1   1.25364189e-02   4.96960211e-02
    37       2   3.99520389e-07   2.52182896e-11
    37       3   0.00000000e+00   0.00000000e+00
    38       1   1.29622341e-02   4.82024108e-02
    38       2   4.12516879e-07   2.44641944e-11
    38       3   0.00000000e+00   0.00000000e+00
    39       1   1.33961493e-02   4.67784933e-02
    39       2   4.25704012e-07   2.37534526e-11
    39       3   0.00000000e+00   0.00000000e+00
    40       1   1.38386163e-02   4.54190707e-02
    40       2   4.39091925e-07   2.30641035e-11
    40       3   0.00000000e+00   0.00000000e+00
    41       1   1.42901155e-02   4.41194440e-02
    41       2   4.52691360e-07   2.24192920e-11
    41       3   0.00000000e+00   0.00000000e+00
    42       1   1.47511583e-02   4.28753554e-02
    42       2   4.66513727e-07   2.17948463e-11
    42       3   0.00000000e+00   0.00000000e+00
    43       1   1.52222897e-02   4.16829364e-02
    43       2   4.80571149e-07   2.11886256e-11
    43       3   0.00000000e+00   0.00000000e+00
    44       1   1.57040913e-02   4.05386649e-02
    44       2   4.94876540e-07   2.06082260e-11
    44       3   0.00000000e+00   0.00000000e+00
    45       1   1.61971850e-02   3.94393270e-02
    45       2   5.09443666e-07   2.00591965e-11
    45       3   0.00000000e+00   0.00000000e+00
    46       1   1.67022365e-02   3.83819835e-02
    46       2   5.24287229e-07   1.95236714e-11
    46       3   0.00000000e+00   0.00000000e+00
    47       1   1.72199595e-02   3.73639412e-02
    47       2   5.39422957e-07   1.90141041e-11
    47       3   1.60946483e-16   0.00000000e+00
    48       1   1.77511202e-02   3.63827278e-02
    48       2   5.54867698e-07   1.85115429e-11
    48       3   0.00000000e+00   0.00000000e+00
    49       1   1.82965431e-02   3.54360690e-02
    49       2   5.70639530e-07   1.80353227e-11
    49       3   1.66800313e-16   0.00000000e+00
    50       1   1.88571160e-02   3.45218693e-02
    50       2   5.86757888e-07   1.75739518e-11
    50       3   1.69945586e-16   0.00000000e+00
    51       1   1.94337970e-02   3.36381944e-02
    51       2   6.03243696e-07   1.71247370e-11
    51       3   0.00000000e+00   0.00000000e+00
    52       1   2.00276220e-02   3.27832561e-02
    52       2   6.20119529e-07   1.67004286e-11
    52       3   0.00000000e+00   0.00000000e+00
    53       1   2.06397123e-02   3.19553980e-02
    53       2   6.37409777e-07   1.62777580e-11
    53       3   1.80365098e-16   0.00000000e+00
    54       1   2.12712848e-02   3.11530843e-02
    54       2   6.55140854e-07   1.58819724e-11
    54       3   0.00000000e+00   0.00000000e+00
    55       1   2.19236619e-02   3.03748879e-02
    55       2   6.73341410e-07   1.54924989e-11
    55       3   1.88239821e-16   0.00000000e+00
    56       1   2.25982838e-02   2.96194817e-02
    56       2   6.92042594e-07   1.51129768e-11
    56       3   0.00000000e+00   0.00000000e+00
    57       1   2.32967225e-02   2.88856290e-02
    57       2   7.11278335e-07   1.47428136e-11
    57       3   0.00000000e+00   0.00000000e+00
    58       1   2.40206967e-02   2.81721763e-02
    58       2   7.31085676e-07   1.43723491e-11
    58       3   0.00000000e+00   0.00000000e+00
    59       1   2.47720907e-02   2.74780460e-02
    59       2   7.51505152e-07   1.40268108e-11
    59       3   0.00000000e+00   0.00000000e+00
    60       1   2.55529743e-02   2.68022305e-02
    60       2   7.72581222e-07   1.36815422e-11
    60       3   0.00000000e+00   0.00000000e+00
    61       1   2.63656270e-02   2.61437856e-02
    61       2   7.94362772e-07   1.33419589e-11
    61       3   0.00000000e+00   0.00000000e+00
    62       1   2.72125654e-02   2.55018264e-02
    62       2   8.16903695e-07   1.30229429e-11
    62       3   1.11748681e-16   0.00000000e+00
    63       1   2.80965754e-02   2.48755219e-02
    63       2   8.40263564e-07   1.27027667e-11
    63       3   1.14888339e-16   0.00000000e+00
    64       1   2.90207494e-02   2.42640909e-02
    64       2   8.64508417e-07   1.23882679e-11
    64       3   0.00000000e+00   0.00000000e+00
    65       1   2.99885302e-02   2.36667984e-02
    65       2   8.89711681e-07   1.20846844e-11
    65       3   1.21767590e-16   0.00000000e+00
    66       1   3.10037627e-02   2.30829517e-02
    66       2   9.15955249e-07   1.18010482e-11
    66       3   0.00000000e+00   0.00000000e+00
    67       1   3.20707542e-02   2.25118976e-02
    67       2   9.43330768e-07   1.15080284e-11
    67       3   1.29568856e-16   0.00000000e+00
    68       1   3.31943473e-02   2.19530191e-02
    68       2   9.71941150e-07   1.12156950e-11
    68       3   0.00000000e+00   0.00000000e+00
    69       1   3.43800059e-02   2.14057329e-02
    69       2   1.00190239e-06   1.09476056e-11
    69       3   1.38471981e-16   0.00000000e+00
    70       1   3.56339185e-02   2.08694871e-02
    70       2   1.03334572e-06   1.06825286e-11
    70       3   0.00000000e+00   0.00000000e+00
    71       1   3.69631236e-02   2.03437586e-02
    71       2   1.06642029e-06   1.04038794e-11
    71       3   1.48706713e-16   0.00000000e+00
    72       1   3.83756609e-02   1.98280513e-02
    72       2   1.10129629e-06   1.01428616e-11
    72       3   1.54413261e-16   0.00000000e+00
    73       1   3.98807571e-02   1.93218941e-02
    73       2   1.13816886e-06   9.89186329e-12
    73       3   0.00000000e+00   0.00000000e+00
    74       1   4.14890537e-02   1.88248393e-02
    74       2   1.17726293e-06   9.63326883e-12
    74       3   0.00000000e+00   0.00000000e+00
    75       1   4.32128901e-02   1.83364607e-02
    75       2   1.21883908e-06   9.38784543e-12
    75       3   0.00000000e+00   0.00000000e+00
    76       1   4.50666574e-02   1.78563523e-02
    76       2   1.26320107e-06   9.13948650e-12
    76       3   1.82321422e-16   0.00000000e+00
    77       1   4.70672440e-02   1.73841270e-02
    77       2   1.31070509e-06   8.90754394e-12
    77       3   0.00000000e+00   0.00000000e+00
    78       1   4.92346031e-02   1.69194149e-02
    78       2   1.36177177e-06   8.67105463e-12
    78       3   0.00000000e+00   0.00000000e+00
    79       1   5.15924824e-02   1.64618628e-02
    79       2   1.41690146e-06   8.43082688e-12
    79       3   2.10635018e-16   0.00000000e+00
    80       1   5.41693729e-02   1.60111326e-02
    80       2   1.47669416e-06   8.21341961e-12
    80       3   1.11022329e-16   0.00000000e+00
    81       1   5.69997562e-02   1.55669001e-02
    81       2   1.54187573e-06   7.97588033e-12
    81       3   1.17350393e-16   0.00000000e+00
    82       1   6.01257689e-02   1.51288548e-02
    82       2   1.61333280e-06   7.75951537e-12
    82       3   1.24405975e-16   0.00000000e+00
    83       1   6.35994539e-02   1.46966982e-02
    83       2   1.69216010e-06   7.54017959e-12
    83       3   1.32317903e-16   0.00000000e+00
    84       1   6.74858558e-02   1.42701435e-02
    84       2   1.77972541e-06   7.31419897e-12
    84       3   0.00000000e+00   0.00000000e+00
    85       1   7.18673542e-02   1.38489146e-02
    85       2   1.87776061e-06   7.11220860e-12
    85       3   0.00000000e+00   0.00000000e+00
    86       1   7.68498551e-02   1.34327452e-02
    86       2   1.98849162e-06   6.89731372e-12
    86       3   1.63032612e-16   0.00000000e+00
    87       1   8.25718387e-02   1.30213785e-02
    87       2   2.11482844e-06   6.69059491e-12
    87       3   1.76494141e-16   0.00000000e+00
    88       1   8.92179317e-02   1.26145664e-02
    88       2   2.26065013e-06   6.46718160e-12
    88       3   1.92240149e-16   0.00000000e+00
    89       1   9.70398828e-02   1.22120688e-02
    89       2   2.43124525e-06   6.28118799e-12
    89       3   2.10894597e-16   0.00000000e+00
    90       1   1.06390123e-01   1.18136531e-02
    90       2   2.63401654e-06   6.07803984e-12
    90       3   3.49996627e-16   0.00000000e+00
    91       1   1.17777700e-01   1.14190934e-02
    91       2   2.87965549e-06   5.88099108e-12
    91       3   3.91217298e-16   0.00000000e+00
    92       1   1.31966162e-01   1.10281706e-02
    92       2   3.18419762e-06   5.67196219e-12
    92       3   4.42843334e-16   0.00000000e+00
    93       1   1.50155347e-01   1.06406712e-02
    93       2   3.57283970e-06   5.47499745e-12
    93       3   1.69778936e-16   0.00000000e+00
    94       1   1.74344954e-01   1.02563874e-02
    94       2   4.08757392e-06   5.28744471e-12
    94       3   1.99378222e-16   0.00000000e+00
    95       1   2.08134411e-01   9.87511610e-03
    95       2   4.80398332e-06   5.09134787e-12
    95       3   2.40874533e-16   0.00000000e+00
    96       1   2.58722547e-01   9.49665906e-03
    96       2   5.87323026e-06   4.90275583e-12
    96       3   4.54788638e-16   0.00000000e+00
    97       1   3.42906662e-01   9.12082204e-03
    97       2   7.64802215e-06   4.70490659e-12
    97       3   4.07156014e-16   0.00000000e+00
    98       1   5.11079073e-01   8.74741460e-03
    98       2   1.11864765e-05   4.52728117e-12
    98       3   9.22857075e-16   0.00000000e+00
    99       1   1.01520761e+00   8.37624964e-03
    99       2   2.17792094e-05   4.32142798e-12
    99       3   1.70473242e-15   0.00000000e+00
   100       1   3.13470168e+04   8.00714310e-03
   100       2   1.92592884e+00   4.13829486e-12
   100       3   1.45691268e-10   0.00000000e+00
   100       4   0.00000000e+00   0.00000000e+00
   101       1   9.99988925e-01   7.63991350e-03
   101       2   2.05210890e-05   3.95118048e-12
   101       3   1.41683298e-15   0.00000000e+00
   102       1   4.95903172e-01   7.27438166e-03
   102       2   9.92822650e-06   3.76714301e-12
   102       3   6.34869425e-16   0.00000000e+00
   103       1   3.27730059e-01   6.91037031e-03
   103       2   6.38903887e-06   3.58059082e-12
   103       3   4.26806357e-16   0.00000000e+00
   104       1   2.43535495e-01   6.54770377e-03
   104       2   4.61315118e-06   3.39737216e-12
   104       3   1.61432675e-16   0.00000000e+00
   105       1   1.92931303e-01   6.18620757e-03
   105       2   3.54247438e-06   3.21408158e-12
   105       3   2.60575440e-16   0.00000000e+00
   106       1   1.59121188e-01   5.82570816e-03
   106       2   2.82430664e-06   3.03071187e-12
   106       3   0.00000000e+00   0.00000000e+00
   107       1   1.34906646e-01   5.46603254e-03
   107       2   2.30748592e-06   2.85459905e-12
   107       3   1.89553625e-16   0.00000000e+00
   108       1   1.16688363e-01   5.10700792e-03
   108       2   1.91642764e-06   2.66040275e-12
   108       3   0.00000000e+00   0.00000000e+00
   109       1   1.02466674e-01   4.74846139e-03
   109       2   1.60913704e-06   2.47390470e-12
   109       3   0.00000000e+00   0.00000000e+00
   110       1   9.10417370e-02   4.39021959e-03
   110       2   1.36041419e-06   2.29703735e-12
   110       3   1.36597481e-16   0.00000000e+00
   111       1   8.16499753e-02   4.03210833e-03
   111       2   1.15421978e-06   2.12214398e-12
   111       3   1.25444445e-16   0.00000000e+00
   112       1   7.37823015e-02   3.67395226e-03
   112       2   9.79858066e-07   1.92805475e-12
   112       3   1.16188979e-16   0.00000000e+00
   113       1   6.70862337e-02   3.31557450e-03
   113       2   8.29921516e-07   1.75309273e-12
   113       3   0.00000000e+00   0.00000000e+00
   114       1   6.13099638e-02   2.95679626e-03
   114       2   6.99116291e-07   1.56569866e-12
   114       3   2.03497607e-16   0.00000000e+00
   115       1   5.62687977e-02   2.59743648e-03
   115       2   5.83557536e-07   1.38847260e-12
   115       3   1.92047153e-16   0.00000000e+00
   116       1   5.18241807e-02   2.23731140e-03
   116       2   4.80328928e-07   1.20055396e-12
   116       3   0.00000000e+00   0.00000000e+00
   117       1   4.78701248e-02   1.87623417e-03
   117       2   3.87197664e-07   1.02252353e-12
   117       3   0.00000000e+00   0.00000000e+00
   118       1   4.43241610e-02   1.51401442e-03
   118       2   3.02424440e-07   8.35488096e-13
   118       3   0.00000000e+00   0.00000000e+00
   119       1   4.11211481e-02   1.15045780e-03
   119       2   2.24633434e-07   6.51563485e-13
   119       3   1.58879511e-16   0.00000000e+00
   120       1   3.82089387e-02   7.85365530e-04
   120       2   1.52721276e-07   4.60007323e-13
   120       3   0.00000000e+00   0.00000000e+00
   121       1   3.55452834e-02   4.18533877e-04
   121       2   8.57920181e-08   2.79956247e-13
   121       3   0.00000000e+00   0.00000000e+00
   122       1   3.30955796e-02   4.97536542e-05
   122       2   2.31098278e-08   8.52374601e-14
   122       3   0.00000000e+00   0.00000000e+00
   123       1   3.08312068e-02   3.21190340e-04
   123       2   3.59359908e-08   1.00124868e-13
   123       3   0.00000000e+00   0.00000000e+00
   124       1   2.87282782e-02   6.94519910e-04
   124       2   9.18572422e-08   2.97262658e-13
   124       3   0.00000000e+00   0.00000000e+00
   125       1   2.67666916e-02   1.07046408e-03
   125       2   1.45086802e-07   4.83586974e-13
   125       3   0.00000000e+00   0.00000000e+00
   126       1   2.49293996e-02   1.44925978e-03
   126       2   1.95993984e-07   6.76352950e-13
   126       3   0.00000000e+00   0.00000000e+00
   127       1   2.32018412e-02   1.83115253e-03
   127       2   2.44896510e-07   8.71603304e-13
   127       3   0.00000000e+00   0.00000000e+00
   128       1   2.15714952e-02   2.21639722e-03
   128       2   2.92069931e-07   1.06870359e-12
   128       3   0.00000000e+00   0.00000000e+00
   129       1   2.00275263e-02   2.60525893e-03
   129       2   3.37755110e-07   1.27007880e-12
   129       3   1.19221490e-16   0.00000000e+00
   130       1   1.85605007e-02   2.99801381e-03
   130       2   3.82164235e-07   1.46766574e-12
   130       3   0.00000000e+00   0.00000000e+00
   131       1   1.71621577e-02   3.39495005e-03
   131       2   4.25485683e-07   1.67148452e-12
   131       3   0.00000000e+00   0.00000000e+00
   132       1   1.58252229e-02   3.79636886e-03
   132       2   4.67887988e-07   1.87079748e-12
   132       3   0.00000000e+00   0.00000000e+00
   133       1   1.45432557e-02   4.20258564e-03
   133       2   5.09523121e-07   2.06696906e-12
   133       3   0.00000000e+00   0.00000000e+00
   134       1   1.33105234e-02   4.61393118e-03
   134       2   5.50529200e-07   2.27875142e-12
   134       3   0.00000000e+00   0.00000000e+00
   135       1   1.21218961e-02   5.03075292e-03
   135       2   5.91032774e-07   2.50362642e-12
   135       3   0.00000000e+00   0.00000000e+00
   136       1   1.09727590e-02   5.45341647e-03
   136       2   6.31150745e-07   2.71429859e-12
   136       3   0.00000000e+00   0.00000000e+00
   137       1   9.85893930e-03   5.88230711e-03
   137       2   6.70992011e-07   2.93312170e-12
   137       3   0.00000000e+00   0.00000000e+00
   138       1   8.77664282e-03   6.31783151e-03
   138       2   7.10658883e-07   3.17037236e-12
   138       3   0.00000000e+00   0.00000000e+00
   139       1   7.72240124e-03   6.76041961e-03
   139       2   7.50248314e-07   3.38463187e-12
   139       3   2.09426273e-16   0.00000000e+00
   140       1   6.69302614e-03   7.21052668e-03
   140       2   7.89852985e-07   3.61033852e-12
   140       3   0.00000000e+00   0.00000000e+00
   141       1   5.68556939e-03   7.66863558e-03
   141       2   8.29562274e-07   3.84723343e-12
   141       3   0.00000000e+00   0.00000000e+00
   142       1   4.69728873e-03   8.13525920e-03
   142       2   8.69463126e-07   4.08083679e-12
   142       3   2.05869731e-16   0.00000000e+00
   143       1   3.72561746e-03   8.61094326e-03
   143       2   9.09640863e-07   4.32822987e-12
   143       3   0.00000000e+00   0.00000000e+00
   144       1   2.76813762e-03   9.09626932e-03
   144       2   9.50179920e-07   4.58258077e-12
   144       3   0.00000000e+00   0.00000000e+00
   145       1   1.82255611e-03   9.59185813e-03
   145       2   9.91164560e-07   4.83103823e-12
   145       3   0.00000000e+00   0.00000000e+00
   146       1   8.86682959e-04   1.00983733e-02
   146       2   1.03267955e-06   5.07161301e-12
   146       3   0.00000000e+00   0.00000000e+00
   147       1   4.15883967e-05   1.06165257e-02
   147       2   1.07481083e-06   5.35046392e-12
   147       3   2.03988655e-16   0.00000000e+00
   148       1   9.64299409e-04   1.11470777e-02
   148       2   1.11764619e-06   5.62434622e-12
   148       3   0.00000000e+00   0.00000000e+00
   149       1   1.88344358e-03   1.16908485e-02
   149       2   1.16127592e-06   5.89777850e-12
   149       3   2.04569466e-16   0.00000000e+00
   150       1   2.80098277e-03   1.22487200e-02
   150       2   1.20579351e-06   6.19026823e-12
   150       3   0.00000000e+00   0.00000000e+00
   151       1   3.71886304e-03   1.28216433e-02
   151       2   1.25129641e-06   6.47876900e-12
   151       3   2.05904853e-16   0.00000000e+00
   152       1   4.63903010e-03   1.34106455e-02
   152       2   1.29788676e-06   6.77410076e-12
   152       3   2.06859783e-16   0.00000000e+00
   153       1   5.56344487e-03   1.40168388e-02
   153       2   1.34567223e-06   7.08219007e-12
   153       3   0.00000000e+00   0.00000000e+00
   154       1   6.49409925e-03   1.46414288e-02
   154       2   1.39476692e-06   7.39729631e-12
   154       3   2.09360904e-16   0.00000000e+00
   155       1   7.43303240e-03   1.52857256e-02
   155       2   1.44529237e-06   7.74596806e-12
   155       3   2.10916786e-16   0.00000000e+00
   156       1   8.38234784e-03   1.59511558e-02
   156       2   1.49737858e-06   8.06649010e-12
   156       3   2.12684445e-16   0.00000000e+00
   157       1   9.34423168e-03   1.66392756e-02
   157       2   1.55116531e-06   8.43031173e-12
   157       3   0.00000000e+00   0.00000000e+00
   158       1   1.03209723e-02   1.73517869e-02
   158       2   1.60680337e-06   8.78949975e-12
   158       3   2.16886755e-16   0.00000000e+00
   159       1   1.13149819e-02   1.80905546e-02
   159       2   1.66445621e-06   9.16390084e-12
   159       3   0.00000000e+00   0.00000000e+00
   160       1   1.23288203e-02   1.88576275e-02
   160       2   1.72430166e-06   9.55020818e-12
   160       3   2.22044286e-16   0.00000000e+00
   161       1   1.33652217e-02   1.96552616e-02
   161       2   1.78653392e-06   9.96351202e-12
   161       3   2.25011555e-16   0.00000000e+00
   162       1   1.44271245e-02   2.04859477e-02
   162       2   1.85136589e-06   1.03953576e-11
   162       3   1.14128701e-16   0.00000000e+00
   163       1   1.55177058e-02   2.13524432e-02
   163       2   1.91903181e-06   1.08326127e-11
   163       3   1.15899494e-16   0.00000000e+00
   164       1   1.66404209e-02   2.22578088e-02
   164       2   1.98979038e-06   1.12905670e-11
   164       3   2.35655752e-16   0.00000000e+00
   165       1   1.77990481e-02   2.32054523e-02
   165       2   2.06392837e-06   1.17781990e-11
   165       3   1.19924852e-16   0.00000000e+00
   166       1   1.89977424e-02   2.41991796e-02
   166       2   2.14176484e-06   1.22914846e-11
   166       3   1.22202892e-16   0.00000000e+00
   167       1   2.02410971e-02   2.52432552e-02
   167       2   2.22365614e-06   1.28180521e-11
   167       3   1.24676136e-16   0.00000000e+00
   168       1   2.15342172e-02   2.63424736e-02
   168       2   2.31000188e-06   1.33800788e-11
   168       3   2.54721289e-16   0.00000000e+00
   169       1   2.28828066e-02   2.75022450e-02
   169       2   2.40125195e-06   1.39748097e-11
   169       3   1.30274701e-16   0.00000000e+00
   170       1   2.42932714e-02   2.87286981e-02
   170       2   2.49791502e-06   1.46027602e-11
   170       3   1.33439166e-16   0.00000000e+00
   171       1   2.57728460e-02   3.00288040e-02
   171       2   2.60056873e-06   1.52602892e-11
   171       3   1.36877917e-16   0.00000000e+00
   172       1   2.73297437e-02   3.14105266e-02
   172       2   2.70987211e-06   1.59691351e-11
   172       3   1.40618374e-16   0.00000000e+00
   173       1   2.89733423e-02   3.28830065e-02
   173       2   2.82658072e-06   1.67193029e-11
   173       3   2.89384299e-16   0.00000000e+00
   174       1   3.07144112e-02   3.44567874e-02
   174       2   2.95156528e-06   1.75182137e-11
   174       3   2.98271687e-16   0.00000000e+00
   175       1   3.25653928e-02   3.61440969e-02
   175       2   3.08583477e-06   1.83816730e-11
   175       3   1.53992036e-16   0.00000000e+00
   176       1   3.45407541e-02   3.79591971e-02
   176       2   3.23056531e-06   1.93147628e-11
   176       3   1.59310522e-16   0.00000000e+00
   177       1   3.66574303e-02   3.99188270e-02
   177       2   3.38713654e-06   2.03076873e-11
   177       3   3.30299754e-16   0.00000000e+00
   178       1   3.89353878e-02   4.20427659e-02
   178       2   3.55717794e-06   2.13962032e-11
   178       3   1.71579441e-16   0.00000000e+00
   179       1   4.13983495e-02   4.43545568e-02
   179       2   3.74262839e-06   2.25769807e-11
   179       3   1.78681878e-16   0.00000000e+00
   180       1   4.40747355e-02   4.68824475e-02
   180       2   3.94581355e-06   2.38682472e-11
   180       3   1.86556499e-16   0.00000000e+00
   181       1   4.69989030e-02   4.96606289e-02
   181       2   4.16954769e-06   2.52797865e-11
   181       3   1.95323635e-16   0.00000000e+00
   182       1   5.02127967e-02   5.27308861e-02
   182       2   4.41726954e-06   2.68537820e-11
   182       3   6.15391425e-16   0.00000000e+00
   183       1   5.37681837e-02   5.61448314e-02
   183       2   4.69322587e-06   2.85837188e-11
   183       3   4.32317907e-16   0.00000000e+00
   184       1   5.77297249e-02   5.99669761e-02
   184       2   5.00272420e-06   3.05423601e-11
   184       3   3.42954910e-16   0.00000000e+00
   185       1   6.21792755e-02   6.42790297e-02
   185       2   5.35248632e-06   3.27476774e-11
   185       3   3.64277648e-16   0.00000000e+00
   186       1   6.72220276e-02   6.91860422e-02
   186       2   5.75115349e-06   3.52572155e-11
   186       3   5.18350525e-16   0.00000000e+00
   187       1   7.29954885e-02   7.48253816e-02
   187       2   6.21002470e-06   3.81410799e-11
   187       3   4.17138241e-16   0.00000000e+00
   188       1   7.96829476e-02   8.13801994e-02
   188       2   6.74416414e-06   4.14839548e-11
   188       3   6.00498678e-16   0.00000000e+00
   189       1   8.75342884e-02   8.91002414e-02
   189       2   7.37411269e-06   4.54269723e-11
   189       3   4.89793565e-16   0.00000000e+00
   190       1   9.68992879e-02   9.83351446e-02
   190       2   8.12862625e-06   5.01302122e-11
   190       3   7.16333127e-16   0.00000000e+00
   191       1   1.08283116e-01   1.09589933e-01
   191       2   9.04923973e-06   5.58808983e-11
   191       3   5.95419544e-16   0.00000000e+00
   192       1   1.22443456e-01   1.23622132e-01
   192       2   1.01982539e-05   6.30366447e-11
   192       3   5.56931629e-16   0.00000000e+00
   193       1   1.40570879e-01   1.41622128e-01
   193       2   1.16735681e-05   7.22478691e-11
   193       3   8.89297616e-16   0.00000000e+00
   194       1   1.64649587e-01   1.65573885e-01
   194       2   1.36383455e-05   8.44675472e-11
   194       3   1.03570598e-15   0.00000000e+00
   195       1   1.98251049e-01   1.99048512e-01
   195       2   1.63862769e-05   1.01558954e-10
   195       3   1.24101544e-15   0.00000000e+00
   196       1   2.48518113e-01   2.49188180e-01
   196       2   2.05047379e-05   1.27159235e-10
   196       3   1.54939848e-15   0.00000000e+00
   197       1   3.32117391e-01   3.32657825e-01
   197       2   2.73642581e-05   1.69778891e-10
   197       3   2.06392418e-15   0.00000000e+00
   198       1   4.99049186e-01   4.99451649e-01
   198       2   4.10763665e-05   2.54946625e-10
   198       3   2.87281129e-15   0.00000000e+00
   199       1   9.99323083e-01   9.99533688e-01
   199       2   8.21980517e-05   5.10288796e-10
   199       3   6.18499087e-15   0.00000000e+00
   200       1   2.33219354e+04   2.89487060e+04
   200       2   2.08935945e+00   1.47815006e-05
   200       3   1.51517210e-10   1.95145036e-16
   200       4   0.00000000e+00   0.00000000e+00
   201       1   1.00003936e+00   1.00003454e+00
   201       2   8.22577942e-05   5.10695148e-10
   201       3   5.96456772e-15   0.00000000e+00
   202       1   4.99829867e-01   4.99900674e-01
   202       2   4.11312611e-05   2.55326604e-10
   202       3   3.09391843e-15   0.00000000e+00
   203       1   3.32910134e-01   3.33097218e-01
   203       2   2.74182654e-05   1.70149980e-10
   203       3   1.91655120e-15   0.00000000e+00
   204       1   2.49315237e-01   2.49624162e-01
   204       2   2.05584470e-05   1.27532700e-10
   204       3   1.54942885e-15   0.00000000e+00
   205       1   1.99050378e-01   1.99482871e-01
   205       2   1.64398616e-05   1.01925184e-10
   205       3   1.24103486e-15   0.00000000e+00
   206       1   1.65450301e-01   1.66007316e-01
   206       2   1.36918770e-05   8.48378870e-11
   206       3   1.03571945e-15   0.00000000e+00
   207       1   1.41372625e-01   1.42054951e-01
   207       2   1.17270827e-05   7.26060091e-11
   207       3   8.89307500e-16   0.00000000e+00
   208       1   1.23246073e-01   1.24054509e-01
   208       2   1.02517731e-05   6.34128489e-11
   208       3   6.68324431e-16   0.00000000e+00
   209       1   1.09086540e-01   1.10021953e-01
   209       2   9.10277825e-06   5.62492272e-11
   209       3   7.93899535e-16   0.00000000e+00
   210       1   9.77035025e-02   9.87668576e-02
   210       2   8.18219503e-06   5.05043018e-11
   210       3   7.16338631e-16   0.00000000e+00
   211       1   8.83393059e-02   8.95316732e-02
   211       2   7.42772066e-06   4.57900624e-11
   211       3   4.89796968e-16   0.00000000e+00
   212       1   8.04887980e-02   8.18113631e-02
   212       2   6.79781905e-06   4.18475196e-11
   212       3   6.00502481e-16   0.00000000e+00
   213       1   7.38022132e-02   7.52562817e-02
   213       2   6.26373357e-06   3.85007931e-11
   213       3   4.17140664e-16   0.00000000e+00
   214       1   6.80296759e-02   6.96166774e-02
   214       2   5.80492290e-06   3.56155534e-11
   214       3   5.18353302e-16   0.00000000e+00
   215       1   6.29879026e-02   6.47093949e-02
   215       2   5.40632258e-06   3.31131058e-11
   215       3   3.64279456e-16   0.00000000e+00
   216       1   5.85393905e-02   6.03970636e-02
   216       2   5.05663347e-06   3.09129312e-11
   216       3   3.42956493e-16   0.00000000e+00
   217       1   5.45789509e-02   5.65746312e-02
   217       2   4.74721423e-06   2.89608042e-11
   217       3   4.32319768e-16   0.00000000e+00
   218       1   5.10247319e-02   5.31603869e-02
   218       2   4.47134305e-06   2.72202602e-11
   218       3   4.10262603e-16   0.00000000e+00
   219       1   4.78120754e-02   5.00898183e-02
   219       2   4.22371245e-06   2.56456562e-11
   219       3   1.95324373e-16   0.00000000e+00
   220       1   4.48892171e-02   4.73113120e-02
   220       2   4.00007568e-06   2.42295332e-11
   220       3   3.73114322e-16   0.00000000e+00
   221       1   4.22142144e-02   4.47830822e-02
   221       2   3.79699412e-06   2.29387608e-11
   221       3   3.57364951e-16   0.00000000e+00
   222       1   3.97527129e-02   4.24709375e-02
   222       2   3.61165360e-06   2.17562551e-11
   222       3   1.71579982e-16   0.00000000e+00
   223       1   3.74762949e-02   4.03466294e-02
   223       2   3.44172858e-06   2.06813057e-11
   223       3   1.65150368e-16   0.00000000e+00
   224       1   3.53612400e-02   3.83866144e-02
   224       2   3.28528032e-06   1.96689701e-11
   224       3   3.18621940e-16   0.00000000e+00
   225       1   3.33875845e-02   3.65711130e-02
   225       2   3.14067950e-06   1.87442212e-11
   225       3   3.07984890e-16   0.00000000e+00
   226       1   3.15383960e-02   3.48833856e-02
   226       2   3.00654666e-06   1.78862404e-11
   226       3   4.47408657e-16   0.00000000e+00
   227       1   2.97992103e-02   3.33091698e-02
   227       2   2.88170586e-06   1.70789321e-11
   227       3   1.44692494e-16   0.00000000e+00
   228       1   2.81575879e-02   3.18362377e-02
   228       2   2.76514834e-06   1.63273325e-11
   228       3   2.81237383e-16   0.00000000e+00
   229       1   2.66027627e-02   3.04540451e-02
   229       2   2.65600359e-06   1.56251914e-11
   229       3   1.36878209e-16   0.00000000e+00
   230       1   2.51253603e-02   2.91534512e-02
   230       2   2.55351631e-06   1.49599148e-11
   230       3   1.33439436e-16   0.00000000e+00
   231       1   2.37171708e-02   2.79264917e-02
   231       2   2.45702773e-06   1.43307895e-11
   231       3   2.60549900e-16   0.00000000e+00
   232       1   2.23709638e-02   2.67661953e-02
   232       2   2.36596048e-06   1.37353323e-11
   232       3   1.27360875e-16   0.00000000e+00
   233       1   2.10803371e-02   2.56664328e-02
   233       2   2.27980618e-06   1.31792547e-11
   233       3   1.24676349e-16   0.00000000e+00
   234       1   1.98395910e-02   2.46217938e-02
   234       2   2.19811529e-06   1.26373481e-11
   234       3   2.44406180e-16   0.00000000e+00
   235       1   1.86436253e-02   2.36274832e-02
   235       2   2.12048853e-06   1.21411679e-11
   235       3   1.19925036e-16   0.00000000e+00
   236       1   1.74878514e-02   2.26792365e-02
   236       2   2.04656991e-06   1.16511287e-11
   236       3   1.17828046e-16   0.00000000e+00
   237       1   1.63681196e-02   2.17732472e-02
   237       2   1.97604077e-06   1.11927101e-11
   237       3   1.15899651e-16   0.00000000e+00
   238       1   1.52806570e-02   2.09061073e-02
   238       2   1.90861477e-06   1.07475126e-11
   238       3   1.14128846e-16   0.00000000e+00
   239       1   1.42220143e-02   2.00747554e-02
   239       2   1.84403367e-06   1.03227721e-11
   239       3   1.12505911e-16   0.00000000e+00
   240       1   1.31890209e-02   1.92764340e-02
   240       2   1.78206370e-06   9.91108210e-12
   240       3   0.00000000e+00   0.00000000e+00
   241       1   1.21787449e-02   1.85086519e-02
   241       2   1.72249248e-06   9.51867949e-12
   241       3   2.19340687e-16   0.00000000e+00
   242       1   1.11884597e-02   1.77691525e-02
   242       2   1.66512638e-06   9.14831259e-12
   242       3   2.16886964e-16   0.00000000e+00
   243       1   1.02156131e-02   1.70558867e-02
   243       2   1.60978816e-06   8.78319223e-12
   243       3   4.29343352e-16   0.00000000e+00
   244       1   9.25780139e-03   1.63669890e-02
   244       2   1.55631504e-06   8.42266513e-12
   244       3   0.00000000e+00   0.00000000e+00
   245       1   8.31274520e-03   1.57007573e-02
   245       2   1.50455687e-06   8.08616426e-12
   245       3   0.00000000e+00   0.00000000e+00
   246       1   7.37826815e-03   1.50556345e-02
   246       2   1.45437466e-06   7.76449480e-12
   246       3   0.00000000e+00   0.00000000e+00
   247       1   6.45227719e-03   1.44301940e-02
   247       2   1.40563920e-06   7.44090550e-12
   247       3   2.08010483e-16   0.00000000e+00
   248       1   5.53274448e-03   1.38231249e-02
   248       2   1.35822984e-06   7.12960145e-12
   248       3   0.00000000e+00   0.00000000e+00
   249       1   4.61769033e-03   1.32332209e-02
   249       2   1.31203341e-06   6.82715507e-12
   249       3   0.00000000e+00   0.00000000e+00
   250       1   3.70516704e-03   1.26593696e-02
   250       2   1.26694326e-06   6.53305390e-12
   250       3   0.00000000e+00   0.00000000e+00
   251       1   2.79324319e-03   1.21005431e-02
   251       2   1.22285834e-06   6.25505158e-12
   251       3   0.00000000e+00   0.00000000e+00
   252       1   1.87998826e-03   1.15557898e-02
   252       2   1.17968242e-06   5.97500112e-12
   252       3   0.00000000e+00   0.00000000e+00
   253       1   9.63457255e-04   1.10242272e-02
   253       2   1.13732329e-06   5.70463815e-12
   253       3   0.00000000e+00   0.00000000e+00
   254       1   4.16750194e-05   1.05050353e-02
   254       2   1.09569207e-06   5.43440834e-12
   254       3   2.03980419e-16   0.00000000e+00
   255       1   8.87379895e-04   9.99745111e-03
   255       2   1.05470252e-06   5.17380749e-12
   255       3   2.04161643e-16   0.00000000e+00
   256       1   1.82579221e-03   9.50076316e-03
   256       2   1.01427039e-06   4.91604186e-12
   256       3   0.00000000e+00   0.00000000e+00
   257       1   2.77572798e-03   9.01430706e-03
   257       2   9.74312749e-07   4.67209854e-12
   257       3   0.00000000e+00   0.00000000e+00
   258       1   3.73945415e-03   8.53746131e-03
   258       2   9.34747350e-07   4.43240885e-12
   258       3   2.05869703e-16   0.00000000e+00
   259       1   4.71935990e-03   8.06964358e-03
   259       2   8.95491974e-07   4.18820823e-12
   259       3   0.00000000e+00   0.00000000e+00
   260       1   5.71798025e-03   7.61030734e-03
   260       2   8.56463744e-07   3.96227177e-12
   260       3   0.00000000e+00   0.00000000e+00
   261       1   6.73802255e-03   7.15893886e-03
   261       2   8.17578404e-07   3.72517635e-12
   261       3   0.00000000e+00   0.00000000e+00
   262       1   7.78239628e-03   6.71505441e-03
   262       2   7.78749554e-07   3.48903624e-12
   262       3   0.00000000e+00   0.00000000e+00
   263       1   8.85424707e-03   6.27819781e-03
   263       2   7.39887814e-07   3.26714230e-12
   263       3   0.00000000e+00   0.00000000e+00
   264       1   9.95699565e-03   5.84793819e-03
   264       2   7.00899898e-07   3.05026707e-12
   264       3   0.00000000e+00   0.00000000e+00
   265       1   1.10943830e-02   5.42386789e-03
   265       2   6.61687589e-07   2.83344459e-12
   265       3   0.00000000e+00   0.00000000e+00
   266       1   1.22705228e-02   5.00560062e-03
   266       2   6.22146559e-07   2.62607392e-12
   266       3   0.00000000e+00   0.00000000e+00
   267       1   1.34899632e-02   4.59276972e-03
   267       2   5.82165037e-07   2.41018352e-12
   267       3   1.11534341e-16   0.00000000e+00
   268       1   1.47577591e-02   4.18502663e-03
   268       2   5.41622246e-07   2.20300806e-12
   268       3   1.13180399e-16   0.00000000e+00
   269       1   1.60795589e-02   3.78203944e-03
   269       2   5.00386583e-07   1.99188090e-12
   269       3   1.15000348e-16   0.00000000e+00
   270       1   1.74617072e-02   3.38349156e-03
   270       2   4.58313470e-07   1.79866903e-12
   270       3   0.00000000e+00   0.00000000e+00
   271       1   1.89113692e-02   2.98908052e-03
   271       2   4.15242780e-07   1.59703290e-12
   271       3   0.00000000e+00   0.00000000e+00
   272       1   2.04366811e-02   2.59851687e-03
   272       2   3.70995751e-07   1.39451739e-12
   272       3   0.00000000e+00   0.00000000e+00
   273       1   2.20469333e-02   2.21152312e-03
   273       2   3.25371235e-07   1.19162146e-12
   273       3   0.00000000e+00   0.00000000e+00
   274       1   2.37527959e-02   1.82783278e-03
   274       2   2.78141105e-07   9.97522967e-13
   274       3   0.00000000e+00   0.00000000e+00
   275       1   2.55665984e-02   1.44718952e-03
   275       2   2.29044593e-07   7.96054139e-13
   275       3   0.00000000e+00   0.00000000e+00
   276       1   2.75026781e-02   1.06934629e-03
   276       2   1.77781220e-07   6.03187662e-13
   276       3   0.00000000e+00   0.00000000e+00
   277       1   2.95778197e-02   6.94064605e-04
   277       2   1.24001919e-07   4.17379308e-13
   277       3   0.00000000e+00   0.00000000e+00
   278       1   3.18118149e-02   3.21113785e-04
   278       2   6.72977445e-08   2.30184400e-13
   278       3   0.00000000e+00   0.00000000e+00
   279       1   3.42281810e-02   4.97296830e-05
   279       2   7.18538002e-09   3.44716838e-14
   279       3   0.00000000e+00   0.00000000e+00
   280       1   3.68550948e-02   4.18682787e-04
   280       2   5.69116797e-08   1.52085217e-13
   280       3   0.00000000e+00   0.00000000e+00
   281       1   3.97266222e-02   7.85956578e-04
   281       2   1.25687877e-07   3.40222381e-13
   281       3   0.00000000e+00   0.00000000e+00
   282       1   4.28843561e-02   1.15175673e-03
   282       2   1.99988570e-07   5.22776346e-13
   282       3   0.00000000e+00   0.00000000e+00
   283       1   4.63796330e-02   1.51628405e-03
   283       2   2.80854630e-07   7.14115714e-13
   283       3   1.73377185e-16   0.00000000e+00
   284       1   5.02765806e-02   1.87973501e-03
   284       2   3.69583754e-07   9.02881383e-13
   284       3   1.82093930e-16   0.00000000e+00
   285       1   5.46563841e-02   2.24230220e-03
   285       2   4.67816281e-07   1.08300838e-12
   285       3   0.00000000e+00   0.00000000e+00
   286       1   5.96233805e-02   2.60417477e-03
   286       2   5.77657772e-07   1.26395770e-12
   286       3   2.03496776e-16   0.00000000e+00
   287       1   6.53139658e-02   2.96553889e-03
   287       2   7.01858149e-07   1.45074925e-12
   287       3   0.00000000e+00   0.00000000e+00
   288       1   7.19099553e-02   3.32657816e-03
   288       2   8.44080387e-07   1.64084098e-12
   288       3   1.16188405e-16   0.00000000e+00
   289       1   7.96592316e-02   3.68747401e-03
   289       2   1.00931576e-06   1.82636238e-12
   289       3   1.25443758e-16   0.00000000e+00
   290       1   8.89087801e-02   4.04840608e-03
   290       2   1.20454817e-06   2.01277105e-12
   290       3   0.00000000e+00   0.00000000e+00
   291       1   1.00159749e-01   4.40955260e-03
   291       2   1.43986146e-06   2.18571223e-12
   291       3   1.50277914e-16   0.00000000e+00
   292       1   1.14163805e-01   4.77109080e-03
   292       2   1.73037699e-06   2.37262536e-12
   292       3   1.67433923e-16   0.00000000e+00
   293       1   1.32102071e-01   5.13319722e-03
   293       2   2.09985217e-06   2.57194209e-12
   293       3   0.00000000e+00   0.00000000e+00
   294       1   1.55943014e-01   5.49604808e-03
   294       2   2.58787731e-06   2.75931707e-12
   294       3   0.00000000e+00   0.00000000e+00
   295       1   1.89229778e-01   5.85981965e-03
   295       2   3.26570860e-06   2.93624325e-12
   295       3   2.60572022e-16   0.00000000e+00
   296       1   2.39048506e-01   6.22468858e-03
   296       2   4.27585000e-06   3.12497649e-12
   296       3   3.22859994e-16   0.00000000e+00
   297       1   3.21933229e-01   6.59083228e-03
   297       2   5.95079690e-06   3.30870376e-12
   297       3   6.40195221e-16   0.00000000e+00
   298       1   4.87484878e-01   6.95842921e-03
   298       2   9.28799620e-06   3.50573796e-12
   298       3   6.34847911e-16   0.00000000e+00
   299       1   9.83695870e-01   7.32765930e-03
   299       2   1.92743391e-05   3.69378052e-12
   299       3   1.57415113e-15   0.00000000e+00
   300       1   1.65039960e+04   7.69870424e-03
   300       2   2.49188490e-01   3.88079716e-12
   300       3   1.85317476e-11   0.00000000e+00
   301       1   1.00007945e+00   8.07174790e-03
   301       2   2.06036763e-05   4.07862893e-12
   301       3   1.39487827e-15   0.00000000e+00
   302       1   5.03784819e-01   8.44697663e-03
   302       2   1.06154157e-05   4.26040430e-12
   302       3   7.69074576e-16   0.00000000e+00
   303       1   3.38226306e-01   8.82457967e-03
   303       2   7.27857060e-06   4.45000539e-12
   303       3   6.10748433e-16   0.00000000e+00
   304       1   2.55349384e-01   9.20474955e-03
   304       2   5.60458681e-06   4.65444582e-12
   304       3   4.54796746e-16   0.00000000e+00
   305       1   2.05545486e-01   9.58768243e-03
   305       2   4.59581385e-06   4.83950846e-12
   305       3   2.40877992e-16   0.00000000e+00
   306       1   1.72278715e-01   9.97357855e-03
   306       2   3.91970755e-06   5.04485790e-12
   306       3   3.98761245e-16   0.00000000e+00
   307       1   1.48462306e-01   1.03626426e-02
   307       2   3.43374879e-06   5.24362463e-12
   307       3   1.69780699e-16   0.00000000e+00
   308       1   1.30552876e-01   1.07550843e-02
   308       2   3.06667677e-06   5.44774599e-12
   308       3   1.47615793e-16   0.00000000e+00
   309       1   1.16581869e-01   1.11511185e-02
   309       2   2.77890076e-06   5.65512984e-12
   309       3   3.91220491e-16   0.00000000e+00
   310       1   1.05368132e-01   1.15509662e-02
   310       2   2.54666498e-06   5.84506932e-12
   310       3   2.33332806e-16   0.00000000e+00
   311       1   9.61600105e-02   1.19548544e-02
   311       2   2.35485095e-06   6.05891850e-12
   311       3   0.00000000e+00   0.00000000e+00
   312       1   8.84563850e-02   1.23630174e-02
   312       2   2.19337859e-06   6.26556935e-12
   312       3   1.92241340e-16   0.00000000e+00
   313       1   8.19103141e-02   1.27756965e-02
   313       2   2.05526842e-06   6.48425163e-12
   313       3   1.76495154e-16   0.00000000e+00
   314       1   7.62739707e-02   1.31931413e-02
   314       2   1.93553423e-06   6.69006729e-12
   314       3   1.63033484e-16   0.00000000e+00
   315       1   7.13656034e-02   1.36156097e-02
   315       2   1.83051870e-06   6.91173019e-12
   315       3   0.00000000e+00   0.00000000e+00
   316       1   6.70488890e-02   1.40433691e-02
   316       2   1.73747813e-06   7.13409481e-12
   316       3   2.82495807e-16   0.00000000e+00
   317       1   6.32195710e-02   1.44766968e-02
   317       2   1.65431375e-06   7.35746775e-12
   317       3   1.32318491e-16   0.00000000e+00
   318       1   5.97965522e-02   1.49158807e-02
   318       2   1.57939261e-06   7.57908424e-12
   318       3   1.24406498e-16   0.00000000e+00
   319       1   5.67158011e-02   1.53612203e-02
   319       2   1.51142501e-06   7.80792704e-12
   319       3   1.17350861e-16   0.00000000e+00
   320       1   5.39260850e-02   1.58130273e-02
   320       2   1.44937869e-06   8.04876815e-12
   320       3   1.11022749e-16   0.00000000e+00
   321       1   5.13859231e-02   1.62716266e-02
   321       2   1.39241757e-06   8.26975276e-12
   321       3   0.00000000e+00   0.00000000e+00
   322       1   4.90613701e-02   1.67373573e-02
   322       2   1.33985717e-06   8.52185422e-12
   322       3   2.00301967e-16   0.00000000e+00
   323       1   4.69243788e-02   1.72105735e-02
   323       2   1.29113167e-06   8.75911520e-12
   323       3   0.00000000e+00   0.00000000e+00
   324       1   4.49515706e-02   1.76916460e-02
   324       2   1.24576921e-06   8.99714132e-12
   324       3   1.82321998e-16   0.00000000e+00
   325       1   4.31233025e-02   1.81809626e-02
   325       2   1.20337306e-06   9.25675500e-12
   325       3   0.00000000e+00   0.00000000e+00
   326       1   4.14229487e-02   1.86789302e-02
   326       2   1.16360727e-06   9.51206836e-12
   326       3   0.00000000e+00   0.00000000e+00
   327       1   3.98363417e-02   1.91859756e-02
   327       2   1.12618534e-06   9.77484945e-12
   327       3   1.60571646e-16   0.00000000e+00
   328       1   3.83513337e-02   1.97025473e-02
   328       2   1.09086143e-06   1.00360219e-11
   328       3   0.00000000e+00   0.00000000e+00
   329       1   3.69574483e-02   2.02291172e-02
   329       2   1.05742338e-06   1.03138015e-11
   329       3   1.48707099e-16   0.00000000e+00
   330       1   3.56456021e-02   2.07661819e-02
   330       2   1.02568707e-06   1.05892680e-11
   330       3   0.00000000e+00   0.00000000e+00
   331       1   3.44078800e-02   2.13142652e-02
   331       2   9.95491906e-07   1.08685533e-11
   331       3   0.00000000e+00   0.00000000e+00
   332       1   3.32373525e-02   2.18739197e-02
   332       2   9.66697174e-07   1.11579350e-11
   332       3   0.00000000e+00   0.00000000e+00
   333       1   3.21279269e-02   2.24457292e-02
   333       2   9.39179012e-07   1.14488441e-11
   333       3   0.00000000e+00   0.00000000e+00
   334       1   3.10742239e-02   2.30303113e-02
   334       2   9.12827945e-07   1.17477897e-11
   334       3   0.00000000e+00   0.00000000e+00
   335       1   3.00714758e-02   2.36283198e-02
   335       2   8.87546830e-07   1.20644102e-11
   335       3   1.21767848e-16   0.00000000e+00
   336       1   2.91154417e-02   2.42404479e-02
   336       2   8.63249150e-07   1.23754171e-11
   336       3   1.18222625e-16   0.00000000e+00
   337       1   2.82023360e-02   2.48674312e-02
   337       2   8.39857583e-07   1.27000857e-11
   337       3   1.14888568e-16   0.00000000e+00
   338       1   2.73287690e-02   2.55100512e-02
   338       2   8.17302792e-07   1.30331018e-11
   338       3   0.00000000e+00   0.00000000e+00
   339       1   2.64916959e-02   2.61691396e-02
   339       2   7.95522406e-07   1.33573875e-11
   339       3   0.00000000e+00   0.00000000e+00
   340       1   2.56883736e-02   2.68455818e-02
   340       2   7.74460153e-07   1.37159744e-11
   340       3   0.00000000e+00   0.00000000e+00
   341       1   2.49163240e-02   2.75403223e-02
   341       2   7.54065117e-07   1.40674709e-11
   341       3   0.00000000e+00   0.00000000e+00
   342       1   2.41733026e-02   2.82543692e-02
   342       2   7.34291104e-07   1.44342781e-11
   342       3   0.00000000e+00   0.00000000e+00
   343       1   2.34572712e-02   2.89888007e-02
   343       2   7.15096094e-07   1.48219831e-11
   343       3   1.96978240e-16   0.00000000e+00
   344       1   2.27663745e-02   2.97447707e-02
   344       2   6.96441771e-07   1.52039760e-11
   344       3   0.00000000e+00   0.00000000e+00
   345       1   2.20989195e-02   3.05235161e-02
   345       2   6.78293108e-07   1.56028402e-11
   345       3   0.00000000e+00   0.00000000e+00
   346       1   2.14533585e-02   3.13263647e-02
   346       2   6.60618017e-07   1.60211260e-11
   346       3   0.00000000e+00   0.00000000e+00
   347       1   2.08282730e-02   3.21547438e-02
   347       2   6.43387034e-07   1.64501557e-11
   347       3   1.80365363e-16   0.00000000e+00
   348       1   2.02223606e-02   3.30101899e-02
   348       2   6.26573049e-07   1.68978825e-11
   348       3   0.00000000e+00   0.00000000e+00
   349       1   1.96344227e-02   3.38943596e-02
   349       2   6.10151064e-07   1.73393895e-11
   349       3   0.00000000e+00   0.00000000e+00
   350       1   1.90633548e-02   3.48090417e-02
   350       2   5.94097985e-07   1.78151536e-11
   350       3   0.00000000e+00   0.00000000e+00
   351       1   1.85081368e-02   3.57561707e-02
   351       2   5.78392436e-07   1.83170197e-11
   351       3   0.00000000e+00   0.00000000e+00
   352       1   1.79678246e-02   3.67378429e-02
   352       2   5.63014594e-07   1.88143819e-11
   352       3   0.00000000e+00   0.00000000e+00
   353       1   1.74415436e-02   3.77563327e-02
   353       2   5.47946043e-07   1.93416352e-11
   353       3   0.00000000e+00   0.00000000e+00
   354       1   1.69284817e-02   3.88141131e-02
   354       2   5.33169644e-07   1.98940735e-11
   354       3   0.00000000e+00   0.00000000e+00
   355       1   1.64278839e-02   3.99138779e-02
   355       2   5.18669420e-07   2.04594460e-11
   355       3   0.00000000e+00   0.00000000e+00
   356       1   1.59390469e-02   4.10585667e-02
   356       2   5.04430451e-07   2.10533168e-11
   356       3   0.00000000e+00   0.00000000e+00
   357       1   1.54613148e-02   4.22513940e-02
   357       2   4.90438784e-07   2.16644451e-11
   357       3   0.00000000e+00   0.00000000e+00
   358       1   1.49940747e-02   4.34958828e-02
   358       2   4.76681347e-07   2.23149879e-11
   358       3   0.00000000e+00   0.00000000e+00
   359       1   1.45367534e-02   4.47959019e-02
   359       2   4.63145873e-07   2.29861035e-11
   359       3   0.00000000e+00   0.00000000e+00
   360       1   1.40888136e-02   4.61557104e-02
   360       2   4.49820840e-07   2.36891655e-11
   360       3   0.00000000e+00   0.00000000e+00
   361       1   1.36497513e-02   4.75800079e-02
   361       2   4.36695400e-07   2.44249023e-11
   361       3   0.00000000e+00   0.00000000e+00
   362       1   1.32190929e-02   4.90739934e-02
   362       2   4.23759333e-07   2.52067150e-11
   362       3   0.00000000e+00   0.00000000e+00
   363       1   1.27963927e-02   5.06434336e-02
   363       2   4.11002989e-07   2.60206443e-11
   363       3   0.00000000e+00   0.00000000e+00
   364       1   1.23812309e-02   5.22947431e-02
   364       2   3.98417249e-07   2.68682043e-11
   364       3   0.00000000e+00   0.00000000e+00
   365       1   1.19732112e-02   5.40350778e-02
   365       2   3.85993483e-07   2.77785300e-11
   365       3   0.00000000e+00   0.00000000e+00
   366       1   1.15719593e-02   5.58724456e-02
   366       2   3.73723506e-07   2.87344469e-11
   366       3   0.00000000e+00   0.00000000e+00
   367       1   1.11771211e-02   5.78158378e-02
   367       2   3.61599552e-07   2.97380454e-11
   367       3   0.00000000e+00   0.00000000e+00
   368       1   1.07883610e-02   5.98753840e-02
   368       2   3.49614240e-07   3.08173642e-11
   368       3   0.00000000e+00   0.00000000e+00
   369       1   1.04053608e-02   6.20625398e-02
   369       2   3.37760542e-07   3.19532022e-11
   369       3   1.29441937e-16   0.00000000e+00
   370       1   1.00278182e-02   6.43903101e-02
   370       2   3.26031759e-07   3.31615052e-11
   370       3   0.00000000e+00   0.00000000e+00
   371       1   9.65544562e-03   6.68735213e-02
   371       2   3.14421500e-07   3.44614361e-11
   371       3   0.00000000e+00   0.00000000e+00
   372       1   9.28796916e-03   6.95291514e-02
   372       2   3.02923653e-07   3.58489642e-11
   372       3   0.00000000e+00   0.00000000e+00
   373       1   8.92512761e-03   7.23767357e-02
   373       2   2.91532369e-07   3.73287262e-11
   373       3   0.00000000e+00   0.00000000e+00
   374       1   8.56667151e-03   7.54388674e-02
   374       2   2.80242045e-07   3.89313149e-11
   374       3   0.00000000e+00   0.00000000e+00
   375       1   8.21236227e-03   7.87418199e-02
   375       2   2.69047299e-07   4.06642331e-11
   375       3   0.00000000e+00   0.00000000e+00
   376       1   7.86197141e-03   8.23163285e-02
   376       2   2.57942961e-07   4.25278196e-11
   376       3   1.21560759e-16   0.00000000e+00
   377       1   7.51527982e-03   8.61985799e-02
   377       2   2.46924054e-07   4.45619123e-11
   377       3   0.00000000e+00   0.00000000e+00
   378       1   7.17207704e-03   9.04314762e-02
   378       2   2.35985783e-07   4.67865514e-11
   378       3   0.00000000e+00   0.00000000e+00
   379       1   6.83216071e-03   9.50662687e-02
   379       2   2.25123517e-07   4.92257690e-11
   379       3   0.00000000e+00   0.00000000e+00
   380       1   6.49533587e-03   1.00164692e-01
   380       2   2.14332782e-07   5.18928289e-11
   380       3   0.00000000e+00   0.00000000e+00
   381       1   6.16141451e-03   1.05801789e-01
   381       2   2.03609247e-07   5.48719683e-11
   381       3   0.00000000e+00   0.00000000e+00
   382       1   5.83021499e-03   1.12069696e-01
   382       2   1.92948712e-07   5.81792067e-11
   382       3   0.00000000e+00   0.00000000e+00
   383       1   5.50156155e-03   1.19082808e-01
   383       2   1.82347102e-07   6.18875290e-11
   383       3   0.00000000e+00   0.00000000e+00
   384       1   5.17528392e-03   1.26984918e-01
   384       2   1.71800453e-07   6.60752131e-11
   384       3   0.00000000e+00   0.00000000e+00
   385       1   4.85121682e-03   1.35959312e-01
   385       2   1.61304906e-07   7.08407394e-11
   385       3   0.00000000e+00   0.00000000e+00
   386       1   4.52919959e-03   1.46243305e-01
   386       2   1.50856698e-07   7.63228071e-11
   386       3   0.00000000e+00   0.00000000e+00
   387       1   4.20907582e-03   1.58149714e-01
   387       2   1.40452153e-07   8.26686806e-11
   387       3   1.13971559e-16   0.00000000e+00
   388       1   3.89069293e-03   1.72099442e-01
   388       2   1.30087676e-07   9.01222231e-11
   388       3   0.00000000e+00   0.00000000e+00
   389       1   3.57390189e-03   1.88672498e-01
   389       2   1.19759743e-07   9.90399633e-11
   389       3   0.00000000e+00   0.00000000e+00
   390       1   3.25855686e-03   2.08690875e-01
   390       2   1.09464898e-07   1.09852732e-10
   390       3   0.00000000e+00   0.00000000e+00
   391       1   2.94451486e-03   2.33359156e-01
   391       2   9.91997425e-08   1.23238492e-10
   391       3   0.00000000e+00   0.00000000e+00
   392       1   2.63163551e-03   2.64515771e-01
   392       2   8.89609323e-08   1.40256004e-10
   392       3   0.00000000e+00   0.00000000e+00
   393       1   2.31978070e-03   3.05111496e-01
   393       2   7.87451685e-08   1.62598974e-10
   393       3   0.00000000e+00   0.00000000e+00
   394       1   2.00881431e-03   3.60196528e-01
   394       2   6.85491937e-08   1.93221761e-10
   394       3   0.00000000e+00   0.00000000e+00
   395       1   1.69860197e-03   4.39178573e-01
   395       2   5.83697850e-08   2.37696229e-10
   395       3   0.00000000e+00   0.00000000e+00
   396       1   1.38901075e-03   5.61765601e-01
   396       2   4.82037491e-08   3.07899564e-10
   396       3   0.00000000e+00   0.00000000e+00
   397       1   1.07990894e-03   7.77116346e-01
   397       2   3.80479160e-08   4.34283207e-10
   397       3   0.00000000e+00   0.00000000e+00
   398       1   7.71165776e-04   1.24936689e+00
   398       2   2.78991344e-08   7.22391031e-10
   398       3   0.00000000e+00   0.00000000e+00
   399       1   4.62651192e-04   2.99909329e+00
   399       2   1.77542653e-08   1.86952908e-09
   399       3   0.00000000e+00   0.00000000e+00
   400       1   1.54235574e-04   5.27860546e+05
   400       2   7.61017782e-09   4.47902231e-04
   400       3   0.00000000e+00   0.00000000e+00
   401       1   1.54210485e-04   1.00000190e+00
   401       2   2.53625635e-09   1.72267462e-10
   401       3   0.00000000e+00   0.00000000e+00
   402       1   4.62816430e-04   7.49980281e-01
   402       2   1.26881693e-08   2.98420265e-10
   402       3   0.00000000e+00   0.00000000e+00
   403       1   7.71711989e-04   5.55452372e-01
   403       2   2.28487004e-08   2.46096903e-10
   403       3   0.00000000e+00   0.00000000e+00
   404       1   1.08102741e-03   4.37304512e-01
   404       2   3.30210030e-08   2.02223464e-10
   404       3   0.00000000e+00   0.00000000e+00
   405       1   1.39089374e-03   3.59708523e-01
   405       2   4.32082490e-08   1.70209885e-10
   405       3   0.00000000e+00   0.00000000e+00
   406       1   1.70144301e-03   3.05166051e-01
   406       2   5.34136343e-08   1.46497585e-10
   406       3   0.00000000e+00   0.00000000e+00
   407       1   2.01280858e-03   2.64817307e-01
   407       2   6.36403853e-08   1.28398639e-10
   407       3   0.00000000e+00   0.00000000e+00
   408       1   2.32512532e-03   2.33785995e-01
   408       2   7.38917624e-08   1.14159159e-10
   408       3   0.00000000e+00   0.00000000e+00
   409       1   2.63852992e-03   2.09186708e-01
   409       2   8.41710690e-08   1.02715933e-10
   409       3   0.00000000e+00   0.00000000e+00
   410       1   2.95316115e-03   1.89208840e-01
   410       2   9.44816534e-08   9.33139598e-11
   410       3   0.00000000e+00   0.00000000e+00
   411       1   3.26916015e-03   1.72660836e-01
   411       2   1.04826919e-07   8.54462166e-11
   411       3   0.00000000e+00   0.00000000e+00
   412       1   3.58667073e-03   1.58727280e-01
   412       2   1.15210327e-07   7.87804943e-11
   412       3   0.00000000e+00   0.00000000e+00
   413       1   3.90583966e-03   1.46831699e-01
   413       2   1.25635406e-07   7.30555437e-11
   413       3   0.00000000e+00   0.00000000e+00
   414       1   4.22681697e-03   1.36555189e-01
   414       2   1.36105758e-07   6.80826743e-11
   414       3   0.00000000e+00   0.00000000e+00
   415       1   4.54975636e-03   1.27586113e-01
   415       2   1.46625063e-07   6.37304440e-11
   415       3   0.00000000e+00   0.00000000e+00
   416       1   4.87481545e-03   1.19687877e-01
   416       2   1.57197091e-07   5.98791488e-11
   416       3   1.15534390e-16   0.00000000e+00
   417       1   5.20215622e-03   1.12677657e-01
   417       2   1.67825707e-07   5.64434432e-11
   417       3   0.00000000e+00   0.00000000e+00
   418       1   5.53194536e-03   1.06411954e-01
   418       2   1.78514878e-07   5.33774459e-11
   418       3   1.16777832e-16   0.00000000e+00
   419       1   5.86435470e-03   1.00776575e-01
   419       2   1.89268688e-07   5.06077560e-11
   419       3   0.00000000e+00   0.00000000e+00
   420       1   6.19956163e-03   9.56795174e-02
   420       2   2.00091339e-07   4.80908668e-11
   420       3   0.00000000e+00   0.00000000e+00
   421       1   6.53774956e-03   9.10458330e-02
   421       2   2.10987167e-07   4.57970925e-11
   421       3   0.00000000e+00   0.00000000e+00
   422       1   6.87910844e-03   8.68138543e-02
   422       2   2.21960651e-07   4.37171248e-11
   422       3   0.00000000e+00   0.00000000e+00
   423       1   7.22383523e-03   8.29323780e-02
   423       2   2.33016423e-07   4.17917250e-11
   423       3   0.00000000e+00   0.00000000e+00
   424       1   7.57213452e-03   7.93585372e-02
   424       2   2.44159282e-07   4.00154902e-11
   424       3   0.00000000e+00   0.00000000e+00
   425       1   7.92421909e-03   7.60561714e-02
   425       2   2.55394203e-07   3.83803407e-11
   425       3   0.00000000e+00   0.00000000e+00
   426       1   8.28031055e-03   7.29945648e-02
   426       2   2.66726357e-07   3.68610006e-11
   426       3   0.00000000e+00   0.00000000e+00
   427       1   8.64064006e-03   7.01474587e-02
   427       2   2.78161120e-07   3.54464167e-11
   427       3   1.24605786e-16   0.00000000e+00
   428       1   9.00544906e-03   6.74922716e-02
   428       2   2.89704092e-07   3.41223803e-11
   428       3   0.00000000e+00   0.00000000e+00
   429       1   9.37499006e-03   6.50094768e-02
   429       2   3.01361114e-07   3.28723791e-11
   429       3   0.00000000e+00   0.00000000e+00
   430       1   9.74952753e-03   6.26821033e-02
   430       2   3.13138284e-07   3.17157861e-11
   430       3   0.00000000e+00   0.00000000e+00
   431       1   1.01293388e-02   6.04953301e-02
   431       2   3.25041982e-07   3.06197900e-11
   431       3   0.00000000e+00   0.00000000e+00
   432       1   1.05147152e-02   5.84361568e-02
   432       2   3.37078885e-07   2.95910589e-11
   432       3   0.00000000e+00   0.00000000e+00
   433       1   1.09059630e-02   5.64931313e-02
   433       2   3.49255997e-07   2.86230920e-11
   433       3   1.32229231e-16   0.00000000e+00
   434       1   1.13034046e-02   5.46561268e-02
   434       2   3.61580672e-07   2.76926213e-11
   434       3   0.00000000e+00   0.00000000e+00
   435       1   1.17073801e-02   5.29161545e-02
   435       2   3.74060638e-07   2.68270572e-11
   435       3   0.00000000e+00   0.00000000e+00
   436       1   1.21182484e-02   5.12652083e-02
   436       2   3.86704036e-07   2.60033826e-11
   436       3   1.36928745e-16   0.00000000e+00
   437       1   1.25363891e-02   4.96961339e-02
   437       2   3.99519444e-07   2.52134430e-11
   437       3   1.38645282e-16   0.00000000e+00
   438       1   1.29622038e-02   4.82025183e-02
   438       2   4.12515921e-07   2.44647865e-11
   438       3   1.40442372e-16   0.00000000e+00
   439       1   1.33961184e-02   4.67785959e-02
   439       2   4.25703040e-07   2.37528954e-11
   439       3   1.42323694e-16   0.00000000e+00
   440       1   1.38385847e-02   4.54191686e-02
   440       2   4.39090938e-07   2.30681549e-11
   440       3   1.44293189e-16   0.00000000e+00
   441       1   1.42900833e-02   4.41195377e-02
   441       2   4.52690359e-07   2.24244783e-11
   441       3   0.00000000e+00   0.00000000e+00
   442       1   1.47511255e-02   4.28754451e-02
   442       2   4.66512709e-07   2.17915608e-11
   442       3   0.00000000e+00   0.00000000e+00
   443       1   1.52222561e-02   4.16830224e-02
   443       2   4.80570114e-07   2.11805190e-11
   443       3   0.00000000e+00   0.00000000e+00
   444       1   1.57040570e-02   4.05387475e-02
   444       2   4.94875487e-07   2.06030181e-11
   444       3   1.53142259e-16   0.00000000e+00
   445       1   1.61971499e-02   3.94394064e-02
   445       2   5.09442594e-07   2.00572800e-11
   445       3   1.55622647e-16   0.00000000e+00
   446       1   1.67022005e-02   3.83820598e-02
   446       2   5.24286138e-07   1.95252710e-11
   446       3   0.00000000e+00   0.00000000e+00
   447       1   1.72199226e-02   3.73640148e-02
   447       2   5.39421845e-07   1.90027271e-11
   447       3   0.00000000e+00   0.00000000e+00
   448       1   1.77510824e-02   3.63827987e-02
   448       2   5.54866563e-07   1.85159989e-11
   448       3   1.63803165e-16   0.00000000e+00
   449       1   1.82965042e-02   3.54361375e-02
   449       2   5.70638371e-07   1.80389826e-11
   449       3   0.00000000e+00   0.00000000e+00
   450       1   1.88570760e-02   3.45219354e-02
   450       2   5.86756704e-07   1.75875365e-11
   450       3   1.69945358e-16   0.00000000e+00
   451       1   1.94337559e-02   3.36382584e-02
   451       2   6.03242486e-07   1.71309256e-11
   451       3   0.00000000e+00   0.00000000e+00
   452       1   2.00275796e-02   3.27833179e-02
   452       2   6.20118290e-07   1.67046878e-11
   452       3   1.76717557e-16   0.00000000e+00
   453       1   2.06396687e-02   3.19554579e-02
   453       2   6.37408509e-07   1.62868920e-11
   453       3   0.00000000e+00   0.00000000e+00
   454       1   2.12712398e-02   3.11531423e-02
   454       2   6.55139554e-07   1.58728378e-11
   454       3   0.00000000e+00   0.00000000e+00
   455       1   2.19236153e-02   3.03749443e-02
   455       2   6.73340076e-07   1.54864310e-11
   455       3   0.00000000e+00   0.00000000e+00
   456       1   2.25982357e-02   2.96195364e-02
   456       2   6.92041223e-07   1.51059035e-11
   456       3   0.00000000e+00   0.00000000e+00
   457       1   2.32966726e-02   2.88856821e-02
   457       2   7.11276926e-07   1.47328219e-11
   457       3   0.00000000e+00   0.00000000e+00
   458       1   2.40206451e-02   2.81722279e-02
   458       2   7.31084225e-07   1.43730181e-11
   458       3   2.01708971e-16   0.00000000e+00
   459       1   2.47720371e-02   2.74780963e-02
   459       2   7.51503657e-07   1.40201616e-11
   459       3   4.13411115e-16   0.00000000e+00
   460       1   2.55529186e-02   2.68022794e-02
   460       2   7.72579680e-07   1.36799070e-11
   460       3   0.00000000e+00   0.00000000e+00
   461       1   2.63655690e-02   2.61438333e-02
   461       2   7.94361179e-07   1.33499331e-11
   461       3   0.00000000e+00   0.00000000e+00
   462       1   2.72125049e-02   2.55018729e-02
   462       2   8.16902047e-07   1.30189515e-11
   462       3   0.00000000e+00   0.00000000e+00
   463       1   2.80965122e-02   2.48755673e-02
   463       2   8.40261857e-07   1.27019511e-11
   463       3   1.14888111e-16   0.00000000e+00
   464       1   2.90206833e-02   2.42641352e-02
   464       2   8.64506645e-07   1.23951140e-11
   464       3   1.18222141e-16   0.00000000e+00
   465       1   2.99884610e-02   2.36668417e-02
   465       2   8.89709839e-07   1.20924338e-11
   465       3   1.21767332e-16   0.00000000e+00
   466       1   3.10036900e-02   2.30829940e-02
   466       2   9.15953333e-07   1.17927379e-11
   466       3   1.25542454e-16   0.00000000e+00
   467       1   3.20706778e-02   2.25119390e-02
   467       2   9.43328770e-07   1.15055030e-11
   467       3   0.00000000e+00   0.00000000e+00
   468       1   3.31942668e-02   2.19530596e-02
   468       2   9.71939061e-07   1.12244245e-11
   468       3   1.33869367e-16   0.00000000e+00
   469       1   3.43799209e-02   2.14057726e-02
   469       2   1.00190020e-06   1.09436044e-11
   469       3   1.38471646e-16   0.00000000e+00
   470       1   3.56338286e-02   2.08695259e-02
   470       2   1.03334343e-06   1.06695483e-11
   470       3   1.43405773e-16   0.00000000e+00
   471       1   3.69630282e-02   2.03437966e-02
   471       2   1.06641788e-06   1.04117217e-11
   471       3   0.00000000e+00   0.00000000e+00
   472       1   3.83755595e-02   1.98280886e-02
   472       2   1.10129374e-06   1.01490595e-11
   472       3   0.00000000e+00   0.00000000e+00
   473       1   3.98806489e-02   1.93219308e-02
   473       2   1.13816617e-06   9.88570199e-12
   473       3   1.60570746e-16   0.00000000e+00
   474       1   4.14889379e-02   1.88248753e-02
   474       2   1.17726007e-06   9.62402813e-12
   474       3   0.00000000e+00   0.00000000e+00
   475       1   4.32127659e-02   1.83364961e-02
   475       2   1.21883605e-06   9.38028783e-12
   475       3   1.74458823e-16   0.00000000e+00
   476       1   4.50665236e-02   1.78563871e-02
   476       2   1.26319782e-06   9.13928630e-12
   476       3   0.00000000e+00   0.00000000e+00
   477       1   4.70670994e-02   1.73841612e-02
   477       2   1.31070161e-06   8.90609435e-12
   477       3   1.90901909e-16   0.00000000e+00
   478       1   4.92344462e-02   1.69194486e-02
   478       2   1.36176803e-06   8.66901352e-12
   478       3   2.00300586e-16   0.00000000e+00
   479       1   5.15923115e-02   1.64618960e-02
   479       2   1.41689743e-06   8.43669051e-12
   479       3   2.10634258e-16   0.00000000e+00
   480       1   5.41691857e-02   1.60111652e-02
   480       2   1.47668978e-06   8.21203927e-12
   480       3   0.00000000e+00   0.00000000e+00
   481       1   5.69995501e-02   1.55669323e-02
   481       2   1.54187094e-06   7.98390564e-12
   481       3   1.17349926e-16   0.00000000e+00
   482       1   6.01255407e-02   1.51288865e-02
   482       2   1.61332754e-06   7.76106464e-12
   482       3   0.00000000e+00   0.00000000e+00
   483       1   6.35991996e-02   1.46967295e-02
   483       2   1.69215429e-06   7.53791126e-12
   483       3   2.64634632e-16   0.00000000e+00
   484       1   6.74855703e-02   1.42701744e-02
   484       2   1.77971894e-06   7.32000434e-12
   484       3   1.41246574e-16   0.00000000e+00
   485       1   7.18670312e-02   1.38489450e-02
   485       2   1.87775335e-06   7.11166275e-12
   485       3   1.51397262e-16   0.00000000e+00
   486       1   7.68494863e-02   1.34327753e-02
   486       2   1.98848339e-06   6.89277199e-12
   486       3   1.63031740e-16   0.00000000e+00
   487       1   8.25714130e-02   1.30214083e-02
   487       2   2.11481901e-06   6.69419309e-12
   487       3   1.76493128e-16   0.00000000e+00
   488       1   8.92174344e-02   1.26145959e-02
   488       2   2.26063919e-06   6.48527384e-12
   488       3   0.00000000e+00   0.00000000e+00
   489       1   9.70392936e-02   1.22120979e-02
   489       2   2.43123236e-06   6.27436299e-12
   489       3   2.10893177e-16   0.00000000e+00
   490       1   1.06389413e-01   1.18136819e-02
   490       2   2.63400112e-06   6.07700680e-12
   490       3   1.16664682e-16   0.00000000e+00
   491       1   1.17776826e-01   1.14191219e-02
   491       2   2.87963662e-06   5.87962735e-12
   491       3   1.30404702e-16   0.00000000e+00
   492       1   1.31965060e-01   1.10281989e-02
   492       2   3.18417396e-06   5.69142684e-12
   492       3   2.95226193e-16   0.00000000e+00
   493       1   1.50153912e-01   1.06406992e-02
   493       2   3.57280903e-06   5.48019178e-12
   493       3   3.39554348e-16   0.00000000e+00
   494       1   1.74343006e-01   1.02564151e-02
   494       2   4.08753247e-06   5.28198078e-12
   494       3   1.99375822e-16   0.00000000e+00
   495       1   2.08131612e-01   9.87514363e-03
   495       2   4.80392400e-06   5.09528921e-12
   495       3   3.61306614e-16   0.00000000e+00
   496       1   2.58718182e-01   9.49668638e-03
   496       2   5.87313804e-06   4.89528419e-12
   496       3   4.54780533e-16   0.00000000e+00
   497       1   3.42898913e-01   9.12084917e-03
   497       2   7.64785887e-06   4.70603704e-12
   497       3   6.10719613e-16   0.00000000e+00
   498       1   5.11061658e-01   8.74744154e-03
   498       2   1.11861102e-05   4.51339781e-12
   498       3   7.69020556e-16   0.00000000e+00
   499       1   1.01513800e+00   8.37627642e-03
   499       2   2.17777471e-05   4.32981943e-12
   499       3   1.54964880e-15   0.00000000e+00
   500       1   2.73058342e+04   8.00716972e-03
   500       2   3.64422342e-01   4.13609929e-12
   500       3   2.48779729e-11   0.00000000e+00
   501       1   1.00005854e+00   7.63993998e-03
   501       2   2.05225513e-05   3.95694778e-12
   501       3   1.57436659e-15   0.00000000e+00
   502       1   4.95920586e-01   7.27440801e-03
   502       2   9.92859276e-06   3.77101204e-12
   502       3   6.34890934e-16   0.00000000e+00
   503       1   3.27737807e-01   6.91039654e-03
   503       2   6.38920217e-06   3.57736698e-12
   503       3   4.26815898e-16   0.00000000e+00
   504       1   2.43539861e-01   6.54772990e-03
   504       2   4.61324347e-06   3.41095546e-12
   504       3   3.22870703e-16   0.00000000e+00
   505       1   1.92934103e-01   6.18623361e-03
   505       2   3.54253380e-06   3.20877512e-12
   505       3   2.60578857e-16   0.00000000e+00
   506       1   1.59123138e-01   5.82573413e-03
   506       2   2.82434821e-06   3.02362687e-12
   506       3   0.00000000e+00   0.00000000e+00
   507       1   1.34908083e-01   5.46605844e-03
   507       2   2.30751674e-06   2.85100148e-12
   507       3   1.89555356e-16   0.00000000e+00
   508       1   1.16689467e-01   5.10703376e-03
   508       2   1.91645149e-06   2.66323834e-12
   508       3   1.67436564e-16   0.00000000e+00
   509       1   1.02467551e-01   4.74848719e-03
   509       2   1.60915612e-06   2.48058706e-12
   509       3   1.50279991e-16   0.00000000e+00
   510       1   9.10424500e-02   4.39024536e-03
   510       2   1.36042986e-06   2.30782933e-12
   510       3   1.36598318e-16   0.00000000e+00
   511       1   8.16505678e-02   4.03213408e-03
   511       2   1.15423293e-06   2.11596110e-12
   511       3   0.00000000e+00   0.00000000e+00
   512       1   7.37828024e-02   3.67397801e-03
   512       2   9.79869305e-07   1.93362945e-12
   512       3   2.32379106e-16   0.00000000e+00
   513       1   6.70866633e-02   3.31560026e-03
   513       2   8.29931274e-07   1.75265461e-12
   513       3   2.16789747e-16   0.00000000e+00
   514       1   6.13103369e-02   2.95682204e-03
   514       2   6.99124877e-07   1.56715674e-12
   514       3   2.03498437e-16   0.00000000e+00
   515       1   5.62691253e-02   2.59746229e-03
   515       2   5.83565182e-07   1.38352966e-12
   515       3   1.92047870e-16   0.00000000e+00
   516       1   5.18244711e-02   2.23733726e-03
   516       2   4.80335810e-07   1.20432588e-12
   516       3   0.00000000e+00   0.00000000e+00
   517       1   4.78703845e-02   1.87626009e-03
   517       2   3.87203916e-07   1.01586326e-12
   517       3   1.73378279e-16   0.00000000e+00
   518       1   4.43243950e-02   1.51404042e-03
   518       2   3.02430169e-07   8.34042488e-13
   518       3   0.00000000e+00   0.00000000e+00
   519       1   4.11213604e-02   1.15048389e-03
   519       2   2.24638725e-07   6.55318142e-13
   519       3   0.00000000e+00   0.00000000e+00
   520       1   3.82091324e-02   7.85391721e-04
   520       2   1.52726197e-07   4.64769050e-13
   520       3   0.00000000e+00   0.00000000e+00
   521       1   3.55454613e-02   4.18560185e-04
   521       2   8.57966256e-08   2.74475412e-13
   521       3   0.00000000e+00   0.00000000e+00
   522       1   3.30957438e-02   4.97800946e-05
   522       2   2.31141675e-08   9.07180453e-14
   522       3   0.00000000e+00   0.00000000e+00
   523       1   3.08313591e-02   3.21163752e-04
   523       2   3.59318799e-08   9.69508830e-14
   523       3   0.00000000e+00   0.00000000e+00
   524       1   2.87284201e-02   6.94493159e-04
   524       2   9.18533277e-08   2.94952697e-13
   524       3   0.00000000e+00   0.00000000e+00
   525       1   2.67668244e-02   1.07043715e-03
   525       2   1.45083056e-07   4.85465806e-13
   525       3   0.00000000e+00   0.00000000e+00
   526       1   2.49295244e-02   1.44923265e-03
   526       2   1.95990383e-07   6.69984508e-13
   526       3   0.00000000e+00   0.00000000e+00
   527       1   2.32019589e-02   1.83112519e-03
   527       2   2.44893034e-07   8.70153211e-13
   527       3   0.00000000e+00   0.00000000e+00
   528       1   2.15716067e-02   2.21636964e-03
   528       2   2.92066561e-07   1.06158265e-12
   528       3   0.00000000e+00   0.00000000e+00
   529       1   2.00276322e-02   2.60523110e-03
   529       2   3.37751831e-07   1.26017093e-12
   529       3   0.00000000e+00   0.00000000e+00
   530       1   1.85606017e-02   2.99798572e-03
   530       2   3.82161033e-07   1.46532728e-12
   530       3   0.00000000e+00   0.00000000e+00
   531       1   1.71622542e-02   3.39492166e-03
   531       2   4.25482545e-07   1.66253949e-12
   531       3   0.00000000e+00   0.00000000e+00
   532       1   1.58253154e-02   3.79634016e-03
   532       2   4.67884903e-07   1.88080604e-12
   532       3   1.13180609e-16   0.00000000e+00
   533       1   1.45433448e-02   4.20255661e-03
   533       2   5.09520079e-07   2.07820205e-12
   533       3   0.00000000e+00   0.00000000e+00
   534       1   1.33106093e-02   4.61390178e-03
   534       2   5.50526191e-07   2.28379947e-12
   534       3   2.20099750e-16   0.00000000e+00
   535       1   1.21219792e-02   5.03072314e-03
   535       2   5.91029790e-07   2.50377486e-12
   535       3   0.00000000e+00   0.00000000e+00
   536       1   1.09728396e-02   5.45338628e-03
   536       2   6.31147778e-07   2.72330079e-12
   536       3   0.00000000e+00   0.00000000e+00
   537       1   9.85901767e-03   5.88227648e-03
   537       2   6.70989054e-07   2.92859254e-12
   537       3   0.00000000e+00   0.00000000e+00
   538       1   8.77671921e-03   6.31780041e-03
   538       2   7.10655928e-07   3.15411898e-12
   538       3   2.11056382e-16   0.00000000e+00
   539       1   7.72247589e-03   6.76038802e-03
   539       2   7.50245354e-07   3.37010341e-12
   539       3   0.00000000e+00   0.00000000e+00
   540       1   6.69309927e-03   7.21049456e-03
   540       2   7.89850014e-07   3.61203100e-12
   540       3   2.08024471e-16   0.00000000e+00
   541       1   5.68564120e-03   7.66860289e-03
   541       2   8.29559284e-07   3.84862828e-12
   541       3   0.00000000e+00   0.00000000e+00
   542       1   4.69735940e-03   8.13522591e-03
   542       2   8.69460113e-07   4.08114751e-12
   542       3   0.00000000e+00   0.00000000e+00
   543       1   3.72568716e-03   8.61090934e-03
   543       2   9.09637819e-07   4.32870081e-12
   543       3   0.00000000e+00   0.00000000e+00
   544       1   2.76820653e-03   9.09623471e-03
   544       2   9.50176840e-07   4.57732292e-12
   544       3   2.04534606e-16   0.00000000e+00
   545       1   1.82262439e-03   9.59182279e-03
   545       2   9.91161437e-07   4.82267499e-12
   545       3   2.04161614e-16   0.00000000e+00
   546       1   8.86750759e-04   1.00983372e-02
   546       2   1.03267638e-06   5.08882349e-12
   546       3   0.00000000e+00   0.00000000e+00
   547       1   4.15209249e-05   1.06164888e-02
   547       2   1.07480761e-06   5.36178435e-12
   547       3   2.03988613e-16   0.00000000e+00
   548       1   9.64232119e-04   1.11470399e-02
   548       2   1.11764290e-06   5.62417605e-12
   548       3   0.00000000e+00   0.00000000e+00
   549       1   1.88337632e-03   1.16908097e-02
   549       2   1.16127256e-06   5.89374450e-12
   549       3   2.04569397e-16   0.00000000e+00
   550       1   2.80091541e-03   1.22486803e-02
   550       2   1.20579007e-06   6.19298222e-12
   550       3   0.00000000e+00   0.00000000e+00
   551       1   3.71879543e-03   1.28216024e-02
   551       2   1.25129289e-06   6.48168948e-12
   551       3   2.05904755e-16   0.00000000e+00
   552       1   4.63896209e-03   1.34106036e-02
   552       2   1.29788314e-06   6.77357129e-12
   552       3   0.00000000e+00   0.00000000e+00
   553       1   5.56337633e-03   1.40167956e-02
   553       2   1.34566851e-06   7.08925843e-12
   553       3   2.08010229e-16   0.00000000e+00
   554       1   6.49403002e-03   1.46413843e-02
   554       2   1.39476310e-06   7.40895432e-12
   554       3   4.18721523e-16   0.00000000e+00
   555       1   7.43296232e-03   1.52856797e-02
   555       2   1.44528842e-06   7.74067587e-12
   555       3   2.10916627e-16   0.00000000e+00
   556       1   8.38227675e-03   1.59511084e-02
   556       2   1.49737451e-06   8.07425624e-12
   556       3   0.00000000e+00   0.00000000e+00
   557       1   9.34415941e-03   1.66392266e-02
   557       2   1.55116109e-06   8.43425429e-12
   557       3   0.00000000e+00   0.00000000e+00
   558       1   1.03208987e-02   1.73517361e-02
   558       2   1.60679900e-06   8.79714783e-12
   558       3   0.00000000e+00   0.00000000e+00
   559       1   1.13149067e-02   1.80905019e-02
   559       2   1.66445167e-06   9.16681339e-12
   559       3   0.00000000e+00   0.00000000e+00
   560       1   1.23287434e-02   1.88575728e-02
   560       2   1.72429694e-06   9.55178465e-12
   560       3   2.22044038e-16   0.00000000e+00
   561       1   1.33651428e-02   1.96552047e-02
   561       2   1.78652900e-06   9.96248606e-12
   561       3   1.12505643e-16   0.00000000e+00
   562       1   1.44270434e-02   2.04858885e-02
   562       2   1.85136075e-06   1.03926565e-11
   562       3   1.14128556e-16   0.00000000e+00
   563       1   1.55176223e-02   2.13523814e-02
   563       2   1.91902644e-06   1.08317525e-11
   563       3   1.15899337e-16   0.00000000e+00
   564       1   1.66403346e-02   2.22577441e-02
   564       2   1.98978476e-06   1.12959439e-11
   564       3   1.17827706e-16   0.00000000e+00
   565       1   1.77989587e-02   2.32053846e-02
   565       2   2.06392247e-06   1.17817125e-11
   565       3   1.19924669e-16   0.00000000e+00
   566       1   1.89976496e-02   2.41991086e-02
   566       2   2.14175863e-06   1.22875071e-11
   566       3   1.22202694e-16   0.00000000e+00
   567       1   2.02410006e-02   2.52431806e-02
   567       2   2.22364960e-06   1.28132775e-11
   567       3   1.24675922e-16   0.00000000e+00
   568       1   2.15341166e-02   2.63423950e-02
   568       2   2.30999497e-06   1.33741063e-11
   568       3   1.27360414e-16   0.00000000e+00
   569       1   2.28827012e-02   2.75021620e-02
   569       2   2.40124463e-06   1.39691603e-11
   569       3   1.30274451e-16   0.00000000e+00
   570       1   2.42931609e-02   2.87286103e-02
   570       2   2.49790725e-06   1.46018511e-11
   570       3   1.33438896e-16   0.00000000e+00
   571       1   2.57727296e-02   3.00287108e-02
   571       2   2.60056046e-06   1.52640138e-11
   571       3   1.36877625e-16   0.00000000e+00
   572       1   2.73296209e-02   3.14104275e-02
   572       2   2.70986329e-06   1.59649592e-11
   572       3   1.40618057e-16   0.00000000e+00
   573       1   2.89732123e-02   3.28829008e-02
   573       2   2.82657128e-06   1.67218866e-11
   573       3   2.89383610e-16   0.00000000e+00
   574       1   3.07142730e-02   3.44566743e-02
   574       2   2.95155515e-06   1.75124624e-11
   574       3   2.98270937e-16   0.00000000e+00
   575       1   3.25652453e-02   3.61439755e-02
   575       2   3.08582387e-06   1.83850288e-11
   575       3   1.53991626e-16   0.00000000e+00
   576       1   3.45405962e-02   3.79590663e-02
   576       2   3.23055353e-06   1.93185500e-11
   576       3   1.59310074e-16   0.00000000e+00
   577       1   3.66572604e-02   3.99186856e-02
   577       2   3.38712377e-06   2.03103452e-11
   577       3   3.30298771e-16   0.00000000e+00
   578       1   3.89352044e-02   4.20426124e-02
   578       2   3.55716404e-06   2.13954756e-11
   578       3   3.43157801e-16   0.00000000e+00
   579       1   4.13981504e-02   4.43543894e-02
   579       2   3.74261319e-06   2.25816022e-11
   579       3   1.78681281e-16   0.00000000e+00
   580       1   4.40745184e-02   4.68822640e-02
   580       2   3.94579685e-06   2.38747174e-11
   580       3   3.73111672e-16   0.00000000e+00
   581       1   4.69986648e-02   4.96604268e-02
   581       2   4.16952925e-06   2.52842815e-11
   581       3   3.90645794e-16   0.00000000e+00
   582       1   5.02125337e-02   5.27306622e-02
   582       2   4.41724905e-06   2.68506695e-11
   582       3   6.15388945e-16   0.00000000e+00
   583       1   5.37678915e-02   5.61445817e-02
   583       2   4.69320297e-06   2.85969801e-11
   583       3   4.32316045e-16   0.00000000e+00
   584       1   5.77293978e-02   5.99666956e-02
   584       2   5.00269842e-06   3.05423459e-11
   584       3   4.57271102e-16   0.00000000e+00
   585       1   6.21789062e-02   6.42787120e-02
   585       2   5.35245706e-06   3.27453768e-11
   585       3   4.85701120e-16   0.00000000e+00
   586       1   6.72216066e-02   6.91856792e-02
   586       2   5.75111997e-06   3.52521825e-11
   586       3   5.18347748e-16   0.00000000e+00
   587       1   7.29950035e-02   7.48249623e-02
   587       2   6.20998590e-06   3.81268487e-11
   587       3   4.17135817e-16   0.00000000e+00
   588       1   7.96823819e-02   8.13797091e-02
   588       2   6.74411870e-06   4.14834237e-11
   588       3   4.50371156e-16   0.00000000e+00
   589       1   8.75336189e-02   8.90996599e-02
   589       2   7.37405871e-06   4.54221552e-11
   589       3   4.89790161e-16   0.00000000e+00
   590       1   9.68984820e-02   9.83344433e-02
   590       2   8.12856104e-06   5.01378800e-11
   590       3   5.37245717e-16   0.00000000e+00
   591       1   1.08282125e-01   1.09589069e-01
   591       2   9.04915934e-06   5.58901511e-11
   591       3   7.93885916e-16   0.00000000e+00
   592       1   1.22442207e-01   1.23621042e-01
   592       2   1.01981523e-05   6.30447595e-11
   592       3   6.68311479e-16   0.00000000e+00
   593       1   1.40569254e-01   1.41620708e-01
   593       2   1.16734355e-05   7.22438684e-11
   593       3   8.89287732e-16   0.00000000e+00
   594       1   1.64647382e-01   1.65571956e-01
   594       2   1.36381653e-05   8.44661373e-11
   594       3   1.03569250e-15   0.00000000e+00
   595       1   1.98247882e-01   1.99045739e-01
   595       2   1.63860175e-05   1.01550830e-10
   595       3   1.24099601e-15   0.00000000e+00
   596       1   2.48513175e-01   2.49183853e-01
   596       2   2.05043329e-05   1.27168764e-10
   596       3   1.77070640e-15   0.00000000e+00
   597       1   3.32108627e-01   3.32650141e-01
   597       2   2.73635384e-05   1.69771746e-10
   597       3   1.91645085e-15   0.00000000e+00
   598       1   4.99029490e-01   4.99434373e-01
   598       2   4.10747479e-05   2.54940919e-10
   598       3   3.09367513e-15   0.00000000e+00
   599       1   9.99244356e-01   9.99464619e-01
   599       2   8.21915793e-05   5.10260625e-10
   599       3   6.40537934e-15   0.00000000e+00
   600       1   2.79011062e+04   9.65047395e+03
   600       2   6.96469027e-01   4.92755212e-06
   600       3   5.19098585e-11   0.00000000e+00
   601       1   1.00011809e+00   1.00010363e+00
   601       2   8.22642690e-05   5.10728875e-10
   601       3   5.96503716e-15   0.00000000e+00
   602       1   4.99849564e-01   4.99917953e-01
   602       2   4.11328801e-05   2.55334092e-10
   602       3   2.87303722e-15   0.00000000e+00
   603       1   3.32918899e-01   3.33104903e-01
   603       2   2.74189852e-05   1.70163470e-10
   603       3   1.91660138e-15   0.00000000e+00
   604       1   2.49320176e-01   2.49628489e-01
   604       2   2.05588521e-05   1.27534676e-10
   604       3   1.54945923e-15   0.00000000e+00
   605       1   1.99053545e-01   1.99485644e-01
   605       2   1.64401210e-05   1.01924816e-10
   605       3   1.06376081e-15   0.00000000e+00
   606       1   1.65452507e-01   1.66009245e-01
   606       2   1.36920574e-05   8.48403346e-11
   606       3   1.03573292e-15   0.00000000e+00
   607       1   1.41374250e-01   1.42056371e-01
   607       2   1.17272153e-05   7.26043136e-11
   607       3   8.89317383e-16   0.00000000e+00
   608       1   1.23247322e-01   1.24055599e-01
   608       2   1.02518748e-05   6.34258171e-11
   608       3   6.68330906e-16   0.00000000e+00
   609       1   1.09087531e-01   1.10022817e-01
   609       2   9.10285868e-06   5.62502460e-11
   609       3   5.95429758e-16   0.00000000e+00
   610       1   9.77043089e-02   9.87675588e-02
   610       2   8.18226027e-06   5.05039334e-11
   610       3   5.37258101e-16   0.00000000e+00
   611       1   8.83399758e-02   8.95322546e-02
   611       2   7.42777466e-06   4.57861315e-11
   611       3   6.53067162e-16   0.00000000e+00
   612       1   8.04893641e-02   8.18118534e-02
   612       2   6.79786451e-06   4.18379354e-11
   612       3   6.00506283e-16   0.00000000e+00
   613       1   7.38026985e-02   7.52567010e-02
   613       2   6.26377238e-06   3.85037441e-11
   613       3   5.56190783e-16   0.00000000e+00
   614       1   6.80300972e-02   6.96170404e-02
   614       2   5.80495643e-06   3.56294209e-11
   614       3   2.59178040e-16   0.00000000e+00
   615       1   6.29882722e-02   6.47097125e-02
   615       2   5.40635186e-06   3.31072667e-11
   615       3   4.85708351e-16   0.00000000e+00
   616       1   5.85397178e-02   6.03973440e-02
   616       2   5.05665927e-06   3.09138469e-11
   616       3   4.57277434e-16   0.00000000e+00
   617       1   5.45792433e-02   5.65748809e-02
   617       2   4.74723714e-06   2.89543366e-11
   617       3   2.16160815e-16   0.00000000e+00
   618       1   5.10249950e-02   5.31606108e-02
   618       2   4.47136354e-06   2.72159379e-11
   618       3   4.10264255e-16   0.00000000e+00
   619       1   4.78123139e-02   5.00900204e-02
   619       2   4.22373090e-06   2.56455533e-11
   619       3   3.90650222e-16   0.00000000e+00
   620       1   4.48894344e-02   4.73114954e-02
   620       2   4.00009239e-06   2.42337949e-11
   620       3   1.86557823e-16   0.00000000e+00
   621       1   4.22144136e-02   4.47832496e-02
   621       2   3.79700933e-06   2.29466491e-11
   621       3   1.78683073e-16   0.00000000e+00
   622       1   3.97528965e-02   4.24710910e-02
   622       2   3.61166751e-06   2.17661332e-11
   622       3   5.14741568e-16   0.00000000e+00
   623       1   3.74764648e-02   4.03467708e-02
   623       2   3.44174135e-06   2.06713052e-11
   623       3   1.65150860e-16   0.00000000e+00
   624       1   3.53613981e-02   3.83867452e-02
   624       2   3.28529210e-06   1.96816098e-11
   624       3   1.59311418e-16   0.00000000e+00
   625       1   3.33877321e-02   3.65712344e-02
   625       2   3.14069041e-06   1.87426411e-11
   625       3   3.07985709e-16   0.00000000e+00
   626       1   3.15385344e-02   3.48834987e-02
   626       2   3.00655678e-06   1.78865684e-11
   626       3   2.98273188e-16   0.00000000e+00
   627       1   2.97993404e-02   3.33092755e-02
   627       2   2.88171530e-06   1.70803508e-11
   627       3   1.44692839e-16   0.00000000e+00
   628       1   2.81577108e-02   3.18363368e-02
   628       2   2.76515716e-06   1.63230929e-11
   628       3   1.40619008e-16   0.00000000e+00
   629       1   2.66028791e-02   3.04541383e-02
   629       2   2.65601186e-06   1.56203018e-11
   629       3   1.36878502e-16   0.00000000e+00
   630       1   2.51254709e-02   2.91535390e-02
   630       2   2.55352408e-06   1.49578067e-11
   630       3   1.33439705e-16   0.00000000e+00
   631       1   2.37172762e-02   2.79265747e-02
   631       2   2.45703505e-06   1.43326502e-11
   631       3   1.30275199e-16   0.00000000e+00
   632       1   2.23710645e-02   2.67662739e-02
   632       2   2.36596739e-06   1.37363089e-11
   632       3   1.27361106e-16   0.00000000e+00
   633       1   2.10804336e-02   2.56665075e-02
   633       2   2.27981273e-06   1.31731343e-11
   633       3   1.24676563e-16   0.00000000e+00
   634       1   1.98396838e-02   2.46218648e-02
   634       2   2.19812149e-06   1.26441526e-11
   634       3   1.22203288e-16   0.00000000e+00
   635       1   1.86437146e-02   2.36275509e-02
   635       2   2.12049443e-06   1.21354472e-11
   635       3   2.39850437e-16   0.00000000e+00
   636       1   1.74879377e-02   2.26793011e-02
   636       2   2.04657553e-06   1.16597771e-11
   636       3   2.35656430e-16   0.00000000e+00
   637       1   1.63682031e-02   2.17733090e-02
   637       2   1.97604614e-06   1.11910380e-11
   637       3   1.15899808e-16   0.00000000e+00
   638       1   1.52807380e-02   2.09061665e-02
   638       2   1.90861990e-06   1.07450478e-11
   638       3   2.28257982e-16   0.00000000e+00
   639       1   1.42220931e-02   2.00748123e-02
   639       2   1.84403858e-06   1.03286587e-11
   639       3   1.12506046e-16   0.00000000e+00
   640       1   1.31890977e-02   1.92764887e-02
   640       2   1.78206841e-06   9.90354798e-12
   640       3   2.22044780e-16   0.00000000e+00
   641       1   1.21788200e-02   1.85087046e-02
   641       2   1.72249701e-06   9.52356446e-12
   641       3   2.19340915e-16   0.00000000e+00
   642       1   1.11885332e-02   1.77692033e-02
   642       2   1.66513074e-06   9.15081248e-12
   642       3   0.00000000e+00   0.00000000e+00
   643       1   1.02156852e-02   1.70559358e-02
   643       2   1.60979237e-06   8.77680349e-12
   643       3   2.14671867e-16   0.00000000e+00
   644       1   9.25787234e-03   1.63670365e-02
   644       2   1.55631910e-06   8.43155995e-12
   644       3   0.00000000e+00   0.00000000e+00
   645       1   8.31281512e-03   1.57008032e-02
   645       2   1.50456080e-06   8.08526163e-12
   645       3   2.10917101e-16   0.00000000e+00
   646       1   7.37833721e-03   1.50556791e-02
   646       2   1.45437847e-06   7.75606754e-12
   646       3   0.00000000e+00   0.00000000e+00
   647       1   6.45234554e-03   1.44302372e-02
   647       2   1.40564290e-06   7.45046401e-12
   647       3   0.00000000e+00   0.00000000e+00
   648       1   5.53281227e-03   1.38231669e-02
   648       2   1.35823343e-06   7.12786361e-12
   648       3   2.06860007e-16   0.00000000e+00
   649       1   4.61775771e-03   1.32332618e-02
   649       2   1.31203691e-06   6.83318537e-12
   649       3   0.00000000e+00   0.00000000e+00
   650       1   3.70523416e-03   1.26594094e-02
   650       2   1.26694667e-06   6.52643143e-12
   650       3   0.00000000e+00   0.00000000e+00
   651       1   2.79331018e-03   1.21005819e-02
   651       2   1.22286168e-06   6.24112170e-12
   651       3   2.04569605e-16   0.00000000e+00
   652       1   1.88005527e-03   1.15558277e-02
   652       2   1.17968568e-06   5.95791282e-12
   652       3   0.00000000e+00   0.00000000e+00
   653       1   9.63524428e-04   1.10242642e-02
   653       2   1.13732649e-06   5.70300102e-12
   653       3   0.00000000e+00   0.00000000e+00
   654       1   4.17424981e-05   1.05050715e-02
   654       2   1.09569521e-06   5.43701036e-12
   654       3   0.00000000e+00   0.00000000e+00
   655       1   8.87311961e-04   9.99748649e-03
   655       2   1.05470562e-06   5.17734779e-12
   655       3   2.04161657e-16   0.00000000e+00
   656       1   1.82572366e-03   9.50079782e-03
   656       2   1.01427344e-06   4.91779654e-12
   656       3   0.00000000e+00   0.00000000e+00
   657       1   2.77565867e-03   9.01434104e-03
   657       2   9.74315759e-07   4.67620426e-12
   657       3   2.05102525e-16   0.00000000e+00
   658       1   3.73938391e-03   8.53749465e-03
   658       2   9.34750328e-07   4.41832966e-12
   658       3   0.00000000e+00   0.00000000e+00
   659       1   4.71928855e-03   8.06967633e-03
   659       2   8.95494926e-07   4.19457353e-12
   659       3   2.06841418e-16   0.00000000e+00
   660       1   5.71790760e-03   7.61033953e-03
   660       2   8.56466675e-07   3.96211963e-12
   660       3   0.00000000e+00   0.00000000e+00
   661       1   6.73794841e-03   7.15897052e-03
   661       2   8.17581321e-07   3.71493264e-12
   661       3   0.00000000e+00   0.00000000e+00
   662       1   7.78232045e-03   6.71508557e-03
   662       2   7.78752464e-07   3.49161978e-12
   662       3   0.00000000e+00   0.00000000e+00
   663       1   8.85416930e-03   6.27822851e-03
   663       2   7.39890722e-07   3.27710526e-12
   663       3   0.00000000e+00   0.00000000e+00
   664       1   9.95691569e-03   5.84796846e-03
   664       2   7.00902813e-07   3.05236887e-12
   664       3   0.00000000e+00   0.00000000e+00
   665       1   1.10943006e-02   5.42389775e-03
   665       2   6.61690517e-07   2.82926681e-12
   665       3   2.17431142e-16   0.00000000e+00
   666       1   1.22704376e-02   5.00563010e-03
   666       2   6.22149508e-07   2.61196798e-12
   666       3   0.00000000e+00   0.00000000e+00
   667       1   1.34898749e-02   4.59279884e-03
   667       2   5.82168015e-07   2.42393044e-12
   667       3   0.00000000e+00   0.00000000e+00
   668       1   1.47576674e-02   4.18505542e-03
   668       2   5.41625262e-07   2.19712092e-12
   668       3   0.00000000e+00   0.00000000e+00
   669       1   1.60794632e-02   3.78206792e-03
   669       2   5.00389647e-07   1.99349428e-12
   669       3   0.00000000e+00   0.00000000e+00
   670       1   1.74616072e-02   3.38351975e-03
   670       2   4.58316593e-07   1.79355451e-12
   670       3   0.00000000e+00   0.00000000e+00
   671       1   1.89112644e-02   2.98910845e-03
   671       2   4.15245973e-07   1.58595983e-12
   671       3   0.00000000e+00   0.00000000e+00
   672       1   2.04365708e-02   2.59854455e-03
   672       2   3.70999028e-07   1.39960385e-12
   672       3   0.00000000e+00   0.00000000e+00
   673       1   2.20468168e-02   2.21155057e-03
   673       2   3.25374610e-07   1.19452160e-12
   673       3   0.00000000e+00   0.00000000e+00
   674       1   2.37526725e-02   1.82786002e-03
   674       2   2.78144596e-07   9.92167785e-13
   674       3   1.27293363e-16   0.00000000e+00
   675       1   2.55664671e-02   1.44721656e-03
   675       2   2.29048219e-07   8.00534502e-13
   675       3   0.00000000e+00   0.00000000e+00
   676       1   2.75025378e-02   1.06937316e-03
   676       2   1.77785004e-07   6.04053901e-13
   676       3   0.00000000e+00   0.00000000e+00
   677       1   2.95776692e-02   6.94091315e-04
   677       2   1.24005887e-07   4.15359490e-13
   677       3   0.00000000e+00   0.00000000e+00
   678       1   3.18116527e-02   3.21140352e-04
   678       2   6.73019264e-08   2.26578745e-13
   678       3   0.00000000e+00   0.00000000e+00
   679       1   3.42280053e-02   4.97032440e-05
   679       2   7.18981335e-09   4.24044951e-14
   679       3   0.00000000e+00   0.00000000e+00
   680       1   3.68549035e-02   4.18656461e-04
   680       2   5.69069519e-08   1.55115363e-13
   680       3   0.00000000e+00   0.00000000e+00
   681       1   3.97264127e-02   7.85930350e-04
   681       2   1.25682802e-07   3.42099627e-13
   681       3   0.00000000e+00   0.00000000e+00
   682       1   4.28841252e-02   1.15173058e-03
   682       2   1.99983082e-07   5.26535168e-13
   682       3   0.00000000e+00   0.00000000e+00
   683       1   4.63793767e-02   1.51625798e-03
   683       2   2.80848649e-07   7.10930159e-13
   683       3   0.00000000e+00   0.00000000e+00
   684       1   5.02762941e-02   1.87970899e-03
   684       2   3.69577180e-07   8.99109525e-13
   684       3   0.00000000e+00   0.00000000e+00
   685       1   5.46560610e-02   2.24227622e-03
   685       2   4.67808987e-07   1.07922800e-12
   685       3   0.00000000e+00   0.00000000e+00
   686       1   5.96230125e-02   2.60414882e-03
   686       2   5.77649592e-07   1.26410314e-12
   686       3   0.00000000e+00   0.00000000e+00
   687       1   6.53135422e-02   2.96551296e-03
   687       2   7.01848864e-07   1.45645067e-12
   687       3   0.00000000e+00   0.00000000e+00
   688       1   7.19094615e-02   3.32655224e-03
   688       2   8.44069706e-07   1.63159921e-12
   688       3   1.16187831e-16   0.00000000e+00
   689       1   7.96586475e-02   3.68744807e-03
   689       2   1.00930327e-06   1.82106157e-12
   689       3   1.25443070e-16   0.00000000e+00
   690       1   8.89080773e-02   4.04838012e-03
   690       2   1.20453332e-06   2.00656173e-12
   690       3   1.36595807e-16   0.00000000e+00
   691       1   1.00158886e-01   4.40952661e-03
   691       2   1.43984338e-06   2.19803488e-12
   691       3   0.00000000e+00   0.00000000e+00
   692       1   1.14162717e-01   4.77106476e-03
   692       2   1.73035441e-06   2.37486215e-12
   692       3   0.00000000e+00   0.00000000e+00
   693       1   1.32100655e-01   5.13317112e-03
   693       2   2.09982301e-06   2.56819223e-12
   693       3   1.89550160e-16   0.00000000e+00
   694       1   1.55941094e-01   5.49602190e-03
   694       2   2.58783801e-06   2.75087245e-12
   694       3   2.19108252e-16   0.00000000e+00
   695       1   1.89227020e-01   5.85979338e-03
   695       2   3.26565246e-06   2.93487690e-12
   695       3   3.90852904e-16   0.00000000e+00
   696       1   2.39044206e-01   6.22466222e-03
   696       2   4.27576287e-06   3.12146505e-12
   696       3   1.61427319e-16   0.00000000e+00
   697       1   3.21925597e-01   6.59080581e-03
   697       2   5.95064278e-06   3.31315659e-12
   697       3   2.13393635e-16   0.00000000e+00
   698       1   4.87467728e-01   6.95840262e-03
   698       2   9.28765066e-06   3.49985828e-12
   698       3   7.93532993e-16   0.00000000e+00
   699       1   9.83627324e-01   7.32763257e-03
   699       2   1.92729600e-05   3.69144119e-12
   699       3   1.41663905e-15   0.00000000e+00
   700       1   7.67871033e+03   7.69867736e-03
   700       2   1.33761989e-01   3.87702654e-12
   700       3   9.42413037e-12   0.00000000e+00
   701       1   1.00014802e+00   8.07172085e-03
   701       2   2.06050558e-05   4.07672698e-12
   701       3   1.54997277e-15   0.00000000e+00
   702       1   5.03801971e-01   8.44694940e-03
   702       2   1.06157612e-05   4.26854172e-12
   702       3   7.69101597e-16   0.00000000e+00
   703       1   3.38233937e-01   8.82455226e-03
   703       2   7.27872462e-06   4.45048535e-12
   703       3   6.10762849e-16   0.00000000e+00
   704       1   2.55353683e-01   9.20472193e-03
   704       2   5.60467382e-06   4.65753002e-12
   704       3   4.54804855e-16   0.00000000e+00
   705       1   2.05548243e-01   9.58765459e-03
   705       2   4.59586983e-06   4.84770792e-12
   705       3   3.61322177e-16   0.00000000e+00
   706       1   1.72280633e-01   9.97355047e-03
   706       2   3.91974668e-06   5.03574054e-12
   706       3   1.99383024e-16   0.00000000e+00
   707       1   1.48463719e-01   1.03626143e-02
   707       2   3.43377775e-06   5.24177881e-12
   707       3   3.39564923e-16   0.00000000e+00
   708       1   1.30553962e-01   1.07550557e-02
   708       2   3.06669913e-06   5.45214104e-12
   708       3   2.95234283e-16   0.00000000e+00
   709       1   1.16582729e-01   1.11510896e-02
   709       2   2.77891859e-06   5.64348993e-12
   709       3   1.30407895e-16   0.00000000e+00
   710       1   1.05368832e-01   1.15509370e-02
   710       2   2.54667957e-06   5.84973723e-12
   710       3   2.33334528e-16   0.00000000e+00
   711       1   9.61605909e-02   1.19548250e-02
   711       2   2.35486314e-06   6.06329161e-12
   711       3   0.00000000e+00   0.00000000e+00
   712       1   8.84568748e-02   1.23629876e-02
   712       2   2.19338895e-06   6.26981891e-12
   712       3   1.92242532e-16   0.00000000e+00
   713       1   8.19107335e-02   1.27756664e-02
   713       2   2.05527735e-06   6.48262904e-12
   713       3   1.76496168e-16   0.00000000e+00
   714       1   7.62743340e-02   1.31931107e-02
   714       2   1.93554203e-06   6.68751323e-12
   714       3   0.00000000e+00   0.00000000e+00
   715       1   7.13659216e-02   1.36155788e-02
   715       2   1.83052559e-06   6.91172297e-12
   715       3   1.51399536e-16   0.00000000e+00
   716       1   6.70491703e-02   1.40433378e-02
   716       2   1.73748427e-06   7.13520923e-12
   716       3   1.41248568e-16   0.00000000e+00
   717       1   6.32198215e-02   1.44766650e-02
   717       2   1.65431927e-06   7.35461376e-12
   717       3   1.32319078e-16   0.00000000e+00
   718       1   5.97967771e-02   1.49158485e-02
   718       2   1.57939761e-06   7.58023093e-12
   718       3   1.24407020e-16   0.00000000e+00
   719       1   5.67160043e-02   1.53611876e-02
   719       2   1.51142956e-06   7.80733137e-12
   719       3   0.00000000e+00   0.00000000e+00
   720       1   5.39262696e-02   1.58129941e-02
   720       2   1.44938286e-06   8.04458782e-12
   720       3   1.11023170e-16   0.00000000e+00
   721       1   5.13860916e-02   1.62715929e-02
   721       2   1.39242141e-06   8.27277004e-12
   721       3   0.00000000e+00   0.00000000e+00
   722       1   4.90615248e-02   1.67373230e-02
   722       2   1.33986073e-06   8.50829939e-12
   722       3   0.00000000e+00   0.00000000e+00
   723       1   4.69245214e-02   1.72105387e-02
   723       2   1.29113499e-06   8.74971029e-12
   723       3   0.00000000e+00   0.00000000e+00
   724       1   4.49517025e-02   1.76916106e-02
   724       2   1.24577230e-06   8.99479246e-12
   724       3   3.64645149e-16   0.00000000e+00
   725       1   4.31234251e-02   1.81809266e-02
   725       2   1.20337597e-06   9.25263259e-12
   725       3   0.00000000e+00   0.00000000e+00
   726       1   4.14230629e-02   1.86788935e-02
   726       2   1.16361000e-06   9.50963121e-12
   726       3   0.00000000e+00   0.00000000e+00
   727       1   3.98364485e-02   1.91859382e-02
   727       2   1.12618791e-06   9.77404932e-12
   727       3   1.60572096e-16   0.00000000e+00
   728       1   3.83514338e-02   1.97025092e-02
   728       2   1.09086387e-06   1.00347476e-11
   728       3   1.54414094e-16   0.00000000e+00
   729       1   3.69575425e-02   2.02290783e-02
   729       2   1.05742570e-06   1.03046744e-11
   729       3   1.48707486e-16   0.00000000e+00
   730       1   3.56456909e-02   2.07661422e-02
   730       2   1.02568927e-06   1.05767315e-11
   730       3   1.43406852e-16   0.00000000e+00
   731       1   3.44079639e-02   2.13142247e-02
   731       2   9.95494007e-07   1.08640301e-11
   731       3   0.00000000e+00   0.00000000e+00
   732       1   3.32374320e-02   2.18738783e-02
   732       2   9.66699182e-07   1.11618989e-11
   732       3   1.33870306e-16   0.00000000e+00
   733       1   3.21280024e-02   2.24456869e-02
   733       2   9.39180936e-07   1.14436082e-11
   733       3   0.00000000e+00   0.00000000e+00
   734       1   3.10742957e-02   2.30302680e-02
   734       2   9.12829791e-07   1.17512839e-11
   734       3   0.00000000e+00   0.00000000e+00
   735       1   3.00715442e-02   2.36282755e-02
   735       2   8.87548604e-07   1.20619905e-11
   735       3   0.00000000e+00   0.00000000e+00
   736       1   2.91155070e-02   2.42404025e-02
   736       2   8.63250859e-07   1.23741664e-11
   736       3   0.00000000e+00   0.00000000e+00
   737       1   2.82023984e-02   2.48673847e-02
   737       2   8.39859231e-07   1.27021601e-11
   737       3   1.14888796e-16   0.00000000e+00
   738       1   2.73288288e-02   2.55100036e-02
   738       2   8.17304384e-07   1.30269094e-11
   738       3   1.11749111e-16   0.00000000e+00
   739       1   2.64917533e-02   2.61690907e-02
   739       2   7.95523946e-07   1.33679589e-11
   739       3   0.00000000e+00   0.00000000e+00
   740       1   2.56884287e-02   2.68455316e-02
   740       2   7.74461645e-07   1.37142844e-11
   740       3   2.11988474e-16   0.00000000e+00
   741       1   2.49163770e-02   2.75402706e-02
   741       2   7.54066564e-07   1.40682185e-11
   741       3   2.06706645e-16   0.00000000e+00
   742       1   2.41733537e-02   2.82543161e-02
   742       2   7.34292509e-07   1.44371222e-11
   742       3   0.00000000e+00   0.00000000e+00
   743       1   2.34573205e-02   2.89887461e-02
   743       2   7.15097461e-07   1.48188291e-11
   743       3   0.00000000e+00   0.00000000e+00
   744       1   2.27664221e-02   2.97447144e-02
   744       2   6.96443100e-07   1.52076649e-11
   744       3   0.00000000e+00   0.00000000e+00
   745       1   2.20989656e-02   3.05234581e-02
   745       2   6.78294403e-07   1.56103028e-11
   745       3   0.00000000e+00   0.00000000e+00
   746       1   2.14534031e-02   3.13263048e-02
   746       2   6.60619280e-07   1.60219879e-11
   746       3   0.00000000e+00   0.00000000e+00
   747       1   2.08283162e-02   3.21546820e-02
   747       2   6.43388268e-07   1.64529007e-11
   747       3   0.00000000e+00   0.00000000e+00
   748       1   2.02224025e-02   3.30101261e-02
   748       2   6.26574254e-07   1.68986081e-11
   748       3   0.00000000e+00   0.00000000e+00
   749       1   1.96344634e-02   3.38942936e-02
   749       2   6.10152242e-07   1.73498528e-11
   749       3   0.00000000e+00   0.00000000e+00
   750       1   1.90633944e-02   3.48089733e-02
   750       2   5.94099138e-07   1.78237236e-11
   750       3   1.69946042e-16   0.00000000e+00
   751       1   1.85081753e-02   3.57560999e-02
   751       2   5.78393565e-07   1.83203709e-11
   751       3   0.00000000e+00   0.00000000e+00
   752       1   1.79678621e-02   3.67377694e-02
   752       2   5.63015701e-07   1.88149916e-11
   752       3   0.00000000e+00   0.00000000e+00
   753       1   1.74415801e-02   3.77562564e-02
   753       2   5.47947129e-07   1.93430671e-11
   753       3   1.60946878e-16   0.00000000e+00
   754       1   1.69285174e-02   3.88140339e-02
   754       2   5.33170710e-07   1.98912856e-11
   754       3   0.00000000e+00   0.00000000e+00
   755       1   1.64279187e-02   3.99137954e-02
   755       2   5.18670467e-07   2.04609909e-11
   755       3   1.55623187e-16   0.00000000e+00
   756       1   1.59390810e-02   4.10584807e-02
   756       2   5.04431481e-07   2.10538958e-11
   756       3   1.53142773e-16   0.00000000e+00
   757       1   1.54613481e-02   4.22513044e-02
   757       2   4.90439797e-07   2.16641097e-11
   757       3   0.00000000e+00   0.00000000e+00
   758       1   1.49941073e-02   4.34957892e-02
   758       2   4.76682343e-07   2.23156154e-11
   758       3   0.00000000e+00   0.00000000e+00
   759       1   1.45367853e-02   4.47958041e-02
   759       2   4.63146855e-07   2.29880726e-11
   759       3   1.46355533e-16   0.00000000e+00
   760       1   1.40888449e-02   4.61556080e-02
   760       2   4.49821807e-07   2.36955030e-11
   760       3   0.00000000e+00   0.00000000e+00
   761       1   1.36497820e-02   4.75799005e-02
   761       2   4.36696354e-07   2.44273781e-11
   761       3   0.00000000e+00   0.00000000e+00
   762       1   1.32191230e-02   4.90738807e-02
   762       2   4.23760273e-07   2.51977236e-11
   762       3   1.40442763e-16   0.00000000e+00
   763       1   1.27964223e-02   5.06433151e-02
   763       2   4.11003917e-07   2.60171952e-11
   763       3   0.00000000e+00   0.00000000e+00
   764       1   1.23812600e-02   5.22946183e-02
   764       2   3.98418166e-07   2.68797982e-11
   764       3   0.00000000e+00   0.00000000e+00
   765       1   1.19732398e-02   5.40349461e-02
   765       2   3.85994388e-07   2.77778329e-11
   765       3   0.00000000e+00   0.00000000e+00
   766       1   1.15719874e-02   5.58723065e-02
   766       2   3.73724400e-07   2.87376354e-11
   766       3   0.00000000e+00   0.00000000e+00
   767       1   1.11771488e-02   5.78156904e-02
   767       2   3.61600437e-07   2.97503786e-11
   767       3   0.00000000e+00   0.00000000e+00
   768       1   1.07883883e-02   5.98752278e-02
   768       2   3.49615115e-07   3.08189667e-11
   768       3   0.00000000e+00   0.00000000e+00
   769       1   1.04053877e-02   6.20623737e-02
   769       2   3.37761407e-07   3.19557637e-11
   769       3   0.00000000e+00   0.00000000e+00
   770       1   1.00278447e-02   6.43901331e-02
   770       2   3.26032617e-07   3.31642300e-11
   770       3   0.00000000e+00   0.00000000e+00
   771       1   9.65547180e-03   6.68733321e-02
   771       2   3.14422349e-07   3.44574960e-11
   771       3   1.26906797e-16   0.00000000e+00
   772       1   9.28799500e-03   6.95289488e-02
   772       2   3.02924494e-07   3.58423577e-11
   772       3   1.25728125e-16   0.00000000e+00
   773       1   8.92515314e-03   7.23765182e-02
   773       2   2.91533204e-07   3.73253248e-11
   773       3   0.00000000e+00   0.00000000e+00
   774       1   8.56669674e-03   7.54386331e-02
   774       2   2.80242872e-07   3.89193838e-11
   774       3   0.00000000e+00   0.00000000e+00
   775       1   8.21238722e-03   7.87415668e-02
   775       2   2.69048119e-07   4.06548920e-11
   775       3   0.00000000e+00   0.00000000e+00
   776       1   7.86199610e-03   8.23160541e-02
   776       2   2.57943775e-07   4.25317903e-11
   776       3   0.00000000e+00   0.00000000e+00
   777       1   7.51530425e-03   8.61982813e-02
   777       2   2.46924863e-07   4.45611966e-11
   777       3   1.20647288e-16   0.00000000e+00
   778       1   7.17210125e-03   9.04311500e-02
   778       2   2.35986586e-07   4.67842194e-11
   778       3   0.00000000e+00   0.00000000e+00
   779       1   6.83218469e-03   9.50659107e-02
   779       2   2.25124315e-07   4.92207334e-11
   779       3   1.18963676e-16   0.00000000e+00
   780       1   6.49535965e-03   1.00164297e-01
   780       2   2.14333575e-07   5.19042234e-11
   780       3   0.00000000e+00   0.00000000e+00
   781       1   6.16143809e-03   1.05801351e-01
   781       2   2.03610035e-07   5.48790096e-11
   781       3   0.00000000e+00   0.00000000e+00
   782       1   5.83023838e-03   1.12069208e-01
   782       2   1.92949496e-07   5.81746772e-11
   782       3   0.00000000e+00   0.00000000e+00
   783       1   5.50158477e-03   1.19082260e-01
   783       2   1.82347882e-07   6.18864064e-11
   783       3   0.00000000e+00   0.00000000e+00
   784       1   5.17530698e-03   1.26984299e-01
   784       2   1.71801229e-07   6.60661515e-11
   784       3   0.00000000e+00   0.00000000e+00
   785       1   4.85123973e-03   1.35958606e-01
   785       2   1.61305679e-07   7.08379002e-11
   785       3   0.00000000e+00   0.00000000e+00
   786       1   4.52922237e-03   1.46242491e-01
   786       2   1.50857467e-07   7.63083862e-11
   786       3   1.14453321e-16   0.00000000e+00
   787       1   4.20909847e-03   1.58148767e-01
   787       2   1.40452920e-07   8.26608675e-11
   787       3   0.00000000e+00   0.00000000e+00
   788       1   3.89071546e-03   1.72098326e-01
   788       2   1.30088440e-07   9.01390257e-11
   788       3   0.00000000e+00   0.00000000e+00
   789       1   3.57392432e-03   1.88671161e-01
   789       2   1.19760504e-07   9.90450733e-11
   789       3   0.00000000e+00   0.00000000e+00
   790       1   3.25857919e-03   2.08689246e-01
   790       2   1.09465657e-07   1.09848716e-10
   790       3   0.00000000e+00   0.00000000e+00
   791       1   2.94453711e-03   2.33357128e-01
   791       2   9.92004998e-08   1.23237874e-10
   791       3   0.00000000e+00   0.00000000e+00
   792       1   2.63165768e-03   2.64513174e-01
   792       2   8.89616876e-08   1.40242184e-10
   792       3   0.00000000e+00   0.00000000e+00
   793       1   2.31980280e-03   3.05108055e-01
   793       2   7.87459224e-08   1.62597426e-10
   793       3   0.00000000e+00   0.00000000e+00
   794       1   2.00883636e-03   3.60191751e-01
   794       2   6.85499464e-08   1.93226216e-10
   794       3   0.00000000e+00   0.00000000e+00
   795       1   1.69862397e-03   4.39171506e-01
   795       2   5.83705366e-08   2.37675574e-10
   795       3   0.00000000e+00   0.00000000e+00
   796       1   1.38903271e-03   5.61754118e-01
   796       2   4.82045000e-08   3.07880759e-10
   796       3   0.00000000e+00   0.00000000e+00
   797       1   1.07993087e-03   7.77094614e-01
   797       2   3.80486663e-08   4.34283797e-10
   797       3   0.00000000e+00   0.00000000e+00
   798       1   7.71187687e-04   1.24931207e+00
   798       2   2.78998842e-08   7.22369653e-10
   798       3   0.00000000e+00   0.00000000e+00
   799       1   4.62673092e-04   2.99880358e+00
   799       2   1.77550151e-08   1.86930191e-09
   799       3   0.00000000e+00   0.00000000e+00
   800       1   1.54257472e-04   2.63048395e+05
   800       2   7.61092744e-09   2.23239584e-04
   800       3   0.00000000e+00   0.00000000e+00