  TimeWindow  Iteration  ResRel(Mass-Left-Mesh:Displacement-Left)  ResRel(Mass-Left-Mesh:Displacement-Right)
     1       1   1.00000000e+00   1.00000000e+00
     1       2   2.53699959e-09   1.79090457e-10
     1       3   0.00000000e+00   0.00000000e+00
     2       1   4.62838350e-04   7.49961467e-01
     2       2   1.26888902e-08   3.06235089e-10
     2       3   0.00000000e+00   0.00000000e+00
     3       1   7.71733934e-04   5.55441313e-01
     3       2   2.28493998e-08   2.52287776e-10
     3       3   0.00000000e+00   0.00000000e+00
     4       1   1.08104939e-03   4.37297533e-01
     4       2   3.30216808e-08   2.07231388e-10
     4       3   0.00000000e+00   0.00000000e+00
     5       1   1.39091576e-03   3.59703765e-01
     5       2   4.32089055e-08   1.74399021e-10
     5       3   0.00000000e+00   0.00000000e+00
     6       1   1.70146509e-03   3.05162611e-01
     6       2   5.34142697e-08   1.50086744e-10
     6       3   0.00000000e+00   0.00000000e+00
     7       1   2.01283072e-03   2.64814708e-01
     7       2   6.36409994e-08   1.31525962e-10
     7       3   0.00000000e+00   0.00000000e+00
     8       1   2.32514753e-03   2.33783963e-01
     8       2   7.38923563e-08   1.16943767e-10
     8       3   0.00000000e+00   0.00000000e+00
     9       1   2.63855222e-03   2.09185077e-01
     9       2   8.41716419e-08   1.05213699e-10
     9       3   0.00000000e+00   0.00000000e+00
    10       1   2.95318355e-03   1.89207502e-01
    10       2   9.44822062e-08   9.55739027e-11
    10       3   0.00000000e+00   0.00000000e+00
    11       1   3.26918266e-03   1.72659718e-01
    11       2   1.04827451e-07   8.75189679e-11
    11       3   0.00000000e+00   0.00000000e+00
    12       1   3.58669336e-03   1.58726332e-01
    12       2   1.15210840e-07   8.06873603e-11
    12       3   0.00000000e+00   0.00000000e+00
    13       1   3.90586241e-03   1.46830885e-01
    13       2   1.25635900e-07   7.48237705e-11
    13       3   0.00000000e+00   0.00000000e+00
    14       1   4.22683987e-03   1.36554482e-01
    14       2   1.36106232e-07   6.97287348e-11
    14       3   0.00000000e+00   0.00000000e+00
    15       1   4.54977942e-03   1.27585493e-01
    15       2   1.46625518e-07   6.52656332e-11
    15       3   0.00000000e+00   0.00000000e+00
    16       1   4.87483868e-03   1.19687330e-01
    16       2   1.57197528e-07   6.13232146e-11
    16       3   0.00000000e+00   0.00000000e+00
    17       1   5.20217963e-03   1.12677170e-01
    17       2   1.67826125e-07   5.78100411e-11
    17       3   0.00000000e+00   0.00000000e+00
    18       1   5.53196897e-03   1.06411518e-01
    18       2   1.78515278e-07   5.46621756e-11
    18       3   0.00000000e+00   0.00000000e+00
    19       1   5.86437852e-03   1.00776182e-01
    19       2   1.89269070e-07   5.18257200e-11
    19       3   0.00000000e+00   0.00000000e+00
    20       1   6.19958567e-03   9.56791609e-02
    20       2   2.00091703e-07   4.92541695e-11
    20       3   0.00000000e+00   0.00000000e+00
    21       1   6.53777385e-03   9.10455085e-02
    21       2   2.10987514e-07   4.69117650e-11
    21       3   0.00000000e+00   0.00000000e+00
    22       1   6.87913299e-03   8.68135575e-02
    22       2   2.21960981e-07   4.47685139e-11
    22       3   0.00000000e+00   0.00000000e+00
    23       1   7.22386006e-03   8.29321056e-02
    23       2   2.33016737e-07   4.27991940e-11
    23       3   0.00000000e+00   0.00000000e+00
    24       1   7.57215965e-03   7.93582863e-02
    24       2   2.44159578e-07   4.09818420e-11
    24       3   0.00000000e+00   0.00000000e+00
    25       1   7.92424454e-03   7.60559395e-02
    25       2   2.55394484e-07   3.93029417e-11
    25       3   0.00000000e+00   0.00000000e+00
    26       1   8.28033633e-03   7.29943498e-02
    26       2   2.66726622e-07   3.77436594e-11
    26       3   0.00000000e+00   0.00000000e+00
    27       1   8.64066620e-03   7.01472588e-02
    27       2   2.78161369e-07   3.62911976e-11
    27       3   1.24605864e-16   0.00000000e+00
    28       1   9.00547558e-03   6.74920852e-02
    28       2   2.89704327e-07   3.49368940e-11
    28       3   1.25727963e-16   0.00000000e+00
    29       1   9.37501699e-03   6.50093026e-02
    29       2   3.01361335e-07   3.36692898e-11
    29       3   0.00000000e+00   0.00000000e+00
    30       1   9.74955489e-03   6.26819401e-02
    30       2   3.13138491e-07   3.24780685e-11
    30       3   0.00000000e+00   0.00000000e+00
    31       1   1.01293666e-02   6.04951770e-02
    31       2   3.25042175e-07   3.13584742e-11
    31       3   0.00000000e+00   0.00000000e+00
    32       1   1.05147435e-02   5.84360127e-02
    32       2   3.37079066e-07   3.03063878e-11
    32       3   0.00000000e+00   0.00000000e+00
    33       1   1.09059918e-02   5.64929956e-02
    33       2   3.49256165e-07   2.93067557e-11
    33       3   0.00000000e+00   0.00000000e+00
    34       1   1.13034339e-02   5.46559987e-02
    34       2   3.61580828e-07   2.83668167e-11
    34       3   0.00000000e+00   0.00000000e+00
    35       1   1.17074100e-02   5.29160333e-02
    35       2   3.74060783e-07   2.74724287e-11
    35       3   0.00000000e+00   0.00000000e+00
    36       1   1.21182790e-02   5.12650936e-02
    36       2   3.86704170e-07   2.66253260e-11
    36       3   0.00000000e+00   0.00000000e+00
    37       1   1.25364203e-02   4.96960251e-02
    37       2   3.99519569e-07   2.58200071e-11
    37       3   1.38645408e-16   0.00000000e+00
    38       1   1.29622357e-02   4.82024150e-02
    38       2   4.12516036e-07   2.50476565e-11
    38       3   0.00000000e+00   0.00000000e+00
    39       1   1.33961510e-02   4.67784977e-02
    39       2   4.25703147e-07   2.43198672e-11
    39       3   0.00000000e+00   0.00000000e+00
    40       1   1.38386182e-02   4.54190751e-02
    40       2   4.39091038e-07   2.36190041e-11
    40       3   0.00000000e+00   0.00000000e+00
    41       1   1.42901176e-02   4.41194486e-02
    41       2   4.52690452e-07   2.29510259e-11
    41       3   0.00000000e+00   0.00000000e+00
    42       1   1.47511606e-02   4.28753600e-02
    42       2   4.66512796e-07   2.23102135e-11
    42       3   0.00000000e+00   0.00000000e+00
    43       1   1.52222922e-02   4.16829412e-02
    43       2   4.80570198e-07   2.16963111e-11
    43       3   0.00000000e+00   0.00000000e+00
    44       1   1.57040940e-02   4.05386698e-02
    44       2   4.94875567e-07   2.11048435e-11
    44       3   0.00000000e+00   0.00000000e+00
    45       1   1.61971880e-02   3.94393320e-02
    45       2   5.09442671e-07   2.05379569e-11
    45       3   0.00000000e+00   0.00000000e+00
    46       1   1.67022397e-02   3.83819886e-02
    46       2   5.24286214e-07   1.99916556e-11
    46       3   0.00000000e+00   0.00000000e+00
    47       1   1.72199630e-02   3.73639465e-02
    47       2   5.39421922e-07   1.94675747e-11
    47       3   0.00000000e+00   0.00000000e+00
    48       1   1.77511240e-02   3.63827333e-02
    48       2   5.54866641e-07   1.89629439e-11
    48       3   1.63803379e-16   0.00000000e+00
    49       1   1.82965472e-02   3.54360746e-02
    49       2   5.70638454e-07   1.84705156e-11
    49       3   0.00000000e+00   0.00000000e+00
    50       1   1.88571205e-02   3.45218750e-02
    50       2   5.86756791e-07   1.79996601e-11
    50       3   1.69945594e-16   0.00000000e+00
    51       1   1.94338019e-02   3.36382003e-02
    51       2   6.03242581e-07   1.75436587e-11
    51       3   0.00000000e+00   0.00000000e+00
    52       1   2.00276273e-02   3.27832620e-02
    52       2   6.20118395e-07   1.71002480e-11
    52       3   0.00000000e+00   0.00000000e+00
    53       1   2.06397181e-02   3.19554041e-02
    53       2   6.37408625e-07   1.66737107e-11
    53       3   0.00000000e+00   0.00000000e+00
    54       1   2.12712911e-02   3.11530905e-02
    54       2   6.55139684e-07   1.62576774e-11
    54       3   0.00000000e+00   0.00000000e+00
    55       1   2.19236687e-02   3.03748943e-02
    55       2   6.73340223e-07   1.58564433e-11
    55       3   0.00000000e+00   0.00000000e+00
    56       1   2.25982913e-02   2.96194882e-02
    56       2   6.92041390e-07   1.54637724e-11
    56       3   0.00000000e+00   0.00000000e+00
    57       1   2.32967305e-02   2.88856356e-02
    57       2   7.11277115e-07   1.50849552e-11
    57       3   0.00000000e+00   0.00000000e+00
    58       1   2.40207055e-02   2.81721831e-02
    58       2   7.31084442e-07   1.47147526e-11
    58       3   0.00000000e+00   0.00000000e+00
    59       1   2.47721002e-02   2.74780530e-02
    59       2   7.51503904e-07   1.43590292e-11
    59       3   0.00000000e+00   0.00000000e+00
    60       1   2.55529846e-02   2.68022376e-02
    60       2   7.72579962e-07   1.40066700e-11
    60       3   0.00000000e+00   0.00000000e+00
    61       1   2.63656382e-02   2.61437929e-02
    61       2   7.94361501e-07   1.36649157e-11
    61       3   0.00000000e+00   0.00000000e+00
    62       1   2.72125776e-02   2.55018338e-02
    62       2   8.16902414e-07   1.33324999e-11
    62       3   0.00000000e+00   0.00000000e+00
    63       1   2.80965886e-02   2.48755295e-02
    63       2   8.40262275e-07   1.30058821e-11
    63       3   0.00000000e+00   0.00000000e+00
    64       1   2.90207638e-02   2.42640986e-02
    64       2   8.64507121e-07   1.26904426e-11
    64       3   2.36444806e-16   0.00000000e+00
    65       1   2.99885459e-02   2.36668063e-02
    65       2   8.89710380e-07   1.23799739e-11
    65       3   1.21767613e-16   0.00000000e+00
    66       1   3.10037798e-02   2.30829598e-02
    66       2   9.15953948e-07   1.20783271e-11
    66       3   2.51085508e-16   0.00000000e+00
    67       1   3.20707729e-02   2.25119058e-02
    67       2   9.43329468e-07   1.17819915e-11
    67       3   1.29568885e-16   0.00000000e+00
    68       1   3.31943678e-02   2.19530274e-02
    68       2   9.71939853e-07   1.14924791e-11
    68       3   0.00000000e+00   0.00000000e+00
    69       1   3.43800282e-02   2.14057414e-02
    69       2   1.00190110e-06   1.12072610e-11
    69       3   0.00000000e+00   0.00000000e+00
    70       1   3.56339430e-02   2.08694958e-02
    70       2   1.03334445e-06   1.09275837e-11
    70       3   1.43406173e-16   0.00000000e+00
    71       1   3.69631505e-02   2.03437674e-02
    71       2   1.06641903e-06   1.06567983e-11
    71       3   1.48706759e-16   0.00000000e+00
    72       1   3.83756904e-02   1.98280603e-02
    72       2   1.10129505e-06   1.03874451e-11
    72       3   0.00000000e+00   0.00000000e+00
    73       1   3.98807895e-02   1.93219033e-02
    73       2   1.13816765e-06   1.01227380e-11
    73       3   1.60571255e-16   0.00000000e+00
    74       1   4.14890895e-02   1.88248487e-02
    74       2   1.17726175e-06   9.86750903e-12
    74       3   1.67233014e-16   0.00000000e+00
    75       1   4.32129297e-02   1.83364703e-02
    75       2   1.21883795e-06   9.61519466e-12
    75       3   1.74459430e-16   0.00000000e+00
    76       1   4.50667012e-02   1.78563621e-02
    76       2   1.26319999e-06   9.36150123e-12
    76       3   1.82321510e-16   0.00000000e+00
    77       1   4.70672926e-02   1.73841369e-02
    77       2   1.31070408e-06   9.11901908e-12
    77       3   0.00000000e+00   0.00000000e+00
    78       1   4.92346573e-02   1.69194250e-02
    78       2   1.36177084e-06   8.87895148e-12
    78       3   4.00602786e-16   0.00000000e+00
    79       1   5.15925431e-02   1.64618731e-02
    79       2   1.41690063e-06   8.63832861e-12
    79       3   0.00000000e+00   0.00000000e+00
    80       1   5.41694410e-02   1.60111431e-02
    80       2   1.47669345e-06   8.40488815e-12
    80       3   1.11022407e-16   0.00000000e+00
    81       1   5.69998330e-02   1.55669108e-02
    81       2   1.54187516e-06   8.17355706e-12
    81       3   1.17350484e-16   0.00000000e+00
    82       1   6.01258559e-02   1.51288657e-02
    82       2   1.61333241e-06   7.94842460e-12
    82       3   1.24406082e-16   0.00000000e+00
    83       1   6.35995530e-02   1.46967093e-02
    83       2   1.69215992e-06   7.72118966e-12
    83       3   2.64636059e-16   0.00000000e+00
    84       1   6.74859694e-02   1.42701548e-02
    84       2   1.77972550e-06   7.50066741e-12
    84       3   1.41247389e-16   0.00000000e+00
    85       1   7.18674853e-02   1.38489261e-02
    85       2   1.87776103e-06   7.28097141e-12
    85       3   1.51398199e-16   0.00000000e+00
    86       1   7.68500077e-02   1.34327569e-02
    86       2   1.98849245e-06   7.06562879e-12
    86       3   1.63032827e-16   0.00000000e+00
    87       1   8.25720180e-02   1.30213904e-02
    87       2   2.11482979e-06   6.85007354e-12
    87       3   1.76494404e-16   0.00000000e+00
    88       1   8.92181447e-02   1.26145786e-02
    88       2   2.26065215e-06   6.64025183e-12
    88       3   1.92240472e-16   0.00000000e+00
    89       1   9.70401392e-02   1.22120812e-02
    89       2   2.43124814e-06   6.43217740e-12
    89       3   2.10895002e-16   0.00000000e+00
    90       1   1.06390437e-01   1.18136657e-02
    90       2   2.63402060e-06   6.21893737e-12
    90       3   1.16665799e-16   0.00000000e+00
    91       1   1.17778091e-01   1.14191063e-02
    91       2   2.87966113e-06   6.01634401e-12
    91       3   2.60812198e-16   0.00000000e+00
    92       1   1.31966662e-01   1.10281837e-02
    92       2   3.18420550e-06   5.81462137e-12
    92       3   1.47614886e-16   0.00000000e+00
    93       1   1.50156005e-01   1.06406846e-02
    93       2   3.57285086e-06   5.61161810e-12
    93       3   5.09338624e-16   0.00000000e+00
    94       1   1.74345856e-01   1.02564010e-02
    94       2   4.08759017e-06   5.40990501e-12
    94       3   3.98758171e-16   0.00000000e+00
    95       1   2.08135718e-01   9.87512994e-03
    95       2   4.80400805e-06   5.21309074e-12
    95       3   3.61313756e-16   0.00000000e+00
    96       1   2.58724601e-01   9.49667316e-03
    96       2   5.87327063e-06   5.01294196e-12
    96       3   4.54791843e-16   0.00000000e+00
    97       1   3.42910329e-01   9.12083641e-03
    97       2   7.64809639e-06   4.82068933e-12
    97       3   6.10739992e-16   0.00000000e+00
    98       1   5.11087353e-01   8.74742923e-03
    98       2   1.11866476e-05   4.62433367e-12
    98       3   9.22871154e-16   0.00000000e+00
    99       1   1.01524082e+00   8.37626456e-03
    99       2   2.17799041e-05   4.43381146e-12
    99       3   2.16972830e-15   0.00000000e+00
   100       1   1.54712622e+04   8.00715829e-03
   100       2   4.81189796e-01   4.24114264e-12
   100       3   4.08397941e-11   0.00000000e+00
   101       1   9.99955673e-01   7.63992898e-03
   101       2   2.05203943e-05   4.04669818e-12
   101       3   1.73162538e-15   0.00000000e+00
   102       1   4.95894867e-01   7.27439744e-03
   102       2   9.92805550e-06   3.85902672e-12
   102       3   7.93572645e-16   0.00000000e+00
   103       1   3.27726376e-01   6.91038639e-03
   103       2   6.38896491e-06   3.66861351e-12
   103       3   4.26801093e-16   0.00000000e+00
   104       1   2.43533431e-01   6.54772016e-03
   104       2   4.61311123e-06   3.47871413e-12
   104       3   3.22862247e-16   0.00000000e+00
   105       1   1.92929989e-01   6.18622429e-03
   105       2   3.54245021e-06   3.29355512e-12
   105       3   1.30286680e-16   0.00000000e+00
   106       1   1.59120282e-01   5.82572521e-03
   106       2   2.82429107e-06   3.09992179e-12
   106       3   4.38222946e-16   0.00000000e+00
   107       1   1.34905985e-01   5.46604992e-03
   107       2   2.30747557e-06   2.91398351e-12
   107       3   1.89552461e-16   0.00000000e+00
   108       1   1.16687863e-01   5.10702564e-03
   108       2   1.91642070e-06   2.72962817e-12
   108       3   1.67434311e-16   0.00000000e+00
   109       1   1.02466284e-01   4.74847946e-03
   109       2   1.60913247e-06   2.54354349e-12
   109       3   1.50278181e-16   0.00000000e+00
   110       1   9.10414250e-02   4.39023802e-03
   110       2   1.36041133e-06   2.35143989e-12
   110       3   0.00000000e+00   0.00000000e+00
   111       1   8.16497218e-02   4.03212713e-03
   111       2   1.15421821e-06   2.16734597e-12
   111       3   1.25443879e-16   0.00000000e+00
   112       1   7.37820925e-02   3.67397145e-03
   112       2   9.79857494e-07   1.98086480e-12
   112       3   1.16188481e-16   0.00000000e+00
   113       1   6.70860595e-02   3.31559408e-03
   113       2   8.29921741e-07   1.79037631e-12
   113       3   0.00000000e+00   0.00000000e+00
   114       1   6.13098173e-02   2.95681625e-03
   114       2   6.99117167e-07   1.60491249e-12
   114       3   2.03496803e-16   0.00000000e+00
   115       1   5.62686737e-02   2.59745688e-03
   115       2   5.83558955e-07   1.41900631e-12
   115       3   0.00000000e+00   0.00000000e+00
   116       1   5.18240752e-02   2.23733223e-03
   116       2   4.80330809e-07   1.23014870e-12
   116       3   0.00000000e+00   0.00000000e+00
   117       1   4.78700348e-02   1.87625544e-03
   117       2   3.87199943e-07   1.04265098e-12
   117       3   0.00000000e+00   0.00000000e+00
   118       1   4.43240841e-02   1.51403614e-03
   118       2   3.02427070e-07   8.52548782e-13
   118       3   0.00000000e+00   0.00000000e+00
   119       1   4.11210823e-02   1.15047999e-03
   119       2   2.24636378e-07   6.65282941e-13
   119       3   1.58878961e-16   0.00000000e+00
   120       1   3.82088825e-02   7.85388207e-04
   120       2   1.52724503e-07   4.72128532e-13
   120       3   0.00000000e+00   0.00000000e+00
   121       1   3.55452356e-02   4.18557053e-04
   121       2   8.57955054e-08   2.81975840e-13
   121       3   0.00000000e+00   0.00000000e+00
   122       1   3.30955392e-02   4.97773459e-05
   122       2   2.31135556e-08   8.91316596e-14
   122       3   0.00000000e+00   0.00000000e+00
   123       1   3.08311730e-02   3.21166116e-04
   123       2   3.59320370e-08   1.02289066e-13
   123       3   0.00000000e+00   0.00000000e+00
   124       1   2.87282502e-02   6.94495135e-04
   124       2   9.18530747e-08   3.00727925e-13
   124       3   0.00000000e+00   0.00000000e+00
   125       1   2.67666688e-02   1.07043874e-03
   125       2   1.45082430e-07   4.97028509e-13
   125       3   0.00000000e+00   0.00000000e+00
   126       1   2.49293816e-02   1.44923385e-03
   126       2   1.95989415e-07   6.90537836e-13
   126       3   0.00000000e+00   0.00000000e+00
   127       1   2.32018275e-02   1.83112598e-03
   127       2   2.44891751e-07   8.90019388e-13
   127       3   0.00000000e+00   0.00000000e+00
   128       1   2.15714856e-02   2.21637004e-03
   128       2   2.92064984e-07   1.09355487e-12
   128       3   0.00000000e+00   0.00000000e+00
   129       1   2.00275203e-02   2.60523109e-03
   129       2   3.37749980e-07   1.29820042e-12
   129       3   0.00000000e+00   0.00000000e+00
   130       1   1.85604982e-02   2.99798529e-03
   130       2   3.82158923e-07   1.50215576e-12
   130       3   0.00000000e+00   0.00000000e+00
   131       1   1.71621584e-02   3.39492082e-03
   131       2   4.25480190e-07   1.70887783e-12
   131       3   0.00000000e+00   0.00000000e+00
   132       1   1.58252266e-02   3.79633890e-03
   132       2   4.67882315e-07   1.91686995e-12
   132       3   0.00000000e+00   0.00000000e+00
   133       1   1.45432624e-02   4.20255492e-03
   133       2   5.09517266e-07   2.13082461e-12
   133       3   0.00000000e+00   0.00000000e+00
   134       1   1.33105328e-02   4.61389965e-03
   134       2   5.50523162e-07   2.34795040e-12
   134       3   0.00000000e+00   0.00000000e+00
   135       1   1.21219081e-02   5.03072057e-03
   135       2   5.91026551e-07   2.56332387e-12
   135       3   0.00000000e+00   0.00000000e+00
   136       1   1.09727736e-02   5.45338325e-03
   136       2   6.31144335e-07   2.78512544e-12
   136       3   0.00000000e+00   0.00000000e+00
   137       1   9.85895634e-03   5.88227298e-03
   137       2   6.70985410e-07   3.00798767e-12
   137       3   0.00000000e+00   0.00000000e+00
   138       1   8.77666227e-03   6.31779644e-03
   138       2   7.10652087e-07   3.23462348e-12
   138       3   2.11055604e-16   0.00000000e+00
   139       1   7.72242305e-03   6.76038355e-03
   139       2   7.50241319e-07   3.46766723e-12
   139       3   0.00000000e+00   0.00000000e+00
   140       1   6.69305028e-03   7.21048960e-03
   140       2   7.89845785e-07   3.70198155e-12
   140       3   0.00000000e+00   0.00000000e+00
   141       1   5.68559584e-03   7.66859741e-03
   141       2   8.29554863e-07   3.93911363e-12
   141       3   0.00000000e+00   0.00000000e+00
   142       1   4.69731748e-03   8.13521990e-03
   142       2   8.69455500e-07   4.18441674e-12
   142       3   0.00000000e+00   0.00000000e+00
   143       1   3.72564849e-03   8.61090277e-03
   143       2   9.09633013e-07   4.43427976e-12
   143       3   0.00000000e+00   0.00000000e+00
   144       1   2.76817097e-03   9.09622758e-03
   144       2   9.50171839e-07   4.69070995e-12
   144       3   2.04533906e-16   0.00000000e+00
   145       1   1.82259178e-03   9.59181508e-03
   145       2   9.91156240e-07   4.94470607e-12
   145       3   0.00000000e+00   0.00000000e+00
   146       1   8.86720989e-04   1.00983289e-02
   146       2   1.03267098e-06   5.21111269e-12
   146       3   0.00000000e+00   0.00000000e+00
   147       1   4.15479679e-05   1.06164798e-02
   147       2   1.07480201e-06   5.48307434e-12
   147       3   2.03987933e-16   0.00000000e+00
   148       1   9.64256530e-04   1.11470303e-02
   148       2   1.11763710e-06   5.75876655e-12
   148       3   2.04184401e-16   0.00000000e+00
   149       1   1.88339819e-03   1.16907995e-02
   149       2   1.16126654e-06   6.04182876e-12
   149       3   2.04568724e-16   0.00000000e+00
   150       1   2.80093480e-03   1.22486693e-02
   150       2   1.20578384e-06   6.33710233e-12
   150       3   2.05141461e-16   0.00000000e+00
   151       1   3.71881240e-03   1.28215907e-02
   151       2   1.25128643e-06   6.63402618e-12
   151       3   0.00000000e+00   0.00000000e+00
   152       1   4.63897669e-03   1.34105911e-02
   152       2   1.29787646e-06   6.93963804e-12
   152       3   0.00000000e+00   0.00000000e+00
   153       1   5.56338859e-03   1.40167823e-02
   153       2   1.34566159e-06   7.25942180e-12
   153       3   2.08009559e-16   0.00000000e+00
   154       1   6.49403998e-03   1.46413701e-02
   154       2   1.39475594e-06   7.58412176e-12
   154       3   2.09360089e-16   0.00000000e+00
   155       1   7.43297000e-03   1.52856646e-02
   155       2   1.44528101e-06   7.92271182e-12
   155       3   2.10915951e-16   0.00000000e+00
   156       1   8.38228215e-03   1.59510924e-02
   156       2   1.49736683e-06   8.26697085e-12
   156       3   2.12683590e-16   0.00000000e+00
   157       1   9.34416252e-03   1.66392096e-02
   157       2   1.55115314e-06   8.62659984e-12
   157       3   0.00000000e+00   0.00000000e+00
   158       1   1.03208995e-02   1.73517180e-02
   158       2   1.60679076e-06   8.99991508e-12
   158       3   0.00000000e+00   0.00000000e+00
   159       1   1.13149052e-02   1.80904827e-02
   159       2   1.66444313e-06   9.38942772e-12
   159       3   4.38679060e-16   0.00000000e+00
   160       1   1.23287395e-02   1.88575523e-02
   160       2   1.72428808e-06   9.78892428e-12
   160       3   2.22043327e-16   0.00000000e+00
   161       1   1.33651365e-02   1.96551830e-02
   161       2   1.78651982e-06   1.02052992e-11
   161       3   1.12505282e-16   0.00000000e+00
   162       1   1.44270347e-02   2.04858654e-02
   162       2   1.85135122e-06   1.06396172e-11
   162       3   2.28256377e-16   0.00000000e+00
   163       1   1.55176111e-02   2.13523568e-02
   163       2   1.91901654e-06   1.10926401e-11
   163       3   1.15898963e-16   0.00000000e+00
   164       1   1.66403207e-02   2.22577180e-02
   164       2   1.98977447e-06   1.15669534e-11
   164       3   2.35654649e-16   0.00000000e+00
   165       1   1.77989422e-02   2.32053567e-02
   165       2   2.06391177e-06   1.20587900e-11
   165       3   3.59772836e-16   0.00000000e+00
   166       1   1.89976302e-02   2.41990789e-02
   166       2   2.14174748e-06   1.25781859e-11
   166       3   1.22202294e-16   0.00000000e+00
   167       1   2.02409781e-02   2.52431489e-02
   167       2   2.22363798e-06   1.31278690e-11
   167       3   1.24675511e-16   0.00000000e+00
   168       1   2.15340909e-02   2.63423611e-02
   168       2   2.30998285e-06   1.37011483e-11
   168       3   2.54719981e-16   0.00000000e+00
   169       1   2.28826722e-02   2.75021257e-02
   169       2   2.40123198e-06   1.43053186e-11
   169       3   2.60548029e-16   0.00000000e+00
   170       1   2.42931283e-02   2.87285714e-02
   170       2   2.49789402e-06   1.49486723e-11
   170       3   2.66876889e-16   0.00000000e+00
   171       1   2.57726932e-02   3.00286691e-02
   171       2   2.60054660e-06   1.56273367e-11
   171       3   2.73754313e-16   0.00000000e+00
   172       1   2.73295802e-02   3.14103827e-02
   172       2   2.70984875e-06   1.63498467e-11
   172       3   2.81235142e-16   0.00000000e+00
   173       1   2.89731670e-02   3.28828525e-02
   173       2   2.82655601e-06   1.71176359e-11
   173       3   1.44691298e-16   0.00000000e+00
   174       1   3.07142228e-02   3.44566221e-02
   174       2   2.95153907e-06   1.79398323e-11
   174       3   2.98269878e-16   0.00000000e+00
   175       1   3.25651896e-02   3.61439190e-02
   175       2   3.08580691e-06   1.88242950e-11
   175       3   4.61973213e-16   0.00000000e+00
   176       1   3.45405344e-02   3.79590049e-02
   176       2   3.23053560e-06   1.97740286e-11
   176       3   1.59309490e-16   0.00000000e+00
   177       1   3.66571919e-02   3.99186187e-02
   177       2   3.38710477e-06   2.07990109e-11
   177       3   1.65148770e-16   0.00000000e+00
   178       1   3.89351283e-02   4.20425393e-02
   178       2   3.55714385e-06   2.19083445e-11
   178       3   5.14734743e-16   0.00000000e+00
   179       1   4.13980657e-02   4.43543092e-02
   179       2   3.74259167e-06   2.31156537e-11
   179       3   3.57361173e-16   0.00000000e+00
   180       1   4.40744238e-02   4.68821756e-02
   180       2   3.94577382e-06   2.44388969e-11
   180       3   3.73110189e-16   0.00000000e+00
   181       1   4.69985589e-02   4.96603290e-02
   181       2   4.16950453e-06   2.58927032e-11
   181       3   1.95322101e-16   0.00000000e+00
   182       1   5.02124148e-02   5.27305532e-02
   182       2   4.41722240e-06   2.74959942e-11
   182       3   4.10257578e-16   0.00000000e+00
   183       1   5.37677572e-02   5.61444597e-02
   183       2   4.69317409e-06   2.92815045e-11
   183       3   6.48471268e-16   0.00000000e+00
   184       1   5.77292454e-02   5.99665580e-02
   184       2   5.00266696e-06   3.12809640e-11
   184       3   4.57269062e-16   0.00000000e+00
   185       1   6.21787319e-02   6.42785557e-02
   185       2   5.35242257e-06   3.35337421e-11
   185       3   3.64274155e-16   0.00000000e+00
   186       1   6.72214059e-02   6.91854999e-02
   186       2   5.75108188e-06   3.60999495e-11
   186       3   3.88758940e-16   0.00000000e+00
   187       1   7.29947701e-02   7.48247547e-02
   187       2   6.20994349e-06   3.90472603e-11
   187       3   4.17133719e-16   0.00000000e+00
   188       1   7.96821075e-02   8.13794659e-02
   188       2   6.74407100e-06   4.24742649e-11
   188       3   6.00491700e-16   0.00000000e+00
   189       1   8.75332919e-02   8.90993709e-02
   189       2   7.37400441e-06   4.65119620e-11
   189       3   6.53049900e-16   0.00000000e+00
   190       1   9.68980861e-02   9.83340941e-02
   190       2   8.12849834e-06   5.13415985e-11
   190       3   7.16323363e-16   0.00000000e+00
   191       1   1.08281636e-01   1.09588639e-01
   191       2   9.04908564e-06   5.72253665e-11
   191       3   5.95410634e-16   0.00000000e+00
   192       1   1.22441589e-01   1.23620498e-01
   192       2   1.01980637e-05   6.45598703e-11
   192       3   6.68306842e-16   0.00000000e+00
   193       1   1.40568447e-01   1.41619999e-01
   193       2   1.16733260e-05   7.39721104e-11
   193       3   8.89280932e-16   0.00000000e+00
   194       1   1.64646284e-01   1.65570992e-01
   194       2   1.36380247e-05   8.64950704e-11
   194       3   1.03568361e-15   0.00000000e+00
   195       1   1.98246303e-01   1.99044352e-01
   195       2   1.63858272e-05   1.03996768e-10
   195       3   1.24098372e-15   0.00000000e+00
   196       1   2.48510709e-01   2.49181688e-01
   196       2   2.05040546e-05   1.30210917e-10
   196       3   1.54934970e-15   0.00000000e+00
   197       1   3.32104248e-01   3.32646295e-01
   197       2   2.73630774e-05   1.73851005e-10
   197       3   2.06383884e-15   0.00000000e+00
   198       1   4.99019645e-01   4.99425726e-01
   198       2   4.10737867e-05   2.61050909e-10
   198       3   3.09360789e-15   0.00000000e+00
   199       1   9.99204996e-01   9.99430053e-01
   199       2   8.21880392e-05   5.22476907e-10
   199       3   6.40511404e-15   0.00000000e+00
   200       1   1.32973810e+04   7.23610077e+03
   200       2   5.22344291e-01   3.78342281e-06
   200       3   4.13870650e-11   0.00000000e+00
   201       1   1.00015747e+00   1.00013821e+00
   201       2   8.22672026e-05   5.22997748e-10
   201       3   6.18619509e-15   0.00000000e+00
   202       1   4.99859414e-01   4.99926601e-01
   202       2   4.11335374e-05   2.61461917e-10
   202       3   3.09409450e-15   0.00000000e+00
   203       1   3.32923283e-01   3.33108750e-01
   203       2   2.74192436e-05   1.74240238e-10
   203       3   2.21148750e-15   0.00000000e+00
   204       1   2.49322647e-01   2.49630655e-01
   204       2   2.05589786e-05   1.30594936e-10
   204       3   1.77082422e-15   0.00000000e+00
   205       1   1.99055132e-01   1.99487033e-01
   205       2   1.64401899e-05   1.04376894e-10
   205       3   1.24106141e-15   0.00000000e+00
   206       1   1.65453612e-01   1.66010212e-01
   206       2   1.36920968e-05   8.68747605e-11
   206       3   8.87774996e-16   0.00000000e+00
   207       1   1.41375066e-01   1.42057082e-01
   207       2   1.17272381e-05   7.43492933e-11
   207       3   8.89320467e-16   0.00000000e+00
   208       1   1.23247951e-01   1.24056145e-01
   208       2   1.02518876e-05   6.49368618e-11
   208       3   7.79721536e-16   0.00000000e+00
   209       1   1.09088031e-01   1.10023250e-01
   209       2   9.10286514e-06   5.75989617e-11
   209       3   7.93908083e-16   0.00000000e+00
   210       1   9.77047174e-02   9.87679111e-02
   210       2   8.18226254e-06   5.17140792e-11
   210       3   5.37259034e-16   0.00000000e+00
   211       1   8.83403167e-02   8.95325471e-02
   211       2   7.42777410e-06   4.68871039e-11
   211       3   6.53068052e-16   0.00000000e+00
   212       1   8.04896537e-02   8.18121004e-02
   212       2   6.79786200e-06   4.28467397e-11
   212       3   4.50380185e-16   0.00000000e+00
   213       1   7.38029484e-02   7.52569127e-02
   213       2   6.26376852e-06   3.94229980e-11
   213       3   5.56191216e-16   0.00000000e+00
   214       1   6.80303157e-02   6.96172241e-02
   214       2   5.80495162e-06   3.64743022e-11
   214       3   5.18356361e-16   0.00000000e+00
   215       1   6.29884656e-02   6.47098737e-02
   215       2   5.40634640e-06   3.39074067e-11
   215       3   4.85708515e-16   0.00000000e+00
   216       1   5.85398908e-02   6.03974867e-02
   216       2   5.05665335e-06   3.16537304e-11
   216       3   4.57277504e-16   0.00000000e+00
   217       1   5.45793994e-02   5.65750084e-02
   217       2   4.74723092e-06   2.96540546e-11
   217       3   2.16160812e-16   0.00000000e+00
   218       1   5.10251373e-02   5.31607255e-02
   218       2   4.47135713e-06   2.78674006e-11
   218       3   4.10264189e-16   0.00000000e+00
   219       1   4.78124445e-02   5.00901243e-02
   219       2   4.22372437e-06   2.62632352e-11
   219       3   1.95325053e-16   0.00000000e+00
   220       1   4.48895552e-02   4.73115902e-02
   220       2   4.00008581e-06   2.48087912e-11
   220       3   3.73115488e-16   0.00000000e+00
   221       1   4.22145261e-02   4.47833366e-02
   221       2   3.79700275e-06   2.34901592e-11
   221       3   3.57365952e-16   0.00000000e+00
   222       1   3.97530020e-02   4.24711712e-02
   222       2   3.61166096e-06   2.22789050e-11
   222       3   1.71580411e-16   0.00000000e+00
   223       1   3.74765643e-02   4.03468451e-02
   223       2   3.44173486e-06   2.11707296e-11
   223       3   4.95452205e-16   0.00000000e+00
   224       1   3.53614924e-02   3.83868143e-02
   224       2   3.28528569e-06   2.01460489e-11
   224       3   3.18622564e-16   0.00000000e+00
   225       1   3.33878220e-02   3.65712990e-02
   225       2   3.14068408e-06   1.91943822e-11
   225       3   1.53992709e-16   0.00000000e+00
   226       1   3.15386205e-02   3.48835593e-02
   226       2   3.00655056e-06   1.83131286e-11
   226       3   1.49136440e-16   0.00000000e+00
   227       1   2.97994234e-02   3.33093326e-02
   227       2   2.88170919e-06   1.74914591e-11
   227       3   4.34078030e-16   0.00000000e+00
   228       1   2.81577910e-02   3.18363907e-02
   228       2   2.76515117e-06   1.67195084e-11
   228       3   2.81237679e-16   0.00000000e+00
   229       1   2.66029570e-02   3.04541894e-02
   229       2   2.65600599e-06   1.59990738e-11
   229       3   1.36878326e-16   0.00000000e+00
   230       1   2.51255468e-02   2.91535876e-02
   230       2   2.55351834e-06   1.53144689e-11
   230       3   1.33439524e-16   0.00000000e+00
   231       1   2.37173505e-02   2.79266211e-02
   231       2   2.45702944e-06   1.46734835e-11
   231       3   1.30275012e-16   0.00000000e+00
   232       1   2.23711376e-02   2.67663183e-02
   232       2   2.36596191e-06   1.40683751e-11
   232       3   1.27360913e-16   0.00000000e+00
   233       1   2.10805055e-02   2.56665500e-02
   233       2   2.27980738e-06   1.34940104e-11
   233       3   1.24676365e-16   0.00000000e+00
   234       1   1.98397550e-02   2.46219057e-02
   234       2   2.19811628e-06   1.29481955e-11
   234       3   1.22203085e-16   0.00000000e+00
   235       1   1.86437853e-02   2.36275903e-02
   235       2   2.12048934e-06   1.24262340e-11
   235       3   1.19925011e-16   0.00000000e+00
   236       1   1.74880080e-02   2.26793392e-02
   236       2   2.04657058e-06   1.19318853e-11
   236       3   2.35656006e-16   0.00000000e+00
   237       1   1.63682733e-02   2.17733459e-02
   237       2   1.97604131e-06   1.14544766e-11
   237       3   1.15899591e-16   0.00000000e+00
   238       1   1.52808082e-02   2.09062023e-02
   238       2   1.90861521e-06   1.10040114e-11
   238       3   1.14128769e-16   0.00000000e+00
   239       1   1.42221635e-02   2.00748471e-02
   239       2   1.84403402e-06   1.05678423e-11
   239       3   1.12505819e-16   0.00000000e+00
   240       1   1.31891685e-02   1.92765226e-02
   240       2   1.78206398e-06   1.01508307e-11
   240       3   0.00000000e+00   0.00000000e+00
   241       1   1.21788914e-02   1.85087376e-02
   241       2   1.72249271e-06   9.75126014e-12
   241       3   2.19340441e-16   0.00000000e+00
   242       1   1.11886053e-02   1.77692356e-02
   242       2   1.66512657e-06   9.36239921e-12
   242       3   0.00000000e+00   0.00000000e+00
   243       1   1.02157582e-02   1.70559674e-02
   243       2   1.60978833e-06   8.98685085e-12
   243       3   2.14671372e-16   0.00000000e+00
   244       1   9.25794636e-03   1.63670675e-02
   244       2   1.55631519e-06   8.62761704e-12
   244       3   2.12684287e-16   0.00000000e+00
   245       1   8.31289037e-03   1.57008337e-02
   245       2   1.50455701e-06   8.27896863e-12
   245       3   0.00000000e+00   0.00000000e+00
   246       1   7.37841385e-03   1.50557090e-02
   246       2   1.45437481e-06   7.94398601e-12
   246       3   0.00000000e+00   0.00000000e+00
   247       1   6.45242375e-03   1.44302667e-02
   247       2   1.40563937e-06   7.61444473e-12
   247       3   2.08010067e-16   0.00000000e+00
   248       1   5.53289222e-03   1.38231960e-02
   248       2   1.35823004e-06   7.29864751e-12
   248       3   0.00000000e+00   0.00000000e+00
   249       1   4.61783958e-03   1.32332905e-02
   249       2   1.31203365e-06   6.99000415e-12
   249       3   2.05904477e-16   0.00000000e+00
   250       1   3.70531813e-03   1.26594378e-02
   250       2   1.26694354e-06   6.68857205e-12
   250       3   2.05141795e-16   0.00000000e+00
   251       1   2.79339647e-03   1.21006101e-02
   251       2   1.22285868e-06   6.39676674e-12
   251       3   2.04569003e-16   0.00000000e+00
   252       1   1.88014408e-03   1.15558555e-02
   252       2   1.17968282e-06   6.11126086e-12
   252       3   0.00000000e+00   0.00000000e+00
   253       1   9.63615983e-04   1.10242918e-02
   253       2   1.13732376e-06   5.83627655e-12
   253       3   0.00000000e+00   0.00000000e+00
   254       1   4.18370365e-05   1.05050989e-02
   254       2   1.09569262e-06   5.56515019e-12
   254       3   0.00000000e+00   0.00000000e+00
   255       1   8.87214186e-04   9.99751378e-03
   255       2   1.05470317e-06   5.29745361e-12
   255       3   2.04160979e-16   0.00000000e+00
   256       1   1.82562238e-03   9.50082497e-03
   256       2   1.01427114e-06   5.03755698e-12
   256       3   0.00000000e+00   0.00000000e+00
   257       1   2.77555358e-03   9.01436807e-03
   257       2   9.74313610e-07   4.78368021e-12
   257       3   0.00000000e+00   0.00000000e+00
   258       1   3.73927470e-03   8.53752160e-03
   258       2   9.34748332e-07   4.53333651e-12
   258       3   0.00000000e+00   0.00000000e+00
   259       1   4.71917486e-03   8.06970321e-03
   259       2   8.95493090e-07   4.28940714e-12
   259       3   0.00000000e+00   0.00000000e+00
   260       1   5.71778907e-03   7.61036637e-03
   260       2   8.56465004e-07   4.04745204e-12
   260       3   0.00000000e+00   0.00000000e+00
   261       1   6.73782461e-03   7.15899733e-03
   261       2   8.17579821e-07   3.81265157e-12
   261       3   0.00000000e+00   0.00000000e+00
   262       1   7.78219092e-03   6.71511238e-03
   262       2   7.78751142e-07   3.57759422e-12
   262       3   0.00000000e+00   0.00000000e+00
   263       1   8.85403355e-03   6.27825534e-03
   263       2   7.39889588e-07   3.35393624e-12
   263       3   0.00000000e+00   0.00000000e+00
   264       1   9.95677316e-03   5.84799531e-03
   264       2   7.00901876e-07   3.12574909e-12
   264       3   0.00000000e+00   0.00000000e+00
   265       1   1.10941506e-02   5.42392466e-03
   265       2   6.61689786e-07   2.90418875e-12
   265       3   2.17430154e-16   0.00000000e+00
   266       1   1.22702796e-02   5.00565707e-03
   266       2   6.22148998e-07   2.68725699e-12
   266       3   0.00000000e+00   0.00000000e+00
   267       1   1.34897080e-02   4.59282590e-03
   267       2   5.82167739e-07   2.46842452e-12
   267       3   1.11533705e-16   0.00000000e+00
   268       1   1.47574907e-02   4.18508258e-03
   268       2   5.41625235e-07   2.25320373e-12
   268       3   2.26359448e-16   0.00000000e+00
   269       1   1.60792759e-02   3.78209519e-03
   269       2   5.00389888e-07   2.04599207e-12
   269       3   0.00000000e+00   0.00000000e+00
   270       1   1.74614080e-02   3.38354716e-03
   270       2   4.58317122e-07   1.83476785e-12
   270       3   0.00000000e+00   0.00000000e+00
   271       1   1.89110521e-02   2.98913600e-03
   271       2   4.15246815e-07   1.62865239e-12
   271       3   1.19220528e-16   0.00000000e+00
   272       1   2.04363439e-02   2.59857226e-03
   272       2   3.71000210e-07   1.42169467e-12
   272       3   1.21657005e-16   0.00000000e+00
   273       1   2.20465737e-02   2.21157845e-03
   273       2   3.25376164e-07   1.22221833e-12
   273       3   0.00000000e+00   0.00000000e+00
   274       1   2.37524112e-02   1.82788810e-03
   274       2   2.78146559e-07   1.02169520e-12
   274       3   0.00000000e+00   0.00000000e+00
   275       1   2.55661855e-02   1.44724484e-03
   275       2   2.29050634e-07   8.21202790e-13
   275       3   0.00000000e+00   0.00000000e+00
   276       1   2.75022332e-02   1.06940166e-03
   276       2   1.77787923e-07   6.25566080e-13
   276       3   0.00000000e+00   0.00000000e+00
   277       1   2.95773385e-02   6.94120043e-04
   277       2   1.24009370e-07   4.26901726e-13
   277       3   1.38104770e-16   0.00000000e+00
   278       1   3.18112922e-02   3.21169325e-04
   278       2   6.73060449e-08   2.33213379e-13
   278       3   0.00000000e+00   0.00000000e+00
   279       1   3.42276107e-02   4.96740123e-05
   279       2   7.19465265e-09   3.64909807e-14
   279       3   0.00000000e+00   0.00000000e+00
   280       1   3.68544696e-02   4.18626957e-04
   280       2   5.69012874e-08   1.54682637e-13
   280       3   0.00000000e+00   0.00000000e+00
   281       1   3.97259330e-02   7.85900559e-04
   281       2   1.25676186e-07   3.49031490e-13
   281       3   0.00000000e+00   0.00000000e+00
   282       1   4.28835919e-02   1.15170049e-03
   282       2   1.99975359e-07   5.38101521e-13
   282       3   0.00000000e+00   0.00000000e+00
   283       1   4.63787801e-02   1.51622757e-03
   283       2   2.80839627e-07   7.28740274e-13
   283       3   0.00000000e+00   0.00000000e+00
   284       1   5.02756218e-02   1.87967826e-03
   284       2   3.69566614e-07   9.19709488e-13
   284       3   0.00000000e+00   0.00000000e+00
   285       1   5.46552974e-02   2.24224515e-03
   285       2   4.67796566e-07   1.11426787e-12
   285       3   0.00000000e+00   0.00000000e+00
   286       1   5.96221375e-02   2.60411739e-03
   286       2   5.77634913e-07   1.30142091e-12
   286       3   0.00000000e+00   0.00000000e+00
   287       1   6.53125289e-02   2.96548116e-03
   287       2   7.01831395e-07   1.48993179e-12
   287       3   0.00000000e+00   0.00000000e+00
   288       1   7.19082739e-02   3.32652005e-03
   288       2   8.44048728e-07   1.68088730e-12
   288       3   0.00000000e+00   0.00000000e+00
   289       1   7.96572360e-02   3.68741548e-03
   289       2   1.00927779e-06   1.86714525e-12
   289       3   1.25441128e-16   0.00000000e+00
   290       1   8.89063713e-02   4.04834711e-03
   290       2   1.20450193e-06   2.05608416e-12
   290       3   1.36593479e-16   0.00000000e+00
   291       1   1.00156782e-01   4.40949317e-03
   291       2   1.43980402e-06   2.24629097e-12
   291       3   0.00000000e+00   0.00000000e+00
   292       1   1.14160056e-01   4.77103088e-03
   292       2   1.73030389e-06   2.43856529e-12
   292       3   1.67429027e-16   0.00000000e+00
   293       1   1.32097183e-01   5.13313677e-03
   293       2   2.09975624e-06   2.62667424e-12
   293       3   0.00000000e+00   0.00000000e+00
   294       1   1.55936371e-01   5.49598707e-03
   294       2   2.58774619e-06   2.81691304e-12
   294       3   2.19102008e-16   0.00000000e+00
   295       1   1.89220223e-01   5.85975806e-03
   295       2   3.26551908e-06   3.00964563e-12
   295       3   3.90839532e-16   0.00000000e+00
   296       1   2.39033591e-01   6.22462638e-03
   296       2   4.27555295e-06   3.19868298e-12
   296       3   3.22840825e-16   0.00000000e+00
   297       1   3.21906732e-01   6.59076943e-03
   297       2   5.95026739e-06   3.39026898e-12
   297       3   4.26762921e-16   0.00000000e+00
   298       1   4.87425290e-01   6.95836569e-03
   298       2   9.28680218e-06   3.58446763e-12
   298       3   7.93465082e-16   0.00000000e+00
   299       1   9.83457617e-01   7.32759507e-03
   299       2   1.92695551e-05   3.77386587e-12
   299       3   1.41639663e-15   0.00000000e+00
   300       1   3.30315181e+03   7.69863928e-03
   300       2   6.22878764e-02   3.97107634e-12
   300       3   4.63228749e-12   0.00000000e+00
   301       1   1.00031792e+00   8.07168216e-03
   301       2   2.06084764e-05   4.16647097e-12
   301       3   1.70526185e-15   0.00000000e+00
   302       1   5.03844451e-01   8.44691007e-03
   302       2   1.06166165e-05   4.36255515e-12
   302       3   9.23000847e-16   0.00000000e+00
   303       1   3.38252824e-01   8.82451228e-03
   303       2   7.27910450e-06   4.56175250e-12
   303       3   6.10797650e-16   0.00000000e+00
   304       1   2.55364313e-01   9.20468127e-03
   304       2   5.60488719e-06   4.76185849e-12
   304       3   6.06432369e-16   0.00000000e+00
   305       1   2.05555051e-01   9.58761324e-03
   305       2   4.59600609e-06   4.96468489e-12
   305       3   2.40889673e-16   0.00000000e+00
   306       1   1.72285365e-01   9.97350840e-03
   306       2   3.91984102e-06   5.16614568e-12
   306       3   3.98777379e-16   0.00000000e+00
   307       1   1.48467199e-01   1.03625715e-02
   307       2   3.43384681e-06   5.36951710e-12
   307       3   1.69786592e-16   0.00000000e+00
   308       1   1.30556629e-01   1.07550121e-02
   308       2   3.06675178e-06   5.57753017e-12
   308       3   1.47620280e-16   0.00000000e+00
   309       1   1.16584839e-01   1.11510452e-02
   309       2   2.77895999e-06   5.78567631e-12
   309       3   2.60820711e-16   0.00000000e+00
   310       1   1.05370543e-01   1.15508918e-02
   310       2   2.54671292e-06   5.99460420e-12
   310       3   1.16669243e-16   0.00000000e+00
   311       1   9.61620078e-02   1.19547789e-02
   311       2   2.35489054e-06   6.20778836e-12
   311       3   2.10900685e-16   0.00000000e+00
   312       1   8.84580674e-02   1.23629406e-02
   312       2   2.19341182e-06   6.42514476e-12
   312       3   1.92245240e-16   0.00000000e+00
   313       1   8.19117516e-02   1.27756185e-02
   313       2   2.05529671e-06   6.63562905e-12
   313       3   1.76498458e-16   0.00000000e+00
   314       1   7.62752137e-02   1.31930619e-02
   314       2   1.93555861e-06   6.85563171e-12
   314       3   1.63036316e-16   0.00000000e+00
   315       1   7.13666896e-02   1.36155289e-02
   315       2   1.83053992e-06   7.07825716e-12
   315       3   1.51401231e-16   0.00000000e+00
   316       1   6.70498468e-02   1.40432869e-02
   316       2   1.73749677e-06   7.30314663e-12
   316       3   1.41250047e-16   0.00000000e+00
   317       1   6.32204223e-02   1.44766131e-02
   317       2   1.65433025e-06   7.53067360e-12
   317       3   2.64640757e-16   0.00000000e+00
   318       1   5.97973145e-02   1.49157955e-02
   318       2   1.57940732e-06   7.76180468e-12
   318       3   1.24408172e-16   0.00000000e+00
   319       1   5.67164879e-02   1.53611335e-02
   319       2   1.51143821e-06   7.99501752e-12
   319       3   1.17352354e-16   0.00000000e+00
   320       1   5.39267073e-02   1.58129388e-02
   320       2   1.44939060e-06   8.23325531e-12
   320       3   1.11024089e-16   0.00000000e+00
   321       1   5.13864900e-02   1.62715363e-02
   321       2   1.39242837e-06   8.47379128e-12
   321       3   0.00000000e+00   0.00000000e+00
   322       1   4.90618890e-02   1.67372652e-02
   322       2   1.33986702e-06   8.71802015e-12
   322       3   0.00000000e+00   0.00000000e+00
   323       1   4.69248557e-02   1.72104796e-02
   323       2   1.29114069e-06   8.96575354e-12
   323       3   1.90905159e-16   0.00000000e+00
   324       1   4.49520108e-02   1.76915500e-02
   324       2   1.24577750e-06   9.22230497e-12
   324       3   1.82323815e-16   0.00000000e+00
   325       1   4.31237102e-02   1.81808646e-02
   325       2   1.20338072e-06   9.47844076e-12
   325       3   0.00000000e+00   0.00000000e+00
   326       1   4.14233276e-02   1.86788300e-02
   326       2   1.16361436e-06   9.74053790e-12
   326       3   1.67234963e-16   0.00000000e+00
   327       1   3.98366950e-02   1.91858731e-02
   327       2   1.12619192e-06   1.00073644e-11
   327       3   1.60573055e-16   0.00000000e+00
   328       1   3.83516641e-02   1.97024425e-02
   328       2   1.09086757e-06   1.02807879e-11
   328       3   0.00000000e+00   0.00000000e+00
   329       1   3.69577582e-02   2.02290099e-02
   329       2   1.05742912e-06   1.05581443e-11
   329       3   0.00000000e+00   0.00000000e+00
   330       1   3.56458934e-02   2.07660721e-02
   330       2   1.02569245e-06   1.08399951e-11
   330       3   0.00000000e+00   0.00000000e+00
   331       1   3.44081545e-02   2.13141527e-02
   331       2   9.95496969e-07   1.11273023e-11
   331       3   2.76946718e-16   0.00000000e+00
   332       1   3.32376118e-02   2.18738044e-02
   332       2   9.66701947e-07   1.14228402e-11
   332       3   1.33870964e-16   0.00000000e+00
   333       1   3.21281724e-02   2.24456110e-02
   333       2   9.39183524e-07   1.17247832e-11
   333       3   1.29570057e-16   0.00000000e+00
   334       1   3.10744567e-02   2.30301900e-02
   334       2   9.12832219e-07   1.20326856e-11
   334       3   0.00000000e+00   0.00000000e+00
   335       1   3.00716971e-02   2.36281953e-02
   335       2   8.87550888e-07   1.23479083e-11
   335       3   0.00000000e+00   0.00000000e+00
   336       1   2.91156523e-02   2.42403200e-02
   336       2   8.63253013e-07   1.26679692e-11
   336       3   1.18223372e-16   0.00000000e+00
   337       1   2.82025369e-02   2.48672997e-02
   337       2   8.39861267e-07   1.30004705e-11
   337       3   1.14889270e-16   0.00000000e+00
   338       1   2.73289610e-02   2.55099161e-02
   338       2   8.17306313e-07   1.33387094e-11
   338       3   0.00000000e+00   0.00000000e+00
   339       1   2.64918796e-02   2.61690006e-02
   339       2   7.95525779e-07   1.36858566e-11
   339       3   2.17578375e-16   0.00000000e+00
   340       1   2.56885496e-02   2.68454387e-02
   340       2   7.74463389e-07   1.40443423e-11
   340       3   0.00000000e+00   0.00000000e+00
   341       1   2.49164929e-02   2.75401748e-02
   341       2   7.54068229e-07   1.44103157e-11
   341       3   2.06707393e-16   0.00000000e+00
   342       1   2.41734650e-02   2.82542172e-02
   342       2   7.34294102e-07   1.47852109e-11
   342       3   0.00000000e+00   0.00000000e+00
   343       1   2.34574274e-02   2.89886439e-02
   343       2   7.15098987e-07   1.51725705e-11
   343       3   0.00000000e+00   0.00000000e+00
   344       1   2.27665250e-02   2.97446088e-02
   344       2   6.96444567e-07   1.55748032e-11
   344       3   0.00000000e+00   0.00000000e+00
   345       1   2.20990647e-02   3.05233489e-02
   345       2   6.78295817e-07   1.59834148e-11
   345       3   0.00000000e+00   0.00000000e+00
   346       1   2.14534988e-02   3.13261919e-02
   346       2   6.60620645e-07   1.64091244e-11
   346       3   0.00000000e+00   0.00000000e+00
   347       1   2.08284087e-02   3.21545650e-02
   347       2   6.43389587e-07   1.68472866e-11
   347       3   0.00000000e+00   0.00000000e+00
   348       1   2.02224919e-02   3.30100048e-02
   348       2   6.26575534e-07   1.72991082e-11
   348       3   0.00000000e+00   0.00000000e+00
   349       1   1.96345500e-02   3.38941678e-02
   349       2   6.10153486e-07   1.77639257e-11
   349       3   0.00000000e+00   0.00000000e+00
   350       1   1.90634783e-02   3.48088428e-02
   350       2   5.94100349e-07   1.82493361e-11
   350       3   0.00000000e+00   0.00000000e+00
   351       1   1.85082566e-02   3.57559643e-02
   351       2   5.78394748e-07   1.87501509e-11
   351       3   0.00000000e+00   0.00000000e+00
   352       1   1.79679411e-02   3.67376284e-02
   352       2   5.63016857e-07   1.92680483e-11
   352       3   0.00000000e+00   0.00000000e+00
   353       1   1.74416570e-02   3.77561096e-02
   353       2   5.47948262e-07   1.98084267e-11
   353       3   0.00000000e+00   0.00000000e+00
   354       1   1.69285921e-02   3.88138810e-02
   354       2   5.33171822e-07   2.03675813e-11
   354       3   0.00000000e+00   0.00000000e+00
   355       1   1.64279915e-02   3.99136360e-02
   355       2   5.18671562e-07   2.09491334e-11
   355       3   0.00000000e+00   0.00000000e+00
   356       1   1.59391519e-02   4.10583143e-02
   356       2   5.04432559e-07   2.15561651e-11
   356       3   0.00000000e+00   0.00000000e+00
   357       1   1.54614173e-02   4.22511305e-02
   357       2   4.90440861e-07   2.21892056e-11
   357       3   0.00000000e+00   0.00000000e+00
   358       1   1.49941749e-02   4.34956073e-02
   358       2   4.76683396e-07   2.28438358e-11
   358       3   1.48514703e-16   0.00000000e+00
   359       1   1.45368513e-02   4.47956136e-02
   359       2   4.63147898e-07   2.35354242e-11
   359       3   0.00000000e+00   0.00000000e+00
   360       1   1.40889095e-02   4.61554082e-02
   360       2   4.49822842e-07   2.42558902e-11
   360       3   1.44293905e-16   0.00000000e+00
   361       1   1.36498452e-02   4.75796907e-02
   361       2   4.36697382e-07   2.50131447e-11
   361       3   0.00000000e+00   0.00000000e+00
   362       1   1.32191849e-02   4.90736600e-02
   362       2   4.23761297e-07   2.58060191e-11
   362       3   0.00000000e+00   0.00000000e+00
   363       1   1.27964830e-02   5.06430828e-02
   363       2   4.11004937e-07   2.66400609e-11
   363       3   0.00000000e+00   0.00000000e+00
   364       1   1.23813195e-02   5.22943733e-02
   364       2   3.98419184e-07   2.75200082e-11
   364       3   0.00000000e+00   0.00000000e+00
   365       1   1.19732982e-02   5.40346873e-02
   365       2   3.85995405e-07   2.84457832e-11
   365       3   0.00000000e+00   0.00000000e+00
   366       1   1.15720448e-02   5.58720326e-02
   366       2   3.73725418e-07   2.94187256e-11
   366       3   0.00000000e+00   0.00000000e+00
   367       1   1.11772052e-02   5.78154001e-02
   367       2   3.61601457e-07   3.04551044e-11
   367       3   1.32229749e-16   0.00000000e+00
   368       1   1.07884438e-02   5.98749193e-02
   368       2   3.49616137e-07   3.15520994e-11
   368       3   0.00000000e+00   0.00000000e+00
   369       1   1.04054423e-02   6.20620454e-02
   369       2   3.37762434e-07   3.27175374e-11
   369       3   0.00000000e+00   0.00000000e+00
   370       1   1.00278985e-02   6.43897829e-02
   370       2   3.26033647e-07   3.39585503e-11
   370       3   0.00000000e+00   0.00000000e+00
   371       1   9.65552482e-03   6.68729578e-02
   371       2   3.14423385e-07   3.52831364e-11
   371       3   0.00000000e+00   0.00000000e+00
   372       1   9.28804729e-03   6.95285476e-02
   372       2   3.02925536e-07   3.67008943e-11
   372       3   0.00000000e+00   0.00000000e+00
   373       1   8.92520473e-03   7.23760871e-02
   373       2   2.91534253e-07   3.82258043e-11
   373       3   0.00000000e+00   0.00000000e+00
   374       1   8.56674768e-03   7.54381684e-02
   374       2   2.80243930e-07   3.98621125e-11
   374       3   0.00000000e+00   0.00000000e+00
   375       1   8.21243754e-03   7.87410644e-02
   375       2   2.69049186e-07   4.16309510e-11
   375       3   0.00000000e+00   0.00000000e+00
   376       1   7.86204584e-03   8.23155091e-02
   376       2   2.57944852e-07   4.35463403e-11
   376       3   1.21560958e-16   0.00000000e+00
   377       1   7.51535345e-03   8.61976879e-02
   377       2   2.46925950e-07   4.56312857e-11
   377       3   1.20647415e-16   0.00000000e+00
   378       1   7.17214993e-03   9.04305014e-02
   378       2   2.35987684e-07   4.79003132e-11
   378       3   1.19782142e-16   0.00000000e+00
   379       1   6.83223289e-03   9.50651986e-02
   379       2   2.25125425e-07   5.03949062e-11
   379       3   0.00000000e+00   0.00000000e+00
   380       1   6.49540740e-03   1.00163512e-01
   380       2   2.14334698e-07   5.31388667e-11
   380       3   0.00000000e+00   0.00000000e+00
   381       1   6.16148542e-03   1.05800480e-01
   381       2   2.03611171e-07   5.61793485e-11
   381       3   0.00000000e+00   0.00000000e+00
   382       1   5.83028532e-03   1.12068236e-01
   382       2   1.92950646e-07   5.95683054e-11
   382       3   0.00000000e+00   0.00000000e+00
   383       1   5.50163134e-03   1.19081169e-01
   383       2   1.82349045e-07   6.33630112e-11
   383       3   0.00000000e+00   0.00000000e+00
   384       1   5.17535321e-03   1.26983065e-01
   384       2   1.71802407e-07   6.76472078e-11
   384       3   0.00000000e+00   0.00000000e+00
   385       1   4.85128565e-03   1.35957198e-01
   385       2   1.61306872e-07   7.25230045e-11
   385       3   0.00000000e+00   0.00000000e+00
   386       1   4.52926800e-03   1.46240871e-01
   386       2   1.50858677e-07   7.81258379e-11
   386       3   0.00000000e+00   0.00000000e+00
   387       1   4.20914383e-03   1.58146881e-01
   387       2   1.40454146e-07   8.46339528e-11
   387       3   0.00000000e+00   0.00000000e+00
   388       1   3.89076058e-03   1.72096102e-01
   388       2   1.30089682e-07   9.22771314e-11
   388       3   0.00000000e+00   0.00000000e+00
   389       1   3.57396921e-03   1.88668501e-01
   389       2   1.19761765e-07   1.01394886e-10
   389       3   0.00000000e+00   0.00000000e+00
   390       1   3.25862388e-03   2.08686004e-01
   390       2   1.09466935e-07   1.12458765e-10
   390       3   0.00000000e+00   0.00000000e+00
   391       1   2.94458163e-03   2.33353092e-01
   391       2   9.92017965e-08   1.26160765e-10
   391       3   0.00000000e+00   0.00000000e+00
   392       1   2.63170204e-03   2.64508011e-01
   392       2   8.89630033e-08   1.43577066e-10
   392       3   0.00000000e+00   0.00000000e+00
   393       1   2.31984703e-03   3.05101217e-01
   393       2   7.87472575e-08   1.66445795e-10
   393       3   0.00000000e+00   0.00000000e+00
   394       1   2.00888046e-03   3.60182272e-01
   394       2   6.85513013e-08   1.97778863e-10
   394       3   0.00000000e+00   0.00000000e+00
   395       1   1.69866797e-03   4.39157504e-01
   395       2   5.83719119e-08   2.43267734e-10
   395       3   0.00000000e+00   0.00000000e+00
   396       1   1.38907663e-03   5.61731412e-01
   396       2   4.82058960e-08   3.15089275e-10
   396       3   0.00000000e+00   0.00000000e+00
   397       1   1.07997474e-03   7.77051800e-01
   397       2   3.80500836e-08   4.44375929e-10
   397       3   0.00000000e+00   0.00000000e+00
   398       1   7.71231511e-04   1.24920482e+00
   398       2   2.79013229e-08   7.38967396e-10
   398       3   0.00000000e+00   0.00000000e+00
   399       1   4.62716893e-04   2.99824720e+00
   399       2   1.77564759e-08   1.91113109e-09
   399       3   0.00000000e+00   0.00000000e+00
   400       1   1.54301268e-04   6.52539522e+04
   400       2   7.61241135e-09   5.65379649e-05
   400       3   0.00000000e+00   0.00000000e+00
   401       1   1.54144772e-04   1.00001534e+00
   401       2   2.53399985e-09   1.78890022e-10
   401       3   0.00000000e+00   0.00000000e+00
   402       1   4.62750670e-04   7.50038277e-01
   402       2   1.26858888e-08   3.06249411e-10
   402       3   0.00000000e+00   0.00000000e+00
   403       1   7.71646155e-04   5.55486082e-01
   403       2   2.28463953e-08   2.52303707e-10
   403       3   0.00000000e+00   0.00000000e+00
   404       1   1.08096148e-03   4.37325693e-01
   404       2   3.30186725e-08   2.07244159e-10
   404       3   0.00000000e+00   0.00000000e+00
   405       1   1.39082767e-03   3.59722932e-01
   405       2   4.32058923e-08   1.74408740e-10
   405       3   0.00000000e+00   0.00000000e+00
   406       1   1.70137680e-03   3.05176454e-01
   406       2   5.34112509e-08   1.50092569e-10
   406       3   0.00000000e+00   0.00000000e+00
   407       1   2.01274218e-03   2.64825161e-01
   407       2   6.36379743e-08   1.31532193e-10
   407       3   0.00000000e+00   0.00000000e+00
   408       1   2.32505871e-03   2.33792131e-01
   408       2   7.38893234e-08   1.16948221e-10
   408       3   0.00000000e+00   0.00000000e+00
   409       1   2.63846307e-03   2.09191633e-01
   409       2   8.41686008e-08   1.05214326e-10
   409       3   0.00000000e+00   0.00000000e+00
   410       1   2.95309404e-03   1.89212881e-01
   410       2   9.44791556e-08   9.55769950e-11
   410       3   0.00000000e+00   0.00000000e+00
   411       1   3.26909275e-03   1.72664211e-01
   411       2   1.04824391e-07   8.75201459e-11
   411       3   0.00000000e+00   0.00000000e+00
   412       1   3.58660301e-03   1.58730141e-01
   412       2   1.15207768e-07   8.06928893e-11
   412       3   0.00000000e+00   0.00000000e+00
   413       1   3.90577158e-03   1.46834156e-01
   413       2   1.25632815e-07   7.48234582e-11
   413       3   1.13971394e-16   0.00000000e+00
   414       1   4.22674851e-03   1.36557323e-01
   414       2   1.36103135e-07   6.97294818e-11
   414       3   0.00000000e+00   0.00000000e+00
   415       1   4.54968749e-03   1.27587984e-01
   415       2   1.46622406e-07   6.52672958e-11
   415       3   0.00000000e+00   0.00000000e+00
   416       1   4.87474614e-03   1.19689532e-01
   416       2   1.57194400e-07   6.13227836e-11
   416       3   0.00000000e+00   0.00000000e+00
   417       1   5.20208643e-03   1.12679131e-01
   417       2   1.67822980e-07   5.78100501e-11
   417       3   0.00000000e+00   0.00000000e+00
   418       1   5.53187506e-03   1.06413276e-01
   418       2   1.78512116e-07   5.46641209e-11
   418       3   0.00000000e+00   0.00000000e+00
   419       1   5.86428386e-03   1.00777767e-01
   419       2   1.89265889e-07   5.18250834e-11
   419       3   0.00000000e+00   0.00000000e+00
   420       1   6.19949021e-03   9.56805983e-02
   420       2   2.00088502e-07   4.92534450e-11
   420       3   0.00000000e+00   0.00000000e+00
   421       1   6.53767753e-03   9.10468181e-02
   421       2   2.10984292e-07   4.69101877e-11
   421       3   0.00000000e+00   0.00000000e+00
   422       1   6.87903576e-03   8.68147560e-02
   422       2   2.21957736e-07   4.47668296e-11
   422       3   0.00000000e+00   0.00000000e+00
   423       1   7.22376187e-03   8.29332069e-02
   423       2   2.33013467e-07   4.27985179e-11
   423       3   0.00000000e+00   0.00000000e+00
   424       1   7.57206044e-03   7.93593019e-02
   424       2   2.44156284e-07   4.09842318e-11
   424       3   0.00000000e+00   0.00000000e+00
   425       1   7.92414424e-03   7.60568794e-02
   425       2   2.55391162e-07   3.93045866e-11
   425       3   0.00000000e+00   0.00000000e+00
   426       1   8.28023489e-03   7.29952224e-02
   426       2   2.66723272e-07   3.77408707e-11
   426       3   0.00000000e+00   0.00000000e+00
   427       1   8.64056355e-03   7.01480713e-02
   427       2   2.78157990e-07   3.62935662e-11
   427       3   1.24605553e-16   0.00000000e+00
   428       1   9.00537165e-03   6.74928438e-02
   428       2   2.89700916e-07   3.49355115e-11
   428       3   0.00000000e+00   0.00000000e+00
   429       1   9.37491170e-03   6.50100128e-02
   429       2   3.01357890e-07   3.36695287e-11
   429       3   0.00000000e+00   0.00000000e+00
   430       1   9.74944817e-03   6.26826065e-02
   430       2   3.13135012e-07   3.24792039e-11
   430       3   0.00000000e+00   0.00000000e+00
   431       1   1.01292584e-02   6.04958037e-02
   431       2   3.25038660e-07   3.13612583e-11
   431       3   1.29441466e-16   0.00000000e+00
   432       1   1.05146337e-02   5.84366034e-02
   432       2   3.37075511e-07   3.03056451e-11
   432       3   0.00000000e+00   0.00000000e+00
   433       1   1.09058803e-02   5.64935534e-02
   433       2   3.49252571e-07   2.93103125e-11
   433       3   0.00000000e+00   0.00000000e+00
   434       1   1.13033207e-02   5.46565265e-02
   434       2   3.61577190e-07   2.83681081e-11
   434       3   0.00000000e+00   0.00000000e+00
   435       1   1.17072949e-02   5.29165336e-02
   435       2   3.74057101e-07   2.74738429e-11
   435       3   0.00000000e+00   0.00000000e+00
   436       1   1.21181619e-02   5.12655685e-02
   436       2   3.86700441e-07   2.66257349e-11
   436       3   0.00000000e+00   0.00000000e+00
   437       1   1.25363011e-02   4.96964768e-02
   437       2   3.99515790e-07   2.58184505e-11
   437       3   0.00000000e+00   0.00000000e+00
   438       1   1.29621143e-02   4.82028453e-02
   438       2   4.12512205e-07   2.50542317e-11
   438       3   0.00000000e+00   0.00000000e+00
   439       1   1.33960273e-02   4.67789080e-02
   439       2   4.25699261e-07   2.43208480e-11
   439       3   0.00000000e+00   0.00000000e+00
   440       1   1.38384920e-02   4.54194671e-02
   440       2   4.39087093e-07   2.36211588e-11
   440       3   0.00000000e+00   0.00000000e+00
   441       1   1.42899889e-02   4.41198235e-02
   441       2   4.52686446e-07   2.29516209e-11
   441       3   1.46354639e-16   0.00000000e+00
   442       1   1.47510292e-02   4.28757191e-02
   442       2   4.66508726e-07   2.23109190e-11
   442       3   1.48513451e-16   0.00000000e+00
   443       1   1.52221579e-02   4.16832854e-02
   443       2   4.80566059e-07   2.16953757e-11
   443       3   1.50774074e-16   0.00000000e+00
   444       1   1.57039567e-02   4.05390003e-02
   444       2   4.94871357e-07   2.11036853e-11
   444       3   0.00000000e+00   0.00000000e+00
   445       1   1.61970474e-02   3.94396497e-02
   445       2   5.09438386e-07   2.05390633e-11
   445       3   0.00000000e+00   0.00000000e+00
   446       1   1.67020958e-02   3.83822942e-02
   446       2   5.24281848e-07   1.99939035e-11
   446       3   0.00000000e+00   0.00000000e+00
   447       1   1.72198154e-02   3.73642409e-02
   447       2   5.39417472e-07   1.94685922e-11
   447       3   1.60945699e-16   0.00000000e+00
   448       1   1.77509726e-02   3.63830170e-02
   448       2   5.54862102e-07   1.89613877e-11
   448       3   1.63802551e-16   0.00000000e+00
   449       1   1.82963917e-02   3.54363484e-02
   449       2   5.70633820e-07   1.84738984e-11
   449       3   1.66799451e-16   0.00000000e+00
   450       1   1.88569606e-02   3.45221395e-02
   450       2   5.86752058e-07   1.80016920e-11
   450       3   0.00000000e+00   0.00000000e+00
   451       1   1.94336375e-02   3.36384560e-02
   451       2   6.03237741e-07   1.75430420e-11
   451       3   1.73247221e-16   0.00000000e+00
   452       1   2.00274579e-02   3.27835095e-02
   452       2   6.20113442e-07   1.71013742e-11
   452       3   0.00000000e+00   0.00000000e+00
   453       1   2.06395435e-02   3.19556438e-02
   453       2   6.37403553e-07   1.66718280e-11
   453       3   1.80364052e-16   0.00000000e+00
   454       1   2.12711109e-02   3.11533228e-02
   454       2   6.55134484e-07   1.62574690e-11
   454       3   1.84200475e-16   0.00000000e+00
   455       1   2.19234826e-02   3.03751197e-02
   455       2   6.73334888e-07   1.58562384e-11
   455       3   0.00000000e+00   0.00000000e+00
   456       1   2.25980987e-02   2.96197070e-02
   456       2   6.92035910e-07   1.54671242e-11
   456       3   0.00000000e+00   0.00000000e+00
   457       1   2.32965312e-02   2.88858482e-02
   457       2   7.11271481e-07   1.50831135e-11
   457       3   0.00000000e+00   0.00000000e+00
   458       1   2.40204988e-02   2.81723898e-02
   458       2   7.31078642e-07   1.47147167e-11
   458       3   0.00000000e+00   0.00000000e+00
   459       1   2.47718857e-02   2.74782541e-02
   459       2   7.51497927e-07   1.43563516e-11
   459       3   2.06704492e-16   0.00000000e+00
   460       1   2.55527616e-02   2.68024334e-02
   460       2   7.72573795e-07   1.40051196e-11
   460       3   0.00000000e+00   0.00000000e+00
   461       1   2.63654060e-02   2.61439837e-02
   461       2   7.94355130e-07   1.36634034e-11
   461       3   0.00000000e+00   0.00000000e+00
   462       1   2.72123355e-02   2.55020199e-02
   462       2   8.16895824e-07   1.33293025e-11
   462       3   1.11747837e-16   0.00000000e+00
   463       1   2.80963359e-02   2.48757110e-02
   463       2   8.40255447e-07   1.30065383e-11
   463       3   0.00000000e+00   0.00000000e+00
   464       1   2.90204995e-02   2.42642758e-02
   464       2   8.64500037e-07   1.26934006e-11
   464       3   0.00000000e+00   0.00000000e+00
   465       1   2.99882691e-02   2.36669794e-02
   465       2   8.89703018e-07   1.23801948e-11
   465       3   0.00000000e+00   0.00000000e+00
   466       1   3.10034892e-02   2.30831290e-02
   466       2   9.15946283e-07   1.20761976e-11
   466       3   0.00000000e+00   0.00000000e+00
   467       1   3.20704673e-02   2.25120713e-02
   467       2   9.43321475e-07   1.17815619e-11
   467       3   0.00000000e+00   0.00000000e+00
   468       1   3.31940458e-02   2.19531894e-02
   468       2   9.71931500e-07   1.14906879e-11
   468       3   2.67736919e-16   0.00000000e+00
   469       1   3.43796883e-02   2.14059000e-02
   469       2   1.00189235e-06   1.12076982e-11
   469       3   0.00000000e+00   0.00000000e+00
   470       1   3.56335833e-02   2.08696512e-02
   470       2   1.03333527e-06   1.09290828e-11
   470       3   0.00000000e+00   0.00000000e+00
   471       1   3.69627688e-02   2.03439198e-02
   471       2   1.06640938e-06   1.06562792e-11
   471       3   0.00000000e+00   0.00000000e+00
   472       1   3.83752845e-02   1.98282097e-02
   472       2   1.10128487e-06   1.03880792e-11
   472       3   0.00000000e+00   0.00000000e+00
   473       1   3.98803566e-02   1.93220500e-02
   473       2   1.13815689e-06   1.01266143e-11
   473       3   0.00000000e+00   0.00000000e+00
   474       1   4.14886264e-02   1.88249927e-02
   474       2   1.17725034e-06   9.86712402e-12
   474       3   1.67231065e-16   0.00000000e+00
   475       1   4.32124328e-02   1.83366118e-02
   475       2   1.21882581e-06   9.61200301e-12
   475       3   3.48914627e-16   0.00000000e+00
   476       1   4.50661662e-02   1.78565012e-02
   476       2   1.26318703e-06   9.36388821e-12
   476       3   0.00000000e+00   0.00000000e+00
   477       1   4.70667144e-02   1.73842737e-02
   477       2   1.31069019e-06   9.11927540e-12
   477       3   1.90900121e-16   0.00000000e+00
   478       1   4.92340299e-02   1.69195596e-02
   478       2   1.36175590e-06   8.87940702e-12
   478       3   2.00298631e-16   0.00000000e+00
   479       1   5.15918593e-02   1.64620057e-02
   479       2   1.41688449e-06   8.63877500e-12
   479       3   4.21264222e-16   0.00000000e+00
   480       1   5.41686923e-02   1.60112736e-02
   480       2   1.47667592e-06   8.40592163e-12
   480       3   0.00000000e+00   0.00000000e+00
   481       1   5.69990087e-02   1.55670395e-02
   481       2   1.54185602e-06   8.17535494e-12
   481       3   1.17348615e-16   0.00000000e+00
   482       1   6.01249433e-02   1.51289925e-02
   482       2   1.61331139e-06   7.94518737e-12
   482       3   1.24403993e-16   0.00000000e+00
   483       1   6.35985360e-02   1.46968344e-02
   483       2   1.69213669e-06   7.72198274e-12
   483       3   1.32315681e-16   0.00000000e+00
   484       1   6.74848279e-02   1.42702783e-02
   484       2   1.77969964e-06   7.50126072e-12
   484       3   1.41244731e-16   0.00000000e+00
   485       1   7.18661937e-02   1.38490480e-02
   485       2   1.87773199e-06   7.28100183e-12
   485       3   1.51395167e-16   0.00000000e+00
   486       1   7.68485326e-02   1.34328773e-02
   486       2   1.98845953e-06   7.06547549e-12
   486       3   1.63029340e-16   0.00000000e+00
   487       1   8.25703156e-02   1.30215095e-02
   487       2   2.11479208e-06   6.85135755e-12
   487       3   1.76490351e-16   0.00000000e+00
   488       1   8.92161560e-02   1.26146963e-02
   488       2   2.26060840e-06   6.63744013e-12
   488       3   3.84471413e-16   0.00000000e+00
   489       1   9.70377827e-02   1.22121976e-02
   489       2   2.43119663e-06   6.42869819e-12
   489       3   0.00000000e+00   0.00000000e+00
   490       1   1.06387597e-01   1.18137809e-02
   490       2   2.63395891e-06   6.22397898e-12
   490       3   1.16662357e-16   0.00000000e+00
   491       1   1.17774597e-01   1.14192204e-02
   491       2   2.87958569e-06   6.01722039e-12
   491       3   1.30401844e-16   0.00000000e+00
   492       1   1.31962255e-01   1.10282967e-02
   492       2   3.18411085e-06   5.81210260e-12
   492       3   1.47609495e-16   0.00000000e+00
   493       1   1.50150266e-01   1.06407966e-02
   493       2   3.57272821e-06   5.60895761e-12
   493       3   3.39544987e-16   0.00000000e+00
   494       1   1.74338066e-01   1.02565120e-02
   494       2   4.08742441e-06   5.41141322e-12
   494       3   1.99369487e-16   0.00000000e+00
   495       1   2.08124525e-01   9.87524008e-03
   495       2   4.80377081e-06   5.21343458e-12
   495       3   4.81724019e-16   0.00000000e+00
   496       1   2.58707145e-01   9.49678246e-03
   496       2   5.87290185e-06   5.01263151e-12
   496       3   6.06345903e-16   0.00000000e+00
   497       1   3.42879343e-01   9.12094492e-03
   497       2   7.64744346e-06   4.81844848e-12
   497       3   6.10682371e-16   0.00000000e+00
   498       1   5.11017713e-01   8.74753702e-03
   498       2   1.11851830e-05   4.62562301e-12
   498       3   9.22741558e-16   0.00000000e+00
   499       1   1.01496246e+00   8.37637168e-03
   499       2   2.17740569e-05   4.43303150e-12
   499       3   1.54937426e-15   0.00000000e+00
   500       1   4.77548966e+03   8.00726479e-03
   500       2   9.11378036e-02   4.23659983e-12
   500       3   7.39870827e-12   0.00000000e+00
   501       1   1.00023410e+00   7.64003491e-03
   501       2   2.05262433e-05   4.04982395e-12
   501       3   1.88956291e-15   0.00000000e+00
   502       1   4.95964516e-01   7.27450286e-03
   502       2   9.92952038e-06   3.85733398e-12
   502       3   7.93680177e-16   0.00000000e+00
   503       1   3.27757366e-01   6.91049135e-03
   503       2   6.38961806e-06   3.66831419e-12
   503       3   6.40258874e-16   0.00000000e+00
   504       1   2.43550891e-01   6.54782470e-03
   504       2   4.61348033e-06   3.47948426e-12
   504       3   3.22883660e-16   0.00000000e+00
   505       1   1.92941186e-01   6.18632846e-03
   505       2   3.54268787e-06   3.29143831e-12
   505       3   1.30293513e-16   0.00000000e+00
   506       1   1.59128078e-01   5.82582907e-03
   506       2   2.82445737e-06   3.10083213e-12
   506       3   2.19120933e-16   0.00000000e+00
   507       1   1.34911731e-01   5.46615351e-03
   507       2   2.30759886e-06   2.91623782e-12
   507       3   1.89559386e-16   0.00000000e+00
   508       1   1.16692278e-01   5.10712902e-03
   508       2   1.91651610e-06   2.72784240e-12
   508       3   1.67439590e-16   0.00000000e+00
   509       1   1.02469787e-01   4.74858268e-03
   509       2   1.60920877e-06   2.54042937e-12
   509       3   0.00000000e+00   0.00000000e+00
   510       1   9.10442766e-02   4.39034112e-03
   510       2   1.36047400e-06   2.35513884e-12
   510       3   2.73200345e-16   0.00000000e+00
   511       1   8.16520912e-02   4.03223017e-03
   511       2   1.15427080e-06   2.16720160e-12
   511       3   1.25446627e-16   0.00000000e+00
   512       1   7.37840955e-02   3.67407446e-03
   512       2   9.79902450e-07   1.97896027e-12
   512       3   1.16190775e-16   0.00000000e+00
   513       1   6.70877775e-02   3.31569713e-03
   513       2   8.29960771e-07   1.79344853e-12
   513       3   0.00000000e+00   0.00000000e+00
   514       1   6.13113095e-02   2.95691939e-03
   514       2   6.99151513e-07   1.60666333e-12
   514       3   0.00000000e+00   0.00000000e+00
   515       1   5.62699839e-02   2.59756016e-03
   515       2   5.83589541e-07   1.41944376e-12
   515       3   0.00000000e+00   0.00000000e+00
   516       1   5.18252367e-02   2.23743569e-03
   516       2   4.80358336e-07   1.23377630e-12
   516       3   0.00000000e+00   0.00000000e+00
   517       1   4.78710732e-02   1.87635915e-03
   517       2   3.87224953e-07   1.04381005e-12
   517       3   1.73379293e-16   0.00000000e+00
   518       1   4.43250197e-02   1.51414015e-03
   518       2   3.02449988e-07   8.51970994e-13
   518       3   0.00000000e+00   0.00000000e+00
   519       1   4.11219311e-02   1.15058436e-03
   519       2   2.24657542e-07   6.65138860e-13
   519       3   0.00000000e+00   0.00000000e+00
   520       1   3.82096573e-02   7.85492980e-04
   520       2   1.52744189e-07   4.73571650e-13
   520       3   1.52809916e-16   0.00000000e+00
   521       1   3.55459470e-02   4.18662295e-04
   521       2   8.58139360e-08   2.79523954e-13
   521       3   0.00000000e+00   0.00000000e+00
   522       1   3.30961959e-02   4.98831161e-05
   522       2   2.31309164e-08   8.69682849e-14
   522       3   0.00000000e+00   0.00000000e+00
   523       1   3.08317821e-02   3.21059756e-04
   523       2   3.59155918e-08   1.06184425e-13
   523       3   0.00000000e+00   0.00000000e+00
   524       1   2.87288178e-02   6.94388122e-04
   524       2   9.18374150e-08   3.01594148e-13
   524       3   0.00000000e+00   0.00000000e+00
   525       1   2.67672002e-02   1.07033101e-03
   525       2   1.45067445e-07   4.96016746e-13
   525       3   0.00000000e+00   0.00000000e+00
   526       1   2.49298809e-02   1.44912533e-03
   526       2   1.95975010e-07   6.92274497e-13
   526       3   0.00000000e+00   0.00000000e+00
   527       1   2.32022985e-02   1.83101661e-03
   527       2   2.44877843e-07   8.93354097e-13
   527       3   0.00000000e+00   0.00000000e+00
   528       1   2.15719315e-02   2.21625973e-03
   528       2   2.92051503e-07   1.09457161e-12
   528       3   1.21658300e-16   0.00000000e+00
   529       1   2.00279440e-02   2.60511978e-03
   529       2   3.37736861e-07   1.29921957e-12
   529       3   0.00000000e+00   0.00000000e+00
   530       1   1.85609020e-02   2.99787290e-03
   530       2   3.82146112e-07   1.49747829e-12
   530       3   0.00000000e+00   0.00000000e+00
   531       1   1.71625445e-02   3.39480726e-03
   531       2   4.25467636e-07   1.70916971e-12
   531       3   0.00000000e+00   0.00000000e+00
   532       1   1.58255969e-02   3.79622409e-03
   532       2   4.67869973e-07   1.91775132e-12
   532       3   0.00000000e+00   0.00000000e+00
   533       1   1.45436186e-02   4.20243877e-03
   533       2   5.09505096e-07   2.13067458e-12
   533       3   1.11534452e-16   0.00000000e+00
   534       1   1.33108764e-02   4.61378207e-03
   534       2   5.50511126e-07   2.34542333e-12
   534       3   0.00000000e+00   0.00000000e+00
   535       1   1.21222405e-02   5.03060145e-03
   535       2   5.91014615e-07   2.56272364e-12
   535       3   0.00000000e+00   0.00000000e+00
   536       1   1.09730960e-02   5.45326249e-03
   536       2   6.31132466e-07   2.78452134e-12
   536       3   0.00000000e+00   0.00000000e+00
   537       1   9.85926977e-03   5.88215047e-03
   537       2   6.70973579e-07   3.00828497e-12
   537       3   2.12924950e-16   0.00000000e+00
   538       1   8.77696780e-03   6.31767206e-03
   538       2   7.10640265e-07   3.23750405e-12
   538       3   2.11055965e-16   0.00000000e+00
   539       1   7.72272163e-03   6.76025719e-03
   539       2   7.50229477e-07   3.46628486e-12
   539       3   0.00000000e+00   0.00000000e+00
   540       1   6.69334275e-03   7.21036111e-03
   540       2   7.89833898e-07   3.69981828e-12
   540       3   0.00000000e+00   0.00000000e+00
   541       1   5.68588301e-03   7.66846667e-03
   541       2   8.29542905e-07   3.94034724e-12
   541       3   0.00000000e+00   0.00000000e+00
   542       1   4.69760010e-03   8.13508675e-03
   542       2   8.69443445e-07   4.18409478e-12
   542       3   0.00000000e+00   0.00000000e+00
   543       1   3.72592728e-03   8.61076707e-03
   543       2   9.09620837e-07   4.43095561e-12
   543       3   0.00000000e+00   0.00000000e+00
   544       1   2.76844658e-03   9.09608915e-03
   544       2   9.50159516e-07   4.68544349e-12
   544       3   2.04533903e-16   0.00000000e+00
   545       1   1.82286487e-03   9.59167374e-03
   545       2   9.91143745e-07   4.94501491e-12
   545       3   2.04160863e-16   0.00000000e+00
   546       1   8.86992162e-04   1.00981845e-02
   546       2   1.03265829e-06   5.20752586e-12
   546       3   0.00000000e+00   0.00000000e+00
   547       1   4.12781067e-05   1.06163321e-02
   547       2   1.07478909e-06   5.48207395e-12
   547       3   2.03987764e-16   0.00000000e+00
   548       1   9.63987395e-04   1.11468790e-02
   548       2   1.11762393e-06   5.75476646e-12
   548       3   2.04184177e-16   0.00000000e+00
   549       1   1.88312920e-03   1.16906445e-02
   549       2   1.16125310e-06   6.04315277e-12
   549       3   0.00000000e+00   0.00000000e+00
   550       1   2.80066539e-03   1.22485103e-02
   550       2   1.20577009e-06   6.33283267e-12
   550       3   0.00000000e+00   0.00000000e+00
   551       1   3.71854199e-03   1.28214274e-02
   551       2   1.25127234e-06   6.63228185e-12
   551       3   2.05903693e-16   0.00000000e+00
   552       1   4.63870471e-03   1.34104232e-02
   552       2   1.29786200e-06   6.94031047e-12
   552       3   2.06858551e-16   0.00000000e+00
   553       1   5.56311444e-03   1.40166095e-02
   553       2   1.34564673e-06   7.25744845e-12
   553       3   2.08009049e-16   0.00000000e+00
   554       1   6.49376306e-03   1.46411921e-02
   554       2   1.39474063e-06   7.58445043e-12
   554       3   0.00000000e+00   0.00000000e+00
   555       1   7.43268969e-03   1.52854810e-02
   555       2   1.44526522e-06   7.92012782e-12
   555       3   0.00000000e+00   0.00000000e+00
   556       1   8.38199780e-03   1.59509027e-02
   556       2   1.49735052e-06   8.26693482e-12
   556       3   2.12682891e-16   0.00000000e+00
   557       1   9.34387346e-03   1.66390134e-02
   557       2   1.55113626e-06   8.62731336e-12
   557       3   0.00000000e+00   0.00000000e+00
   558       1   1.03206050e-02   1.73515149e-02
   558       2   1.60677327e-06   9.00121256e-12
   558       3   0.00000000e+00   0.00000000e+00
   559       1   1.13146045e-02   1.80902721e-02
   559       2   1.66442497e-06   9.38723699e-12
   559       3   2.19338618e-16   0.00000000e+00
   560       1   1.23284319e-02   1.88573336e-02
   560       2   1.72426920e-06   9.78688763e-12
   560       3   2.22042336e-16   0.00000000e+00
   561       1   1.33648210e-02   1.96549555e-02
   561       2   1.78650014e-06   1.02022066e-11
   561       3   1.12504745e-16   0.00000000e+00
   562       1   1.44267103e-02   2.04856284e-02
   562       2   1.85133068e-06   1.06418305e-11
   562       3   1.14127607e-16   0.00000000e+00
   563       1   1.55172768e-02   2.13521095e-02
   563       2   1.91899506e-06   1.10944746e-11
   563       3   2.31796669e-16   0.00000000e+00
   564       1   1.66399755e-02   2.22574595e-02
   564       2   1.98975197e-06   1.15651565e-11
   564       3   2.35653291e-16   0.00000000e+00
   565       1   1.77985848e-02   2.32050861e-02
   565       2   2.06388815e-06   1.20606999e-11
   565       3   2.39847091e-16   0.00000000e+00
   566       1   1.89972593e-02   2.41987950e-02
   566       2   2.14172264e-06   1.25785543e-11
   566       3   1.22201502e-16   0.00000000e+00
   567       1   2.02405921e-02   2.52428504e-02
   567       2   2.22361180e-06   1.31266186e-11
   567       3   2.49349312e-16   0.00000000e+00
   568       1   2.15336882e-02   2.63420467e-02
   568       2   2.30995520e-06   1.36998592e-11
   568       3   1.27359067e-16   0.00000000e+00
   569       1   2.28822508e-02   2.75017938e-02
   569       2   2.40120270e-06   1.43066769e-11
   569       3   1.30273016e-16   0.00000000e+00
   570       1   2.42926862e-02   2.87282201e-02
   570       2   2.49786294e-06   1.49470449e-11
   570       3   1.33437364e-16   0.00000000e+00
   571       1   2.57722279e-02   3.00282965e-02
   571       2   2.60051354e-06   1.56274662e-11
   571       3   2.73751973e-16   0.00000000e+00
   572       1   2.73290890e-02   3.14099862e-02
   572       2   2.70981348e-06   1.63511744e-11
   572       3   2.81232603e-16   0.00000000e+00
   573       1   2.89726467e-02   3.28824296e-02
   573       2   2.82651827e-06   1.71207920e-11
   573       3   2.89379838e-16   0.00000000e+00
   574       1   3.07136697e-02   3.44561696e-02
   574       2   2.95149858e-06   1.79419453e-11
   574       3   2.98266875e-16   0.00000000e+00
   575       1   3.25645997e-02   3.61434333e-02
   575       2   3.08576331e-06   1.88242549e-11
   575       3   3.07978866e-16   0.00000000e+00
   576       1   3.45399027e-02   3.79584817e-02
   576       2   3.23048850e-06   1.97732071e-11
   576       3   1.59307698e-16   0.00000000e+00
   577       1   3.66565126e-02   3.99180530e-02
   577       2   3.38705369e-06   2.07994199e-11
   577       3   1.65146803e-16   0.00000000e+00
   578       1   3.89343946e-02   4.20419252e-02
   578       2   3.55708824e-06   2.19084225e-11
   578       3   1.71576084e-16   0.00000000e+00
   579       1   4.13972694e-02   4.43536394e-02
   579       2   3.74253087e-06   2.31139803e-11
   579       3   3.57356393e-16   0.00000000e+00
   580       1   4.40735552e-02   4.68814418e-02
   580       2   3.94570703e-06   2.44383981e-11
   580       3   1.86552444e-16   0.00000000e+00
   581       1   4.69976061e-02   4.96595206e-02
   581       2   4.16943076e-06   2.58913929e-11
   581       3   1.95319148e-16   0.00000000e+00
   582       1   5.02113631e-02   5.27296575e-02
   582       2   4.41714045e-06   2.74953921e-11
   582       3   6.15376447e-16   0.00000000e+00
   583       1   5.37665886e-02   5.61434608e-02
   583       2   4.69308249e-06   2.92799883e-11
   583       3   2.16153365e-16   0.00000000e+00
   584       1   5.77279369e-02   5.99654360e-02
   584       2   5.00256382e-06   3.12766203e-11
   584       3   3.42945464e-16   0.00000000e+00
   585       1   6.21772547e-02   6.42772850e-02
   585       2   5.35230551e-06   3.35343428e-11
   585       3   3.64266922e-16   0.00000000e+00
   586       1   6.72197222e-02   6.91840476e-02
   586       2   5.75094781e-06   3.60979783e-11
   586       3   3.88750607e-16   0.00000000e+00
   587       1   7.29928303e-02   7.48230773e-02
   587       2   6.20978833e-06   3.90468646e-11
   587       3   4.17124024e-16   0.00000000e+00
   588       1   7.96798448e-02   8.13775047e-02
   588       2   6.74388925e-06   4.24747962e-11
   588       3   6.00476486e-16   0.00000000e+00
   589       1   8.75306142e-02   8.90970451e-02
   589       2   7.37378850e-06   4.65113013e-11
   589       3   6.53031747e-16   0.00000000e+00
   590       1   9.68948624e-02   9.83312889e-02
   590       2   8.12823751e-06   5.13412694e-11
   590       3   5.37226009e-16   0.00000000e+00
   591       1   1.08277675e-01   1.09585186e-01
   591       2   9.04876411e-06   5.72220516e-11
   591       3   7.93853606e-16   0.00000000e+00
   592       1   1.22436595e-01   1.23616139e-01
   592       2   1.01976573e-05   6.45589936e-11
   592       3   1.00242141e-15   0.00000000e+00
   593       1   1.40561948e-01   1.41614318e-01
   593       2   1.16727958e-05   7.39678193e-11
   593       3   8.89241398e-16   0.00000000e+00
   594       1   1.64637466e-01   1.65563276e-01
   594       2   1.36373037e-05   8.64891902e-11
   594       3   1.03562972e-15   0.00000000e+00
   595       1   1.98233637e-01   1.99033259e-01
   595       2   1.63847899e-05   1.03990689e-10
   595       3   1.24090604e-15   0.00000000e+00
   596       1   2.48490962e-01   2.49164380e-01
   596       2   2.05024348e-05   1.30200176e-10
   596       3   1.77054653e-15   0.00000000e+00
   597       1   3.32069201e-01   3.32615560e-01
   597       2   2.73601994e-05   1.73834280e-10
   597       3   2.21102435e-15   0.00000000e+00
   598       1   4.98940885e-01   4.99356633e-01
   598       2   4.10673142e-05   2.61013990e-10
   598       3   3.31405869e-15   0.00000000e+00
   599       1   9.98890244e-01   9.99153882e-01
   599       2   8.21621627e-05   5.22339252e-10
   599       3   6.40309879e-15   0.00000000e+00
   600       1   2.56365751e+03   2.41246226e+03
   600       2   1.74121348e-01   1.26136322e-06
   600       3   1.39131283e-11   0.00000000e+00
   601       1   1.00047253e+00   1.00041469e+00
   601       2   8.22931127e-05   5.23142951e-10
   601       3   6.40914835e-15   0.00000000e+00
   602       1   4.99938220e-01   4.99995731e-01
   602       2   4.11400145e-05   2.61497139e-10
   602       3   3.31562274e-15   0.00000000e+00
   603       1   3.32958347e-01   3.33139495e-01
   603       2   2.74221232e-05   1.74258918e-10
   603       3   2.21171912e-15   0.00000000e+00
   604       1   2.49342404e-01   2.49647967e-01
   604       2   2.05605991e-05   1.30602387e-10
   604       3   1.54959270e-15   0.00000000e+00
   605       1   1.99067803e-01   1.99498127e-01
   605       2   1.64412277e-05   1.04382463e-10
   605       3   1.24113909e-15   0.00000000e+00
   606       1   1.65462435e-01   1.66017928e-01
   606       2   1.36928181e-05   8.68782962e-11
   606       3   1.33173177e-15   0.00000000e+00
   607       1   1.41381569e-01   1.42062763e-01
   607       2   1.17277686e-05   7.43519526e-11
   607       3   8.89359999e-16   0.00000000e+00
   608       1   1.23252947e-01   1.24060504e-01
   608       2   1.02522942e-05   6.49406359e-11
   608       3   6.68358645e-16   0.00000000e+00
   609       1   1.09091995e-01   1.10026703e-01
   609       2   9.10318682e-06   5.76022880e-11
   609       3   7.93935316e-16   0.00000000e+00
   610       1   9.77079431e-02   9.87707162e-02
   610       2   8.18252348e-06   5.17161981e-11
   610       3   7.16367391e-16   0.00000000e+00
   611       1   8.83429962e-02   8.95348727e-02
   611       2   7.42799011e-06   4.68869634e-11
   611       3   6.53086201e-16   0.00000000e+00
   612       1   8.04919180e-02   8.18140614e-02
   612       2   6.79804383e-06   4.28523169e-11
   612       3   4.50391592e-16   0.00000000e+00
   613       1   7.38048896e-02   7.52585899e-02
   613       2   6.26392375e-06   3.94232638e-11
   613       3   5.56204137e-16   0.00000000e+00
   614       1   6.80320007e-02   6.96186762e-02
   614       2   5.80508576e-06   3.64732082e-11
   614       3   3.88775600e-16   0.00000000e+00
   615       1   6.29899440e-02   6.47111442e-02
   615       2   5.40646351e-06   3.39084886e-11
   615       3   4.85718154e-16   0.00000000e+00
   616       1   5.85412003e-02   6.03986086e-02
   616       2   5.05675654e-06   3.16565055e-11
   616       3   4.57285943e-16   0.00000000e+00
   617       1   5.45805691e-02   5.65760071e-02
   617       2   4.74732257e-06   2.96579114e-11
   617       3   4.32329068e-16   0.00000000e+00
   618       1   5.10261898e-02   5.31616211e-02
   618       2   4.47143911e-06   2.78698169e-11
   618       3   4.10270798e-16   0.00000000e+00
   619       1   4.78133981e-02   5.00909326e-02
   619       2   4.22379818e-06   2.62632141e-11
   619       3   3.90656007e-16   0.00000000e+00
   620       1   4.48904245e-02   4.73123239e-02
   620       2   4.00015264e-06   2.48098403e-11
   620       3   3.73120785e-16   0.00000000e+00
   621       1   4.22153230e-02   4.47840062e-02
   621       2   3.79706357e-06   2.34883624e-11
   621       3   1.78685364e-16   0.00000000e+00
   622       1   3.97537362e-02   4.24717852e-02
   622       2   3.61171658e-06   2.22824911e-11
   622       3   3.43165146e-16   0.00000000e+00
   623       1   3.74772441e-02   4.03474107e-02
   623       2   3.44178595e-06   2.11684088e-11
   623       3   4.95458098e-16   0.00000000e+00
   624       1   3.53621246e-02   3.83873374e-02
   624       2   3.28533280e-06   2.01428828e-11
   624       3   1.59313072e-16   0.00000000e+00
   625       1   3.33884123e-02   3.65717846e-02
   625       2   3.14072769e-06   1.91962008e-11
   625       3   1.53994345e-16   0.00000000e+00
   626       1   3.15391739e-02   3.48840118e-02
   626       2   3.00659107e-06   1.83135883e-11
   626       3   2.98275879e-16   0.00000000e+00
   627       1   2.97999440e-02   3.33097554e-02
   627       2   2.88174693e-06   1.74909279e-11
   627       3   4.34082162e-16   0.00000000e+00
   628       1   2.81582824e-02   3.18367871e-02
   628       2   2.76518644e-06   1.67187182e-11
   628       3   1.40620107e-16   0.00000000e+00
   629       1   2.66034225e-02   3.04545621e-02
   629       2   2.65603905e-06   1.59979111e-11
   629       3   1.36879494e-16   0.00000000e+00
   630       1   2.51259891e-02   2.91539389e-02
   630       2   2.55354941e-06   1.53164765e-11
   630       3   1.33440602e-16   0.00000000e+00
   631       1   2.37177720e-02   2.79269530e-02
   631       2   2.45705871e-06   1.46754283e-11
   631       3   1.30276009e-16   0.00000000e+00
   632       1   2.23715404e-02   2.67666327e-02
   632       2   2.36598955e-06   1.40675255e-11
   632       3   1.27361835e-16   0.00000000e+00
   633       1   2.10808916e-02   2.56668485e-02
   633       2   2.27983354e-06   1.34936405e-11
   633       3   2.49354437e-16   0.00000000e+00
   634       1   1.98401259e-02   2.46221897e-02
   634       2   2.19814109e-06   1.29443247e-11
   634       3   1.22203875e-16   0.00000000e+00
   635       1   1.86441426e-02   2.36278610e-02
   635       2   2.12051293e-06   1.24238848e-11
   635       3   1.19925743e-16   0.00000000e+00
   636       1   1.74883530e-02   2.26795977e-02
   636       2   2.04659305e-06   1.19310952e-11
   636       3   1.17828680e-16   0.00000000e+00
   637       1   1.63686073e-02   2.17735933e-02
   637       2   1.97606276e-06   1.14555991e-11
   637       3   1.15900218e-16   0.00000000e+00
   638       1   1.52811323e-02   2.09064394e-02
   638       2   1.90863571e-06   1.10024200e-11
   638       3   1.14129349e-16   0.00000000e+00
   639       1   1.42224788e-02   2.00750747e-02
   639       2   1.84405366e-06   1.05703294e-11
   639       3   1.12506355e-16   0.00000000e+00
   640       1   1.31894759e-02   1.92767414e-02
   640       2   1.78208282e-06   1.01526706e-11
   640       3   1.11022653e-16   0.00000000e+00
   641       1   1.21791917e-02   1.85089483e-02
   641       2   1.72251083e-06   9.74779972e-12
   641       3   0.00000000e+00   0.00000000e+00
   642       1   1.11888993e-02   1.77694388e-02
   642       2   1.66514401e-06   9.36378390e-12
   642       3   2.16887523e-16   0.00000000e+00
   643       1   1.02160468e-02   1.70561636e-02
   643       2   1.60980515e-06   8.98971470e-12
   643       3   0.00000000e+00   0.00000000e+00
   644       1   9.25823017e-03   1.63672573e-02
   644       2   1.55633144e-06   8.63080163e-12
   644       3   0.00000000e+00   0.00000000e+00
   645       1   8.31317008e-03   1.57010174e-02
   645       2   1.50457274e-06   8.28046083e-12
   645       3   0.00000000e+00   0.00000000e+00
   646       1   7.37869011e-03   1.50558872e-02
   646       2   1.45439005e-06   7.94491502e-12
   646       3   2.09361226e-16   0.00000000e+00
   647       1   6.45269718e-03   1.44304396e-02
   647       2   1.40565417e-06   7.61712694e-12
   647       3   0.00000000e+00   0.00000000e+00
   648       1   5.53316342e-03   1.38233640e-02
   648       2   1.35824442e-06   7.30129059e-12
   648       3   0.00000000e+00   0.00000000e+00
   649       1   4.61810914e-03   1.32334539e-02
   649       2   1.31204765e-06   6.98968418e-12
   649       3   2.05904866e-16   0.00000000e+00
   650       1   3.70558662e-03   1.26595970e-02
   650       2   1.26695720e-06   6.68944395e-12
   650       3   0.00000000e+00   0.00000000e+00
   651       1   2.79366446e-03   1.21007652e-02
   651       2   1.22287203e-06   6.40131997e-12
   651       3   0.00000000e+00   0.00000000e+00
   652       1   1.88041215e-03   1.15560070e-02
   652       2   1.17969588e-06   6.11177706e-12
   652       3   0.00000000e+00   0.00000000e+00
   653       1   9.63884695e-04   1.10244397e-02
   653       2   1.13733657e-06   5.83563672e-12
   653       3   0.00000000e+00   0.00000000e+00
   654       1   4.21069745e-05   1.05052435e-02
   654       2   1.09570520e-06   5.55980618e-12
   654       3   2.03979902e-16   0.00000000e+00
   655       1   8.86942427e-04   9.99765532e-03
   655       2   1.05471555e-06   5.29360865e-12
   655       3   2.04161036e-16   0.00000000e+00
   656       1   1.82534819e-03   9.50096362e-03
   656       2   1.01428334e-06   5.04043561e-12
   656       3   2.04533908e-16   0.00000000e+00
   657       1   2.77527632e-03   9.01450401e-03
   657       2   9.74325650e-07   4.78526925e-12
   657       3   4.10203492e-16   0.00000000e+00
   658       1   3.73899371e-03   8.53765498e-03
   658       2   9.34760242e-07   4.53412858e-12
   658       3   2.05868812e-16   0.00000000e+00
   659       1   4.71888944e-03   8.06983419e-03
   659       2   8.95504893e-07   4.28786381e-12
   659       3   2.06840470e-16   0.00000000e+00
   660       1   5.71749847e-03   7.61049511e-03
   660       2   8.56476727e-07   4.04838381e-12
   660       3   0.00000000e+00   0.00000000e+00
   661       1   6.73752804e-03   7.15912396e-03
   661       2   8.17591488e-07   3.80700040e-12
   661       3   0.00000000e+00   0.00000000e+00
   662       1   7.78188753e-03   6.71523703e-03
   662       2   7.78762779e-07   3.58018219e-12
   662       3   0.00000000e+00   0.00000000e+00
   663       1   8.85372242e-03   6.27837814e-03
   663       2   7.39901220e-07   3.34865857e-12
   663       3   2.12923657e-16   0.00000000e+00
   664       1   9.95645328e-03   5.84811638e-03
   664       2   7.00913532e-07   3.12530329e-12
   664       3   0.00000000e+00   0.00000000e+00
   665       1   1.10938209e-02   5.42404409e-03
   665       2   6.61701496e-07   2.90255082e-12
   665       3   0.00000000e+00   0.00000000e+00
   666       1   1.22699388e-02   5.00577498e-03
   666       2   6.22160790e-07   2.68206287e-12
   666       3   2.20097557e-16   0.00000000e+00
   667       1   1.34893549e-02   4.59294239e-03
   667       2   5.82179648e-07   2.46813146e-12
   667       3   1.11533331e-16   0.00000000e+00
   668       1   1.47571237e-02   4.18519774e-03
   668       2   5.41637296e-07   2.25526649e-12
   668       3   0.00000000e+00   0.00000000e+00
   669       1   1.60788933e-02   3.78220911e-03
   669       2   5.00402141e-07   2.04643362e-12
   669       3   0.00000000e+00   0.00000000e+00
   670       1   1.74610080e-02   3.38365992e-03
   670       2   4.58329609e-07   1.83462298e-12
   670       3   0.00000000e+00   0.00000000e+00
   671       1   1.89106326e-02   2.98924769e-03
   671       2   4.15259584e-07   1.62821623e-12
   671       3   1.19219943e-16   0.00000000e+00
   672       1   2.04359025e-02   2.59868297e-03
   672       2   3.71013314e-07   1.42416583e-12
   672       3   0.00000000e+00   0.00000000e+00
   673       1   2.20461076e-02   2.21168824e-03
   673       2   3.25389663e-07   1.22207377e-12
   673       3   0.00000000e+00   0.00000000e+00
   674       1   2.37519173e-02   1.82799704e-03
   674       2   2.78160521e-07   1.02111651e-12
   674       3   0.00000000e+00   0.00000000e+00
   675       1   2.55656600e-02   1.44735302e-03
   675       2   2.29065136e-07   8.22070070e-13
   675       3   1.30546085e-16   0.00000000e+00
   676       1   2.75016718e-02   1.06950913e-03
   676       2   1.77803056e-07   6.22967397e-13
   676       3   0.00000000e+00   0.00000000e+00
   677       1   2.95767363e-02   6.94226878e-04
   677       2   1.24025238e-07   4.29642869e-13
   677       3   0.00000000e+00   0.00000000e+00
   678       1   3.18106432e-02   3.21275586e-04
   678       2   6.73227710e-08   2.32636434e-13
   678       3   1.42496853e-16   0.00000000e+00
   679       1   3.42269078e-02   4.95682632e-05
   679       2   7.21238347e-09   3.69236696e-14
   679       3   0.00000000e+00   0.00000000e+00
   680       1   3.68537042e-02   4.18521659e-04
   680       2   5.68823774e-08   1.53095349e-13
   680       3   0.00000000e+00   0.00000000e+00
   681       1   3.97250948e-02   7.85795655e-04
   681       2   1.25655885e-07   3.48742505e-13
   681       3   0.00000000e+00   0.00000000e+00
   682       1   4.28826681e-02   1.15159592e-03
   682       2   1.99953409e-07   5.39546931e-13
   682       3   0.00000000e+00   0.00000000e+00
   683       1   4.63777549e-02   1.51612328e-03
   683       2   2.80815706e-07   7.28884555e-13
   683       3   0.00000000e+00   0.00000000e+00
   684       1   5.02744754e-02   1.87957420e-03
   684       2   3.69540321e-07   9.21884714e-13
   684       3   0.00000000e+00   0.00000000e+00
   685       1   5.46540045e-02   2.24214126e-03
   685       2   4.67767390e-07   1.11295835e-12
   685       3   0.00000000e+00   0.00000000e+00
   686       1   5.96206653e-02   2.60401362e-03
   686       2   5.77602192e-07   1.30025344e-12
   686       3   0.00000000e+00   0.00000000e+00
   687       1   6.53108341e-02   2.96537745e-03
   687       2   7.01794257e-07   1.49212313e-12
   687       3   0.00000000e+00   0.00000000e+00
   688       1   7.19062984e-02   3.32641635e-03
   688       2   8.44006000e-07   1.67927169e-12
   688       3   1.16183887e-16   0.00000000e+00
   689       1   7.96548994e-02   3.68731175e-03
   689       2   1.00922786e-06   1.86729000e-12
   689       3   1.25438376e-16   0.00000000e+00
   690       1   8.89035597e-02   4.04824329e-03
   690       2   1.20444249e-06   2.05741164e-12
   690       3   0.00000000e+00   0.00000000e+00
   691       1   1.00153328e-01   4.40938921e-03
   691       2   1.43973171e-06   2.24717839e-12
   691       3   1.50269869e-16   0.00000000e+00
   692       1   1.14155704e-01   4.77092672e-03
   692       2   1.73021357e-06   2.43706947e-12
   692       3   1.67423742e-16   0.00000000e+00
   693       1   1.32091520e-01   5.13303237e-03
   693       2   2.09963960e-06   2.62666967e-12
   693       3   0.00000000e+00   0.00000000e+00
   694       1   1.55928688e-01   5.49588238e-03
   694       2   2.58758897e-06   2.81540011e-12
   694       3   2.19092539e-16   0.00000000e+00
   695       1   1.89209189e-01   5.85965303e-03
   695       2   3.26529454e-06   3.00615166e-12
   695       3   2.60546010e-16   0.00000000e+00
   696       1   2.39016389e-01   6.22452096e-03
   696       2   4.27520440e-06   3.20142325e-12
   696       3   4.84229095e-16   0.00000000e+00
   697       1   3.21876205e-01   6.59066356e-03
   697       2   5.94965091e-06   3.38934003e-12
   697       3   4.26724740e-16   0.00000000e+00
   698       1   4.87356696e-01   6.95825933e-03
   698       2   9.28542021e-06   3.58074730e-12
   698       3   7.93357508e-16   0.00000000e+00
   699       1   9.83183556e-01   7.32748816e-03
   699       2   1.92640414e-05   3.77993350e-12
   699       3   1.41600893e-15   0.00000000e+00
   700       1   1.72008810e+03   7.69853176e-03
   700       2   3.34337260e-02   3.97138053e-12
   700       3   2.87906127e-12   0.00000000e+00
   701       1   1.00059245e+00   8.07157399e-03
   701       2   2.06139997e-05   4.16788470e-12
   701       3   1.39560349e-15   0.00000000e+00
   702       1   5.03913098e-01   8.44680120e-03
   702       2   1.06179993e-05   4.36445877e-12
   702       3   9.23130620e-16   0.00000000e+00
   703       1   3.38283362e-01   8.82440264e-03
   703       2   7.27972089e-06   4.56512118e-12
   703       3   6.10855337e-16   0.00000000e+00
   704       1   2.55381515e-01   9.20457082e-03
   704       2   5.60523537e-06   4.76233216e-12
   704       3   4.54856725e-16   0.00000000e+00
   705       1   2.05566080e-01   9.58750190e-03
   705       2   4.59623012e-06   4.96401366e-12
   705       3   3.61355272e-16   0.00000000e+00
   706       1   1.72293041e-01   9.97339612e-03
   706       2   3.91999759e-06   5.16314695e-12
   706       3   1.99398297e-16   0.00000000e+00
   707       1   1.48472853e-01   1.03624582e-02
   707       2   3.43396270e-06   5.37150868e-12
   707       3   3.39587292e-16   0.00000000e+00
   708       1   1.30560971e-01   1.07548977e-02
   708       2   3.06684125e-06   5.57581931e-12
   708       3   2.95251351e-16   0.00000000e+00
   709       1   1.16588282e-01   1.11509298e-02
   709       2   2.77903133e-06   5.78377412e-12
   709       3   3.91243842e-16   0.00000000e+00
   710       1   1.05373342e-01   1.15507751e-02
   710       2   2.54677129e-06   5.99492887e-12
   710       3   1.16672687e-16   0.00000000e+00
   711       1   9.61643301e-02   1.19546610e-02
   711       2   2.35493930e-06   6.20548846e-12
   711       3   2.10906370e-16   0.00000000e+00
   712       1   8.84600273e-02   1.23628214e-02
   712       2   2.19345328e-06   6.42051009e-12
   712       3   1.92250008e-16   0.00000000e+00
   713       1   8.19134294e-02   1.27754979e-02
   713       2   2.05533246e-06   6.63883534e-12
   713       3   1.76502514e-16   0.00000000e+00
   714       1   7.62766676e-02   1.31929398e-02
   714       2   1.93558983e-06   6.85815116e-12
   714       3   0.00000000e+00   0.00000000e+00
   715       1   7.13679628e-02   1.36154053e-02
   715       2   1.83056749e-06   7.07841200e-12
   715       3   1.51404264e-16   0.00000000e+00
   716       1   6.70509721e-02   1.40431617e-02
   716       2   1.73752134e-06   7.30386326e-12
   716       3   1.41252706e-16   0.00000000e+00
   717       1   6.32214250e-02   1.44764862e-02
   717       2   1.65435233e-06   7.52950192e-12
   717       3   1.32322728e-16   0.00000000e+00
   718       1   5.97982142e-02   1.49156667e-02
   718       2   1.57942732e-06   7.76234698e-12
   718       3   1.24410262e-16   0.00000000e+00
   719       1   5.67173006e-02   1.53610028e-02
   719       2   1.51145643e-06   7.99634864e-12
   719       3   1.17354225e-16   0.00000000e+00
   720       1   5.39274457e-02   1.58128062e-02
   720       2   1.44940730e-06   8.23500308e-12
   720       3   1.11025772e-16   0.00000000e+00
   721       1   5.13871643e-02   1.62714016e-02
   721       2   1.39244377e-06   8.47576769e-12
   721       3   0.00000000e+00   0.00000000e+00
   722       1   4.90625078e-02   1.67371283e-02
   722       2   1.33988128e-06   8.72002796e-12
   722       3   0.00000000e+00   0.00000000e+00
   723       1   4.69254261e-02   1.72103404e-02
   723       2   1.29115396e-06   8.96925538e-12
   723       3   1.90907678e-16   0.00000000e+00
   724       1   4.49525386e-02   1.76914085e-02
   724       2   1.24578989e-06   9.22395504e-12
   724       3   0.00000000e+00   0.00000000e+00
   725       1   4.31242005e-02   1.81807205e-02
   725       2   1.20339233e-06   9.47838864e-12
   725       3   0.00000000e+00   0.00000000e+00
   726       1   4.14237846e-02   1.86786833e-02
   726       2   1.16362529e-06   9.74136428e-12
   726       3   0.00000000e+00   0.00000000e+00
   727       1   3.98371223e-02   1.91857237e-02
   727       2   1.12620224e-06   1.00080924e-11
   727       3   1.60574855e-16   0.00000000e+00
   728       1   3.83520647e-02   1.97022902e-02
   728       2   1.09087734e-06   1.02801544e-11
   728       3   0.00000000e+00   0.00000000e+00
   729       1   3.69581349e-02   2.02288545e-02
   729       2   1.05743839e-06   1.05570286e-11
   729       3   0.00000000e+00   0.00000000e+00
   730       1   3.56462486e-02   2.07659135e-02
   730       2   1.02570127e-06   1.08410005e-11
   730       3   0.00000000e+00   0.00000000e+00
   731       1   3.44084901e-02   2.13139908e-02
   731       2   9.95505376e-07   1.11284488e-11
   731       3   0.00000000e+00   0.00000000e+00
   732       1   3.32379297e-02   2.18736390e-02
   732       2   9.66709983e-07   1.14240096e-11
   732       3   1.33872217e-16   0.00000000e+00
   733       1   3.21284742e-02   2.24454419e-02
   733       2   9.39191220e-07   1.17248315e-11
   733       3   0.00000000e+00   0.00000000e+00
   734       1   3.10747438e-02   2.30300170e-02
   734       2   9.12839605e-07   1.20316913e-11
   734       3   0.00000000e+00   0.00000000e+00
   735       1   3.00719707e-02   2.36280182e-02
   735       2   8.87557988e-07   1.23455558e-11
   735       3   2.43539349e-16   0.00000000e+00
   736       1   2.91159135e-02   2.42401386e-02
   736       2   8.63259850e-07   1.26671950e-11
   736       3   1.18224341e-16   0.00000000e+00
   737       1   2.82027867e-02   2.48671139e-02
   737       2   8.39867862e-07   1.29993948e-11
   737       3   0.00000000e+00   0.00000000e+00
   738       1   2.73292002e-02   2.55097255e-02
   738       2   8.17312684e-07   1.33365997e-11
   738       3   1.11750417e-16   0.00000000e+00
   739       1   2.64921091e-02   2.61688049e-02
   739       2   7.95531941e-07   1.36881047e-11
   739       3   0.00000000e+00   0.00000000e+00
   740       1   2.56887701e-02   2.68452378e-02
   740       2   7.74469359e-07   1.40458924e-11
   740       3   0.00000000e+00   0.00000000e+00
   741       1   2.49167051e-02   2.75399683e-02
   741       2   7.54074019e-07   1.44084892e-11
   741       3   2.06708843e-16   0.00000000e+00
   742       1   2.41736694e-02   2.82540049e-02
   742       2   7.34299724e-07   1.47865237e-11
   742       3   2.01712080e-16   0.00000000e+00
   743       1   2.34576247e-02   2.89884254e-02
   743       2   7.15104453e-07   1.51719466e-11
   743       3   0.00000000e+00   0.00000000e+00
   744       1   2.27667155e-02   2.97443838e-02
   744       2   6.96449888e-07   1.55733118e-11
   744       3   0.00000000e+00   0.00000000e+00
   745       1   2.20992490e-02   3.05231169e-02
   745       2   6.78301000e-07   1.59808287e-11
   745       3   0.00000000e+00   0.00000000e+00
   746       1   2.14536771e-02   3.13259526e-02
   746       2   6.60625700e-07   1.64082525e-11
   746       3   0.00000000e+00   0.00000000e+00
   747       1   2.08285815e-02   3.21543179e-02
   747       2   6.43394522e-07   1.68445272e-11
   747       3   0.00000000e+00   0.00000000e+00
   748       1   2.02226596e-02   3.30097495e-02
   748       2   6.26580355e-07   1.72972132e-11
   748       3   0.00000000e+00   0.00000000e+00
   749       1   1.96347128e-02   3.38939038e-02
   749       2   6.10158200e-07   1.77649367e-11
   749       3   0.00000000e+00   0.00000000e+00
   750       1   1.90636366e-02   3.48085694e-02
   750       2   5.94104963e-07   1.82493531e-11
   750       3   1.69947417e-16   0.00000000e+00
   751       1   1.85084107e-02   3.57556811e-02
   751       2   5.78399267e-07   1.87482527e-11
   751       3   0.00000000e+00   0.00000000e+00
   752       1   1.79680912e-02   3.67373346e-02
   752       2   5.63021287e-07   1.92696012e-11
   752       3   0.00000000e+00   0.00000000e+00
   753       1   1.74418032e-02   3.77558046e-02
   753       2   5.47952608e-07   1.98062627e-11
   753       3   1.60948068e-16   0.00000000e+00
   754       1   1.69287348e-02   3.88135640e-02
   754       2   5.33176089e-07   2.03647356e-11
   754       3   0.00000000e+00   0.00000000e+00
   755       1   1.64281309e-02   3.99133062e-02
   755       2   5.18675752e-07   2.09509857e-11
   755       3   0.00000000e+00   0.00000000e+00
   756       1   1.59392881e-02   4.10579708e-02
   756       2   5.04436679e-07   2.15574466e-11
   756       3   0.00000000e+00   0.00000000e+00
   757       1   1.54615505e-02   4.22507723e-02
   757       2   4.90444913e-07   2.21866517e-11
   757       3   1.50776040e-16   0.00000000e+00
   758       1   1.49943052e-02   4.34952333e-02
   758       2   4.76687383e-07   2.28477371e-11
   758       3   0.00000000e+00   0.00000000e+00
   759       1   1.45369790e-02   4.47952226e-02
   759       2   4.63151824e-07   2.35370126e-11
   759       3   0.00000000e+00   0.00000000e+00
   760       1   1.40890346e-02   4.61549989e-02
   760       2   4.49826711e-07   2.42569361e-11
   760       3   0.00000000e+00   0.00000000e+00
   761       1   1.36499679e-02   4.75792616e-02
   761       2   4.36701196e-07   2.50156762e-11
   761       3   0.00000000e+00   0.00000000e+00
   762       1   1.32193054e-02   4.90732095e-02
   762       2   4.23765059e-07   2.58058150e-11
   762       3   0.00000000e+00   0.00000000e+00
   763       1   1.27966013e-02   5.06426091e-02
   763       2   4.11008650e-07   2.66379005e-11
   763       3   0.00000000e+00   0.00000000e+00
   764       1   1.23814358e-02   5.22938744e-02
   764       2   3.98422850e-07   2.75166154e-11
   764       3   0.00000000e+00   0.00000000e+00
   765       1   1.19734126e-02   5.40341610e-02
   765       2   3.85999027e-07   2.84429843e-11
   765       3   0.00000000e+00   0.00000000e+00
   766       1   1.15721573e-02   5.58714765e-02
   766       2   3.73728997e-07   2.94234098e-11
   766       3   1.33724800e-16   0.00000000e+00
   767       1   1.11773160e-02   5.78148113e-02
   767       2   3.61604995e-07   3.04513104e-11
   767       3   0.00000000e+00   0.00000000e+00
   768       1   1.07885529e-02   5.98742946e-02
   768       2   3.49619638e-07   3.15522418e-11
   768       3   1.30803637e-16   0.00000000e+00
   769       1   1.04055499e-02   6.20613813e-02
   769       2   3.37765898e-07   3.27162058e-11
   769       3   0.00000000e+00   0.00000000e+00
   770       1   1.00280046e-02   6.43890752e-02
   770       2   3.26037077e-07   3.39577808e-11
   770       3   0.00000000e+00   0.00000000e+00
   771       1   9.65562952e-03   6.68722019e-02
   771       2   3.14426783e-07   3.52804922e-11
   771       3   0.00000000e+00   0.00000000e+00
   772       1   9.28815066e-03   6.95277381e-02
   772       2   3.02928903e-07   3.67037362e-11
   772       3   0.00000000e+00   0.00000000e+00
   773       1   8.92530685e-03   7.23752178e-02
   773       2   2.91537591e-07   3.82238769e-11
   773       3   0.00000000e+00   0.00000000e+00
   774       1   8.56684861e-03   7.54372323e-02
   774       2   2.80247240e-07   3.98617544e-11
   774       3   0.00000000e+00   0.00000000e+00
   775       1   8.21253736e-03   7.87400530e-02
   775       2   2.69052469e-07   4.16272100e-11
   775       3   0.00000000e+00   0.00000000e+00
   776       1   7.86214460e-03   8.23144127e-02
   776       2   2.57948110e-07   4.35459030e-11
   776       3   1.21561224e-16   0.00000000e+00
   777       1   7.51545120e-03   8.61964949e-02
   777       2   2.46929185e-07   4.56279597e-11
   777       3   0.00000000e+00   0.00000000e+00
   778       1   7.17224674e-03   9.04291979e-02
   778       2   2.35990897e-07   4.79012030e-11
   778       3   0.00000000e+00   0.00000000e+00
   779       1   6.83232882e-03   9.50637683e-02
   779       2   2.25128617e-07   5.03945641e-11
   779       3   0.00000000e+00   0.00000000e+00
   780       1   6.49550249e-03   1.00161935e-01
   780       2   2.14337870e-07   5.31404869e-11
   780       3   0.00000000e+00   0.00000000e+00
   781       1   6.16157973e-03   1.05798731e-01
   781       2   2.03614324e-07   5.61774754e-11
   781       3   0.00000000e+00   0.00000000e+00
   782       1   5.83037889e-03   1.12066287e-01
   782       2   1.92953782e-07   5.95665598e-11
   782       3   0.00000000e+00   0.00000000e+00
   783       1   5.50172423e-03   1.19078980e-01
   783       2   1.82352166e-07   6.33590650e-11
   783       3   0.00000000e+00   0.00000000e+00
   784       1   5.17544547e-03   1.26980590e-01
   784       2   1.71805512e-07   6.76437424e-11
   784       3   0.00000000e+00   0.00000000e+00
   785       1   4.85137731e-03   1.35954376e-01
   785       2   1.61309964e-07   7.25215739e-11
   785       3   0.00000000e+00   0.00000000e+00
   786       1   4.52935911e-03   1.46237622e-01
   786       2   1.50861755e-07   7.81224322e-11
   786       3   0.00000000e+00   0.00000000e+00
   787       1   4.20923443e-03   1.58143100e-01
   787       2   1.40457212e-07   8.46279621e-11
   787       3   0.00000000e+00   0.00000000e+00
   788       1   3.89085072e-03   1.72091645e-01
   788       2   1.30092738e-07   9.22755788e-11
   788       3   0.00000000e+00   0.00000000e+00
   789       1   3.57405893e-03   1.88663167e-01
   789       2   1.19764811e-07   1.01389015e-10
   789       3   0.00000000e+00   0.00000000e+00
   790       1   3.25871322e-03   2.08679506e-01
   790       2   1.09469972e-07   1.12449059e-10
   790       3   0.00000000e+00   0.00000000e+00
   791       1   2.94467062e-03   2.33345000e-01
   791       2   9.92048255e-08   1.26156719e-10
   791       3   1.12421978e-16   0.00000000e+00
   792       1   2.63179073e-03   2.64497657e-01
   792       2   8.89660254e-08   1.43571374e-10
   792       3   0.00000000e+00   0.00000000e+00
   793       1   2.31993545e-03   3.05087500e-01
   793       2   7.87502734e-08   1.66435853e-10
   793       3   0.00000000e+00   0.00000000e+00
   794       1   2.00896865e-03   3.60163244e-01
   794       2   6.85543117e-08   1.97766149e-10
   794       3   0.00000000e+00   0.00000000e+00
   795       1   1.69875597e-03   4.39129379e-01
   795       2   5.83749182e-08   2.43249860e-10
   795       3   0.00000000e+00   0.00000000e+00
   796       1   1.38916448e-03   5.61685757e-01
   796       2   4.82088989e-08   3.15062401e-10
   796       3   0.00000000e+00   0.00000000e+00
   797       1   1.08006246e-03   7.76965561e-01
   797       2   3.80530841e-08   4.44322192e-10
   797       3   0.00000000e+00   0.00000000e+00
   798       1   7.71319157e-04   1.24898805e+00
   798       2   2.79043220e-08   7.38831885e-10
   798       3   0.00000000e+00   0.00000000e+00
   799       1   4.62804494e-04   2.99711238e+00
   799       2   1.77594742e-08   1.91033424e-09
   799       3   0.00000000e+00   0.00000000e+00
   800       1   1.54388859e-04   3.28413439e+04
   800       2   7.61541005e-09   2.84488461e-05
   800       3   0.00000000e+00   0.00000000e+00