  TimeWindow  Iteration  ResRel(Mass-Left-Mesh:Displacement-Left)  ResRel(Mass-Left-Mesh:Displacement-Right)
     1       1   1.00000000e+00   1.00000000e+00
     1       2   2.53700781e-09   1.70864835e-10
     1       3   0.00000000e+00   0.00000000e+00
     2       1   4.62838350e-04   7.49961443e-01
     2       2   1.26889269e-08   2.96765821e-10
     2       3   0.00000000e+00   0.00000000e+00
     3       1   7.71733933e-04   5.55441299e-01
     3       2   2.28494644e-08   2.44781970e-10
     3       3   0.00000000e+00   0.00000000e+00
     4       1   1.08104939e-03   4.37297524e-01
     4       2   3.30217735e-08   2.01166784e-10
     4       3   0.00000000e+00   0.00000000e+00
     5       1   1.39091576e-03   3.59703758e-01
     5       2   4.32090265e-08   1.69327898e-10
     5       3   0.00000000e+00   0.00000000e+00
     6       1   1.70146509e-03   3.05162606e-01
     6       2   5.34144188e-08   1.45739446e-10
     6       3   0.00000000e+00   0.00000000e+00
     7       1   2.01283071e-03   2.64814704e-01
     7       2   6.36411769e-08   1.27749428e-10
     7       3   0.00000000e+00   0.00000000e+00
     8       1   2.32514752e-03   2.33783960e-01
     8       2   7.38925618e-08   1.13579685e-10
     8       3   0.00000000e+00   0.00000000e+00
     9       1   2.63855220e-03   2.09185074e-01
     9       2   8.41718756e-08   1.02174153e-10
     9       3   0.00000000e+00   0.00000000e+00
    10       1   2.95318352e-03   1.89207499e-01
    10       2   9.44824683e-08   9.28124852e-11
    10       3   0.00000000e+00   0.00000000e+00
    11       1   3.26918262e-03   1.72659715e-01
    11       2   1.04827742e-07   8.50041877e-11
    11       3   0.00000000e+00   0.00000000e+00
    12       1   3.58669331e-03   1.58726329e-01
    12       2   1.15211158e-07   7.84050786e-11
    12       3   0.00000000e+00   0.00000000e+00
    13       1   3.90586235e-03   1.46830882e-01
    13       2   1.25636247e-07   7.26860634e-11
    13       3   0.00000000e+00   0.00000000e+00
    14       1   4.22683980e-03   1.36554480e-01
    14       2   1.36106607e-07   6.77207439e-11
    14       3   1.14453250e-16   0.00000000e+00
    15       1   4.54977933e-03   1.27585491e-01
    15       2   1.46625922e-07   6.33944573e-11
    15       3   0.00000000e+00   0.00000000e+00
    16       1   4.87483857e-03   1.19687327e-01
    16       2   1.57197959e-07   5.95739125e-11
    16       3   0.00000000e+00   0.00000000e+00
    17       1   5.20217949e-03   1.12677167e-01
    17       2   1.67826585e-07   5.61557098e-11
    17       3   0.00000000e+00   0.00000000e+00
    18       1   5.53196881e-03   1.06411515e-01
    18       2   1.78515767e-07   5.30908519e-11
    18       3   0.00000000e+00   0.00000000e+00
    19       1   5.86437833e-03   1.00776179e-01
    19       2   1.89269586e-07   5.03321074e-11
    19       3   0.00000000e+00   0.00000000e+00
    20       1   6.19958545e-03   9.56791580e-02
    20       2   2.00092248e-07   4.78688647e-11
    20       3   0.00000000e+00   0.00000000e+00
    21       1   6.53777359e-03   9.10455055e-02
    21       2   2.10988088e-07   4.55628155e-11
    21       3   0.00000000e+00   0.00000000e+00
    22       1   6.87913268e-03   8.68135544e-02
    22       2   2.21961583e-07   4.34844806e-11
    22       3   0.00000000e+00   0.00000000e+00
    23       1   7.22385971e-03   8.29321024e-02
    23       2   2.33017367e-07   4.15696338e-11
    23       3   1.20647162e-16   0.00000000e+00
    24       1   7.57215925e-03   7.93582829e-02
    24       2   2.44160237e-07   3.98263146e-11
    24       3   1.21560692e-16   0.00000000e+00
    25       1   7.92424407e-03   7.60559360e-02
    25       2   2.55395170e-07   3.81834333e-11
    25       3   0.00000000e+00   0.00000000e+00
    26       1   8.28033581e-03   7.29943462e-02
    26       2   2.66727337e-07   3.66493454e-11
    26       3   0.00000000e+00   0.00000000e+00
    27       1   8.64066561e-03   7.01472551e-02
    27       2   2.78162113e-07   3.52398352e-11
    27       3   0.00000000e+00   0.00000000e+00
    28       1   9.00547491e-03   6.74920813e-02
    28       2   2.89705099e-07   3.39506603e-11
    28       3   0.00000000e+00   0.00000000e+00
    29       1   9.37501623e-03   6.50092986e-02
    29       2   3.01362135e-07   3.27217421e-11
    29       3   0.00000000e+00   0.00000000e+00
    30       1   9.74955404e-03   6.26819360e-02
    30       2   3.13139320e-07   3.15465699e-11
    30       3   0.00000000e+00   0.00000000e+00
    31       1   1.01293657e-02   6.04951728e-02
    31       2   3.25043032e-07   3.04702842e-11
    31       3   0.00000000e+00   0.00000000e+00
    32       1   1.05147425e-02   5.84360083e-02
    32       2   3.37079951e-07   2.94366219e-11
    32       3   0.00000000e+00   0.00000000e+00
    33       1   1.09059906e-02   5.64929911e-02
    33       2   3.49257079e-07   2.84918068e-11
    33       3   1.32229334e-16   0.00000000e+00
    34       1   1.13034326e-02   5.46559940e-02
    34       2   3.61581769e-07   2.75499153e-11
    34       3   0.00000000e+00   0.00000000e+00
    35       1   1.17074086e-02   5.29160285e-02
    35       2   3.74061753e-07   2.66819228e-11
    35       3   0.00000000e+00   0.00000000e+00
    36       1   1.21182774e-02   5.12650886e-02
    36       2   3.86705168e-07   2.58742300e-11
    36       3   1.36928863e-16   0.00000000e+00
    37       1   1.25364185e-02   4.96960201e-02
    37       2   3.99520594e-07   2.50928269e-11
    37       3   1.38645406e-16   0.00000000e+00
    38       1   1.29622337e-02   4.82024098e-02
    38       2   4.12517089e-07   2.43300008e-11
    38       3   0.00000000e+00   0.00000000e+00
    39       1   1.33961488e-02   4.67784923e-02
    39       2   4.25704228e-07   2.36394632e-11
    39       3   0.00000000e+00   0.00000000e+00
    40       1   1.38386158e-02   4.54190696e-02
    40       2   4.39092146e-07   2.29360372e-11
    40       3   1.44293331e-16   0.00000000e+00
    41       1   1.42901150e-02   4.41194429e-02
    41       2   4.52691587e-07   2.22916173e-11
    41       3   0.00000000e+00   0.00000000e+00
    42       1   1.47511578e-02   4.28753542e-02
    42       2   4.66513959e-07   2.16625796e-11
    42       3   0.00000000e+00   0.00000000e+00
    43       1   1.52222891e-02   4.16829352e-02
    43       2   4.80571387e-07   2.10849161e-11
    43       3   0.00000000e+00   0.00000000e+00
    44       1   1.57040906e-02   4.05386637e-02
    44       2   4.94876783e-07   2.05098776e-11
    44       3   0.00000000e+00   0.00000000e+00
    45       1   1.61971843e-02   3.94393257e-02
    45       2   5.09443914e-07   1.99650972e-11
    45       3   0.00000000e+00   0.00000000e+00
    46       1   1.67022357e-02   3.83819822e-02
    46       2   5.24287483e-07   1.94425639e-11
    46       3   0.00000000e+00   0.00000000e+00
    47       1   1.72199586e-02   3.73639399e-02
    47       2   5.39423217e-07   1.89075663e-11
    47       3   0.00000000e+00   0.00000000e+00
    48       1   1.77511193e-02   3.63827265e-02
    48       2   5.54867962e-07   1.84231995e-11
    48       3   0.00000000e+00   0.00000000e+00
    49       1   1.82965421e-02   3.54360676e-02
    49       2   5.70639799e-07   1.79583965e-11
    49       3   1.66800311e-16   0.00000000e+00
    50       1   1.88571148e-02   3.45218679e-02
    50       2   5.86758162e-07   1.74873725e-11
    50       3   0.00000000e+00   0.00000000e+00
    51       1   1.94337958e-02   3.36381930e-02
    51       2   6.03243976e-07   1.70646609e-11
    51       3   0.00000000e+00   0.00000000e+00
    52       1   2.00276206e-02   3.27832546e-02
    52       2   6.20119812e-07   1.66338852e-11
    52       3   0.00000000e+00   0.00000000e+00
    53       1   2.06397109e-02   3.19553965e-02
    53       2   6.37410066e-07   1.62066588e-11
    53       3   0.00000000e+00   0.00000000e+00
    54       1   2.12712832e-02   3.11530827e-02
    54       2   6.55141147e-07   1.57979822e-11
    54       3   0.00000000e+00   0.00000000e+00
    55       1   2.19236602e-02   3.03748864e-02
    55       2   6.73341707e-07   1.54218708e-11
    55       3   1.88239818e-16   0.00000000e+00
    56       1   2.25982820e-02   2.96194801e-02
    56       2   6.92042895e-07   1.50307350e-11
    56       3   0.00000000e+00   0.00000000e+00
    57       1   2.32967205e-02   2.88856273e-02
    57       2   7.11278639e-07   1.46790506e-11
    57       3   0.00000000e+00   0.00000000e+00
    58       1   2.40206946e-02   2.81721746e-02
    58       2   7.31085984e-07   1.43031964e-11
    58       3   0.00000000e+00   0.00000000e+00
    59       1   2.47720884e-02   2.74780443e-02
    59       2   7.51505464e-07   1.39476001e-11
    59       3   0.00000000e+00   0.00000000e+00
    60       1   2.55529718e-02   2.68022287e-02
    60       2   7.72581537e-07   1.36091398e-11
    60       3   0.00000000e+00   0.00000000e+00
    61       1   2.63656242e-02   2.61437838e-02
    61       2   7.94363090e-07   1.32945579e-11
    61       3   0.00000000e+00   0.00000000e+00
    62       1   2.72125623e-02   2.55018246e-02
    62       2   8.16904016e-07   1.29599689e-11
    62       3   1.11748677e-16   0.00000000e+00
    63       1   2.80965720e-02   2.48755200e-02
    63       2   8.40263886e-07   1.26621993e-11
    63       3   1.14888335e-16   0.00000000e+00
    64       1   2.90207457e-02   2.42640890e-02
    64       2   8.64508741e-07   1.22995549e-11
    64       3   0.00000000e+00   0.00000000e+00
    65       1   2.99885263e-02   2.36667964e-02
    65       2   8.89712005e-07   1.20227207e-11
    65       3   0.00000000e+00   0.00000000e+00
    66       1   3.10037584e-02   2.30829497e-02
    66       2   9.15955575e-07   1.17363495e-11
    66       3   0.00000000e+00   0.00000000e+00
    67       1   3.20707495e-02   2.25118956e-02
    67       2   9.43331094e-07   1.14698518e-11
    67       3   0.00000000e+00   0.00000000e+00
    68       1   3.31943422e-02   2.19530170e-02
    68       2   9.71941474e-07   1.11550857e-11
    68       3   1.33869672e-16   0.00000000e+00
    69       1   3.43800003e-02   2.14057308e-02
    69       2   1.00190271e-06   1.08882937e-11
    69       3   0.00000000e+00   0.00000000e+00
    70       1   3.56339124e-02   2.08694849e-02
    70       2   1.03334604e-06   1.06271971e-11
    70       3   0.00000000e+00   0.00000000e+00
    71       1   3.69631169e-02   2.03437564e-02
    71       2   1.06642061e-06   1.03515426e-11
    71       3   1.48706701e-16   0.00000000e+00
    72       1   3.83756536e-02   1.98280490e-02
    72       2   1.10129660e-06   1.01022107e-11
    72       3   1.54413248e-16   0.00000000e+00
    73       1   3.98807490e-02   1.93218918e-02
    73       2   1.13816916e-06   9.83807469e-12
    73       3   0.00000000e+00   0.00000000e+00
    74       1   4.14890447e-02   1.88248370e-02
    74       2   1.17726322e-06   9.58831492e-12
    74       3   1.67232929e-16   0.00000000e+00
    75       1   4.32128802e-02   1.83364583e-02
    75       2   1.21883937e-06   9.33052158e-12
    75       3   0.00000000e+00   0.00000000e+00
    76       1   4.50666465e-02   1.78563499e-02
    76       2   1.26320134e-06   9.09274599e-12
    76       3   1.82321400e-16   0.00000000e+00
    77       1   4.70672318e-02   1.73841245e-02
    77       2   1.31070534e-06   8.86683464e-12
    77       3   1.90902513e-16   0.00000000e+00
    78       1   4.92345895e-02   1.69194124e-02
    78       2   1.36177200e-06   8.63041853e-12
    78       3   0.00000000e+00   0.00000000e+00
    79       1   5.15924673e-02   1.64618603e-02
    79       2   1.41690167e-06   8.38399743e-12
    79       3   2.10634984e-16   0.00000000e+00
    80       1   5.41693559e-02   1.60111300e-02
    80       2   1.47669434e-06   8.17607853e-12
    80       3   1.11022309e-16   0.00000000e+00
    81       1   5.69997370e-02   1.55668975e-02
    81       2   1.54187587e-06   7.94791861e-12
    81       3   1.17350370e-16   0.00000000e+00
    82       1   6.01257472e-02   1.51288521e-02
    82       2   1.61333290e-06   7.72985866e-12
    82       3   1.24405948e-16   0.00000000e+00
    83       1   6.35994292e-02   1.46966955e-02
    83       2   1.69216014e-06   7.49995485e-12
    83       3   0.00000000e+00   0.00000000e+00
    84       1   6.74858274e-02   1.42701407e-02
    84       2   1.77972539e-06   7.27230412e-12
    84       3   0.00000000e+00   0.00000000e+00
    85       1   7.18673214e-02   1.38489117e-02
    85       2   1.87776051e-06   7.07015630e-12
    85       3   1.51397975e-16   0.00000000e+00
    86       1   7.68498170e-02   1.34327422e-02
    86       2   1.98849141e-06   6.87966166e-12
    86       3   1.63032558e-16   0.00000000e+00
    87       1   8.25717939e-02   1.30213755e-02
    87       2   2.11482810e-06   6.64839081e-12
    87       3   1.76494075e-16   0.00000000e+00
    88       1   8.92178785e-02   1.26145634e-02
    88       2   2.26064963e-06   6.43969510e-12
    88       3   3.84480135e-16   0.00000000e+00
    89       1   9.70398187e-02   1.22120658e-02
    89       2   2.43124452e-06   6.26051773e-12
    89       3   0.00000000e+00   0.00000000e+00
    90       1   1.06390045e-01   1.18136499e-02
    90       2   2.63401553e-06   6.01624781e-12
    90       3   1.16665478e-16   0.00000000e+00
    91       1   1.17777602e-01   1.14190902e-02
    91       2   2.87965408e-06   5.88389734e-12
    91       3   1.30405683e-16   0.00000000e+00
    92       1   1.31966037e-01   1.10281673e-02
    92       2   3.18419566e-06   5.65216150e-12
    92       3   2.95228668e-16   0.00000000e+00
    93       1   1.50155183e-01   1.06406679e-02
    93       2   3.57283691e-06   5.46344348e-12
    93       3   1.69778785e-16   0.00000000e+00
    94       1   1.74344729e-01   1.02563840e-02
    94       2   4.08756986e-06   5.27468372e-12
    94       3   1.99378006e-16   0.00000000e+00
    95       1   2.08134084e-01   9.87511265e-03
    95       2   4.80397715e-06   5.05180676e-12
    95       3   3.61311311e-16   0.00000000e+00
    96       1   2.58722034e-01   9.49665554e-03
    96       2   5.87322018e-06   4.88536588e-12
    96       3   6.06383784e-16   0.00000000e+00
    97       1   3.42905745e-01   9.12081846e-03
    97       2   7.64800361e-06   4.71215068e-12
    97       3   6.10732529e-16   0.00000000e+00
    98       1   5.11077004e-01   8.74741094e-03
    98       2   1.11864338e-05   4.50237963e-12
    98       3   7.69044631e-16   0.00000000e+00
    99       1   1.01519931e+00   8.37624592e-03
    99       2   2.17790359e-05   4.32554146e-12
    99       3   1.54974446e-15   0.00000000e+00
   100       1   4.21543023e+04   8.00713930e-03
   100       2   7.70783895e+00   4.13248389e-12
   100       3   5.54634269e-10   0.00000000e+00
   100       4   0.00000000e+00   0.00000000e+00
   101       1   9.99997233e-01   7.63990963e-03
   101       2   2.05212626e-05   3.93045624e-12
   101       3   1.25941788e-15   0.00000000e+00
   102       1   4.95905247e-01   7.27437771e-03
   102       2   9.92826924e-06   3.75585018e-12
   102       3   6.34872250e-16   0.00000000e+00
   103       1   3.27730979e-01   6.91036629e-03
   103       2   6.38905735e-06   3.54879271e-12
   103       3   4.26807673e-16   0.00000000e+00
   104       1   2.43536011e-01   6.54769967e-03
   104       2   4.61316117e-06   3.40591658e-12
   104       3   3.22866124e-16   0.00000000e+00
   105       1   1.92931631e-01   6.18620340e-03
   105       2   3.54248043e-06   3.20285771e-12
   105       3   2.60575959e-16   0.00000000e+00
   106       1   1.59121415e-01   5.82570391e-03
   106       2   2.82431053e-06   2.99497728e-12
   106       3   2.19113363e-16   0.00000000e+00
   107       1   1.34906811e-01   5.46602820e-03
   107       2   2.30748851e-06   2.83195556e-12
   107       3   1.89553915e-16   0.00000000e+00
   108       1   1.16688488e-01   5.10700349e-03
   108       2   1.91642937e-06   2.65130156e-12
   108       3   1.67435476e-16   0.00000000e+00
   109       1   1.02466772e-01   4.74845688e-03
   109       2   1.60913819e-06   2.47256754e-12
   109       3   3.00558291e-16   0.00000000e+00
   110       1   9.10418149e-02   4.39021498e-03
   110       2   1.36041491e-06   2.30413210e-12
   110       3   0.00000000e+00   0.00000000e+00
   111       1   8.16500387e-02   4.03210363e-03
   111       2   1.15422017e-06   2.08901696e-12
   111       3   0.00000000e+00   0.00000000e+00
   112       1   7.37823537e-02   3.67394746e-03
   112       2   9.79858210e-07   1.92658723e-12
   112       3   1.16189104e-16   0.00000000e+00
   113       1   6.70862772e-02   3.31556961e-03
   113       2   8.29921461e-07   1.77926205e-12
   113       3   2.16788999e-16   0.00000000e+00
   114       1   6.13100004e-02   2.95679127e-03
   114       2   6.99116073e-07   1.55491128e-12
   114       3   0.00000000e+00   0.00000000e+00
   115       1   5.62688287e-02   2.59743138e-03
   115       2   5.83557183e-07   1.38134805e-12
   115       3   1.92047336e-16   0.00000000e+00
   116       1   5.18242070e-02   2.23730619e-03
   116       2   4.80328460e-07   1.19373554e-12
   116       3   0.00000000e+00   0.00000000e+00
   117       1   4.78701473e-02   1.87622885e-03
   117       2   3.87197095e-07   1.00703043e-12
   117       3   0.00000000e+00   0.00000000e+00
   118       1   4.43241803e-02   1.51400899e-03
   118       2   3.02423783e-07   8.15970470e-13
   118       3   0.00000000e+00   0.00000000e+00
   119       1   4.11211646e-02   1.15045226e-03
   119       2   2.24632699e-07   6.59216845e-13
   119       3   0.00000000e+00   0.00000000e+00
   120       1   3.82089527e-02   7.85359866e-04
   120       2   1.52720471e-07   4.88000095e-13
   120       3   0.00000000e+00   0.00000000e+00
   121       1   3.55452953e-02   4.18528088e-04
   121       2   8.57911479e-08   2.69715625e-13
   121       3   0.00000000e+00   0.00000000e+00
   122       1   3.30955897e-02   4.97477370e-05
   122       2   2.31088972e-08   8.42278552e-14
   122       3   0.00000000e+00   0.00000000e+00
   123       1   3.08312153e-02   3.21196391e-04
   123       2   3.59369777e-08   1.01711833e-13
   123       3   0.00000000e+00   0.00000000e+00
   124       1   2.87282852e-02   6.94526098e-04
   124       2   9.18582828e-08   2.82680973e-13
   124       3   0.00000000e+00   0.00000000e+00
   125       1   2.67666973e-02   1.07047041e-03
   125       2   1.45087893e-07   4.78239351e-13
   125       3   0.00000000e+00   0.00000000e+00
   126       1   2.49294041e-02   1.44926626e-03
   126       2   1.95995125e-07   6.66944913e-13
   126       3   0.00000000e+00   0.00000000e+00
   127       1   2.32018446e-02   1.83115916e-03
   127       2   2.44897699e-07   8.76243124e-13
   127       3   0.00000000e+00   0.00000000e+00
   128       1   2.15714976e-02   2.21640400e-03
   128       2   2.92071166e-07   1.05838541e-12
   128       3   1.21658137e-16   0.00000000e+00
   129       1   2.00275278e-02   2.60526588e-03
   129       2   3.37756391e-07   1.26381334e-12
   129       3   0.00000000e+00   0.00000000e+00
   130       1   1.85605013e-02   2.99802094e-03
   130       2   3.82165562e-07   1.46459650e-12
   130       3   0.00000000e+00   0.00000000e+00
   131       1   1.71621575e-02   3.39495735e-03
   131       2   4.25487054e-07   1.66488560e-12
   131       3   0.00000000e+00   0.00000000e+00
   132       1   1.58252219e-02   3.79637634e-03
   132       2   4.67889405e-07   1.85225101e-12
   132       3   1.13180594e-16   0.00000000e+00
   133       1   1.45432541e-02   4.20259332e-03
   133       2   5.09524583e-07   2.07228977e-12
   133       3   1.11534523e-16   0.00000000e+00
   134       1   1.33105211e-02   4.61393905e-03
   134       2   5.50530708e-07   2.30147015e-12
   134       3   0.00000000e+00   0.00000000e+00
   135       1   1.21218930e-02   5.03076101e-03
   135       2   5.91034328e-07   2.47497213e-12
   135       3   0.00000000e+00   0.00000000e+00
   136       1   1.09727554e-02   5.45342477e-03
   136       2   6.31152346e-07   2.68008613e-12
   136       3   0.00000000e+00   0.00000000e+00
   137       1   9.85893503e-03   5.88231563e-03
   137       2   6.70993660e-07   2.92783844e-12
   137       3   2.12925382e-16   0.00000000e+00
   138       1   8.77663795e-03   6.31784027e-03
   138       2   7.10660581e-07   3.14029787e-12
   138       3   2.11056463e-16   0.00000000e+00
   139       1   7.72239578e-03   6.76042861e-03
   139       2   7.50250062e-07   3.37576222e-12
   139       3   0.00000000e+00   0.00000000e+00
   140       1   6.69302010e-03   7.21053595e-03
   140       2   7.89854784e-07   3.60202099e-12
   140       3   2.08024585e-16   0.00000000e+00
   141       1   5.68556278e-03   7.66864511e-03
   141       2   8.29564124e-07   3.83512734e-12
   141       3   0.00000000e+00   0.00000000e+00
   142       1   4.69728154e-03   8.13526901e-03
   142       2   8.69465032e-07   4.06159144e-12
   142       3   2.05869904e-16   0.00000000e+00
   143       1   3.72560969e-03   8.61095338e-03
   143       2   9.09642824e-07   4.31071252e-12
   143       3   2.05102727e-16   0.00000000e+00
   144       1   2.76812928e-03   9.09627975e-03
   144       2   9.50181939e-07   4.55391623e-12
   144       3   2.04534781e-16   0.00000000e+00
   145       1   1.82254719e-03   9.59186888e-03
   145       2   9.91166639e-07   4.79148783e-12
   145       3   0.00000000e+00   0.00000000e+00
   146       1   8.86673447e-04   1.00983844e-02
   146       2   1.03268169e-06   5.07258691e-12
   146       3   0.00000000e+00   0.00000000e+00
   147       1   4.15985083e-05   1.06165372e-02
   147       2   1.07481304e-06   5.34258575e-12
   147       3   0.00000000e+00   0.00000000e+00
   148       1   9.64310133e-04   1.11470895e-02
   148       2   1.11764847e-06   5.59248362e-12
   148       3   2.04185316e-16   0.00000000e+00
   149       1   1.88345493e-03   1.16908607e-02
   149       2   1.16127826e-06   5.85076920e-12
   149       3   0.00000000e+00   0.00000000e+00
   150       1   2.80099477e-03   1.22487327e-02
   150       2   1.20579593e-06   6.17395318e-12
   150       3   2.05142403e-16   0.00000000e+00
   151       1   3.71887570e-03   1.28216564e-02
   151       2   1.25129890e-06   6.43109029e-12
   151       3   0.00000000e+00   0.00000000e+00
   152       1   4.63904345e-03   1.34106591e-02
   152       2   1.29788933e-06   6.75700622e-12
   152       3   0.00000000e+00   0.00000000e+00
   153       1   5.56345894e-03   1.40168529e-02
   153       2   1.34567488e-06   7.04663760e-12
   153       3   0.00000000e+00   0.00000000e+00
   154       1   6.49411408e-03   1.46414434e-02
   154       2   1.39476967e-06   7.35242948e-12
   154       3   0.00000000e+00   0.00000000e+00
   155       1   7.43304801e-03   1.52857409e-02
   155       2   1.44529521e-06   7.68766077e-12
   155       3   0.00000000e+00   0.00000000e+00
   156       1   8.38236427e-03   1.59511717e-02
   156       2   1.49738152e-06   8.02520926e-12
   156       3   0.00000000e+00   0.00000000e+00
   157       1   9.34424897e-03   1.66392922e-02
   157       2   1.55116835e-06   8.40358816e-12
   157       3   0.00000000e+00   0.00000000e+00
   158       1   1.03209905e-02   1.73518041e-02
   158       2   1.60680652e-06   8.73110414e-12
   158       3   0.00000000e+00   0.00000000e+00
   159       1   1.13150011e-02   1.80905726e-02
   159       2   1.66445948e-06   9.12257719e-12
   159       3   0.00000000e+00   0.00000000e+00
   160       1   1.23288405e-02   1.88576462e-02
   160       2   1.72430505e-06   9.49082702e-12
   160       3   0.00000000e+00   0.00000000e+00
   161       1   1.33652430e-02   1.96552812e-02
   161       2   1.78653744e-06   9.91470929e-12
   161       3   1.12505901e-16   0.00000000e+00
   162       1   1.44271469e-02   2.04859683e-02
   162       2   1.85136955e-06   1.03552681e-11
   162       3   1.14128829e-16   0.00000000e+00
   163       1   1.55177295e-02   2.13524648e-02
   163       2   1.91903563e-06   1.07783702e-11
   163       3   1.15899627e-16   0.00000000e+00
   164       1   1.66404459e-02   2.22578314e-02
   164       2   1.98979436e-06   1.12560467e-11
   164       3   1.17828014e-16   0.00000000e+00
   165       1   1.77990746e-02   2.32054761e-02
   165       2   2.06393252e-06   1.17285278e-11
   165       3   1.19924996e-16   0.00000000e+00
   166       1   1.89977704e-02   2.41992048e-02
   166       2   2.14176917e-06   1.22270448e-11
   166       3   1.22203042e-16   0.00000000e+00
   167       1   2.02411268e-02   2.52432818e-02
   167       2   2.22366068e-06   1.27466542e-11
   167       3   1.24676292e-16   0.00000000e+00
   168       1   2.15342488e-02   2.63425017e-02
   168       2   2.31000664e-06   1.33181021e-11
   168       3   2.54721616e-16   0.00000000e+00
   169       1   2.28828402e-02   2.75022747e-02
   169       2   2.40125695e-06   1.39011056e-11
   169       3   1.30274872e-16   0.00000000e+00
   170       1   2.42933072e-02   2.87287297e-02
   170       2   2.49792027e-06   1.45270650e-11
   170       3   1.33439346e-16   0.00000000e+00
   171       1   2.57728842e-02   3.00288377e-02
   171       2   2.60057426e-06   1.51714414e-11
   171       3   1.36878107e-16   0.00000000e+00
   172       1   2.73297846e-02   3.14105626e-02
   172       2   2.70987795e-06   1.58758942e-11
   172       3   1.40618575e-16   0.00000000e+00
   173       1   2.89733862e-02   3.28830450e-02
   173       2   2.82658690e-06   1.66268601e-11
   173       3   1.44692362e-16   0.00000000e+00
   174       1   3.07144583e-02   3.44568287e-02
   174       2   2.95157183e-06   1.74327211e-11
   174       3   2.98272140e-16   0.00000000e+00
   175       1   3.25654436e-02   3.61441414e-02
   175       2   3.08584173e-06   1.83043316e-11
   175       3   3.07984554e-16   0.00000000e+00
   176       1   3.45408090e-02   3.79592451e-02
   176       2   3.23057274e-06   1.91884325e-11
   176       3   3.18621560e-16   0.00000000e+00
   177       1   3.66574899e-02   3.99188791e-02
   177       2   3.38714448e-06   2.01886075e-11
   177       3   1.65150154e-16   0.00000000e+00
   178       1   3.89354527e-02   4.20428226e-02
   178       2   3.55718646e-06   2.12984022e-11
   178       3   1.71579740e-16   0.00000000e+00
   179       1   4.13984204e-02   4.43546187e-02
   179       2   3.74263757e-06   2.24751907e-11
   179       3   1.78682201e-16   0.00000000e+00
   180       1   4.40748135e-02   4.68825154e-02
   180       2   3.94582348e-06   2.37302220e-11
   180       3   1.86556850e-16   0.00000000e+00
   181       1   4.69989890e-02   4.96607039e-02
   181       2   4.16955849e-06   2.51423544e-11
   181       3   3.90648037e-16   0.00000000e+00
   182       1   5.02128922e-02   5.27309693e-02
   182       2   4.41728132e-06   2.67143307e-11
   182       3   2.05130896e-16   0.00000000e+00
   183       1   5.37682903e-02   5.61449243e-02
   183       2   4.69323882e-06   2.84697655e-11
   183       3   2.16159419e-16   0.00000000e+00
   184       1   5.77298449e-02   5.99670806e-02
   184       2   5.00273851e-06   3.03998652e-11
   184       3   3.42955688e-16   0.00000000e+00
   185       1   6.21794115e-02   6.42791481e-02
   185       2   5.35250226e-06   3.25903999e-11
   185       3   4.85704695e-16   0.00000000e+00
   186       1   6.72221831e-02   6.91861777e-02
   186       2   5.75117139e-06   3.50681960e-11
   186       3   2.59175922e-16   0.00000000e+00
   187       1   7.29956682e-02   7.48255383e-02
   187       2   6.21004500e-06   3.79538828e-11
   187       3   4.17139372e-16   0.00000000e+00
   188       1   7.96831578e-02   8.13803827e-02
   188       2   6.74418743e-06   4.13029558e-11
   188       3   6.00500422e-16   0.00000000e+00
   189       1   8.75345377e-02   8.91004589e-02
   189       2   7.37413976e-06   4.51971235e-11
   189       3   4.89795100e-16   0.00000000e+00
   190       1   9.68995885e-02   9.83354071e-02
   190       2   8.12865823e-06   4.99110548e-11
   190       3   5.37251676e-16   0.00000000e+00
   191       1   1.08283486e-01   1.09590256e-01
   191       2   9.04927825e-06   5.55919252e-11
   191       3   7.93895696e-16   0.00000000e+00
   192       1   1.22443923e-01   1.23622540e-01
   192       2   1.01983014e-05   6.27286134e-11
   192       3   7.79707523e-16   0.00000000e+00
   193       1   1.40571488e-01   1.41622660e-01
   193       2   1.16736286e-05   7.18839621e-11
   193       3   8.89301788e-16   0.00000000e+00
   194       1   1.64650413e-01   1.65574608e-01
   194       2   1.36384258e-05   8.40128804e-11
   194       3   1.03571157e-15   0.00000000e+00
   195       1   1.98252236e-01   1.99049552e-01
   195       2   1.63863894e-05   1.01059368e-10
   195       3   1.24102337e-15   0.00000000e+00
   196       1   2.48519964e-01   2.49189802e-01
   196       2   2.05049088e-05   1.26530459e-10
   196       3   1.54941068e-15   0.00000000e+00
   197       1   3.32120678e-01   3.32660706e-01
   197       2   2.73645533e-05   1.68925255e-10
   197       3   1.91652084e-15   0.00000000e+00
   198       1   4.99056575e-01   4.99458126e-01
   198       2   4.10770117e-05   2.53667958e-10
   198       3   3.09384402e-15   0.00000000e+00
   199       1   9.99352622e-01   9.99559583e-01
   199       2   8.22005561e-05   5.07774203e-10
   199       3   5.96427751e-15   0.00000000e+00
   200       1   1.38100837e+04   1.15632946e+05
   200       2   8.36771248e+00   5.87486095e-05
   200       3   5.95576403e-10   0.00000000e+00
   200       4   0.00000000e+00   0.00000000e+00
   201       1   1.00000983e+00   1.00000865e+00
   201       2   8.22554414e-05   5.08113434e-10
   201       3   6.18529822e-15   0.00000000e+00
   202       1   4.99822477e-01   4.99894197e-01
   202       2   4.11306918e-05   2.54039335e-10
   202       3   3.09387439e-15   0.00000000e+00
   203       1   3.32906845e-01   3.33094337e-01
   203       2   2.74180207e-05   1.69290314e-10
   203       3   2.21138466e-15   0.00000000e+00
   204       1   2.49313384e-01   2.49622540e-01
   204       2   2.05583141e-05   1.26898517e-10
   204       3   1.32807280e-15   0.00000000e+00
   205       1   1.99049189e-01   1.99481831e-01
   205       2   1.64397795e-05   1.01405428e-10
   205       3   1.24102822e-15   0.00000000e+00
   206       1   1.65449473e-01   1.66006593e-01
   206       2   1.36918221e-05   8.44089179e-11
   206       3   1.03571493e-15   0.00000000e+00
   207       1   1.41372014e-01   1.42054418e-01
   207       2   1.17270438e-05   7.22153509e-11
   207       3   8.89304256e-16   0.00000000e+00
   208       1   1.23245603e-01   1.24054100e-01
   208       2   1.02517445e-05   6.30859944e-11
   208       3   7.79709409e-16   0.00000000e+00
   209       1   1.09086167e-01   1.10021629e-01
   209       2   9.10275652e-06   5.59668466e-11
   209       3   5.95423047e-16   0.00000000e+00
   210       1   9.77031986e-02   9.87665943e-02
   210       2   8.18217814e-06   5.02444871e-11
   210       3   5.37252707e-16   0.00000000e+00
   211       1   8.83390531e-02   8.95314549e-02
   211       2   7.42770729e-06   4.55520624e-11
   211       3   4.89795950e-16   0.00000000e+00
   212       1   8.04885840e-02   8.18111789e-02
   212       2   6.79780830e-06   4.16297436e-11
   212       3   4.50376029e-16   0.00000000e+00
   213       1   7.38020293e-02   7.52561240e-02
   213       2   6.26372482e-06   3.83112455e-11
   213       3   5.56186636e-16   0.00000000e+00
   214       1   6.80295159e-02   6.96165408e-02
   214       2   5.80491571e-06   3.54486798e-11
   214       3   5.18352537e-16   0.00000000e+00
   215       1   6.29877618e-02   6.47092753e-02
   215       2   5.40631662e-06   3.29635004e-11
   215       3   3.64278973e-16   0.00000000e+00
   216       1   5.85392653e-02   6.03969579e-02
   216       2   5.05662849e-06   3.07853022e-11
   216       3   4.57274778e-16   0.00000000e+00
   217       1   5.45788387e-02   5.65745370e-02
   217       2   4.74721005e-06   2.88119562e-11
   217       3   2.16159652e-16   0.00000000e+00
   218       1   5.10246305e-02   5.31603024e-02
   218       2   4.47133952e-06   2.70769160e-11
   218       3   4.10262205e-16   0.00000000e+00
   219       1   4.78119832e-02   5.00897419e-02
   219       2   4.22370946e-06   2.55255310e-11
   219       3   3.90648406e-16   0.00000000e+00
   220       1   4.48891325e-02   4.73112425e-02
   220       2   4.00007314e-06   2.41183671e-11
   220       3   3.73114030e-16   0.00000000e+00
   221       1   4.22141364e-02   4.47830187e-02
   221       2   3.79699196e-06   2.28294478e-11
   221       3   1.78682350e-16   0.00000000e+00
   222       1   3.97526407e-02   4.24708791e-02
   222       2   3.61165176e-06   2.16297941e-11
   222       3   3.43159749e-16   0.00000000e+00
   223       1   3.74762275e-02   4.03465755e-02
   223       2   3.44172701e-06   2.05615447e-11
   223       3   1.65150277e-16   0.00000000e+00
   224       1   3.53611769e-02   3.83865645e-02
   224       2   3.28527898e-06   1.95673169e-11
   224       3   3.18621784e-16   0.00000000e+00
   225       1   3.33875251e-02   3.65710665e-02
   225       2   3.14067836e-06   1.86436246e-11
   225       3   3.07984758e-16   0.00000000e+00
   226       1   3.15383399e-02   3.48833422e-02
   226       2   3.00654568e-06   1.78051409e-11
   226       3   1.49136163e-16   0.00000000e+00
   227       1   2.97991570e-02   3.33091291e-02
   227       2   2.88170502e-06   1.70032947e-11
   227       3   2.89384897e-16   0.00000000e+00
   228       1   2.81575371e-02   3.18361994e-02
   228       2   2.76514763e-06   1.62224425e-11
   228       3   1.40618654e-16   0.00000000e+00
   229       1   2.66027141e-02   3.04540091e-02
   229       2   2.65600299e-06   1.55692187e-11
   229       3   2.73756360e-16   0.00000000e+00
   230       1   2.51253137e-02   2.91534171e-02
   230       2   2.55351581e-06   1.48551495e-11
   230       3   2.66878827e-16   0.00000000e+00
   231       1   2.37171259e-02   2.79264594e-02
   231       2   2.45702730e-06   1.42610989e-11
   231       3   1.30274934e-16   0.00000000e+00
   232       1   2.23709204e-02   2.67661645e-02
   232       2   2.36596012e-06   1.36615595e-11
   232       3   2.54721731e-16   0.00000000e+00
   233       1   2.10802949e-02   2.56664036e-02
   233       2   2.27980588e-06   1.30901052e-11
   233       3   1.24676345e-16   0.00000000e+00
   234       1   1.98395501e-02   2.46217658e-02
   234       2   2.19811504e-06   1.25605694e-11
   234       3   1.22203091e-16   0.00000000e+00
   235       1   1.86435853e-02   2.36274565e-02
   235       2   2.12048832e-06   1.20846383e-11
   235       3   1.19925042e-16   0.00000000e+00
   236       1   1.74878123e-02   2.26792108e-02
   236       2   2.04656975e-06   1.16215577e-11
   236       3   2.35656112e-16   0.00000000e+00
   237       1   1.63680812e-02   2.17732225e-02
   237       2   1.97604064e-06   1.11122830e-11
   237       3   1.15899666e-16   0.00000000e+00
   238       1   1.52806192e-02   2.09060835e-02
   238       2   1.90861466e-06   1.06683540e-11
   238       3   1.14128865e-16   0.00000000e+00
   239       1   1.42219770e-02   2.00747325e-02
   239       2   1.84403358e-06   1.02711239e-11
   239       3   2.25011869e-16   0.00000000e+00
   240       1   1.31889840e-02   1.92764119e-02
   240       2   1.78206363e-06   9.87353766e-12
   240       3   2.22044587e-16   0.00000000e+00
   241       1   1.21787083e-02   1.85086305e-02
   241       2   1.72249242e-06   9.46877024e-12
   241       3   0.00000000e+00   0.00000000e+00
   242       1   1.11884233e-02   1.77691317e-02
   242       2   1.66512633e-06   9.08091007e-12
   242       3   0.00000000e+00   0.00000000e+00
   243       1   1.02155768e-02   1.70558666e-02
   243       2   1.60978812e-06   8.73895880e-12
   243       3   4.29343504e-16   0.00000000e+00
   244       1   9.25776515e-03   1.63669694e-02
   244       2   1.55631500e-06   8.37304713e-12
   244       3   2.12684702e-16   0.00000000e+00
   245       1   8.31270891e-03   1.57007382e-02
   245       2   1.50455683e-06   8.03860109e-12
   245       3   2.10917033e-16   0.00000000e+00
   246       1   7.37823173e-03   1.50556159e-02
   246       2   1.45437462e-06   7.72680087e-12
   246       3   2.09361143e-16   0.00000000e+00
   247       1   6.45224056e-03   1.44301758e-02
   247       2   1.40563916e-06   7.40004135e-12
   247       3   2.08010587e-16   0.00000000e+00
   248       1   5.53270755e-03   1.38231071e-02
   248       2   1.35822979e-06   7.07604556e-12
   248       3   0.00000000e+00   0.00000000e+00
   249       1   4.61765303e-03   1.32332035e-02
   249       2   1.31203335e-06   6.78928300e-12
   249       3   2.05905069e-16   0.00000000e+00
   250       1   3.70512927e-03   1.26593526e-02
   250       2   1.26694319e-06   6.51214625e-12
   250       3   0.00000000e+00   0.00000000e+00
   251       1   2.79320488e-03   1.21005264e-02
   251       2   1.22285825e-06   6.21995869e-12
   251       3   0.00000000e+00   0.00000000e+00
   252       1   1.87994932e-03   1.15557734e-02
   252       2   1.17968232e-06   5.94114373e-12
   252       3   0.00000000e+00   0.00000000e+00
   253       1   9.63417585e-04   1.10242110e-02
   253       2   1.13732317e-06   5.63849442e-12
   253       3   2.03988846e-16   0.00000000e+00
   254       1   4.16345273e-05   1.05050194e-02
   254       2   1.09569193e-06   5.39478057e-12
   254       3   0.00000000e+00   0.00000000e+00
   255       1   8.87421309e-04   9.99743545e-03
   255       2   1.05470236e-06   5.15161793e-12
   255       3   0.00000000e+00   0.00000000e+00
   256       1   1.82583465e-03   9.50074771e-03
   256       2   1.01427020e-06   4.90314026e-12
   256       3   0.00000000e+00   0.00000000e+00
   257       1   2.77577156e-03   9.01429181e-03
   257       2   9.74312533e-07   4.64369032e-12
   257       3   2.05102723e-16   0.00000000e+00
   258       1   3.73949900e-03   8.53744624e-03
   258       2   9.34747104e-07   4.38781485e-12
   258       3   0.00000000e+00   0.00000000e+00
   259       1   4.71940614e-03   8.06962868e-03
   259       2   8.95491696e-07   4.15344142e-12
   259       3   2.06841666e-16   0.00000000e+00
   260       1   5.71802802e-03   7.61029259e-03
   260       2   8.56463429e-07   3.94224741e-12
   260       3   2.08024570e-16   0.00000000e+00
   261       1   6.73807201e-03   7.15892425e-03
   261       2   8.17578049e-07   3.67486531e-12
   261       3   2.09426426e-16   0.00000000e+00
   262       1   7.78244760e-03   6.71503992e-03
   262       2   7.78749157e-07   3.47095982e-12
   262       3   0.00000000e+00   0.00000000e+00
   263       1   8.85430043e-03   6.27818344e-03
   263       2   7.39887370e-07   3.27242352e-12
   263       3   0.00000000e+00   0.00000000e+00
   264       1   9.95705125e-03   5.84792392e-03
   264       2   7.00899404e-07   3.02775784e-12
   264       3   0.00000000e+00   0.00000000e+00
   265       1   1.10944411e-02   5.42385371e-03
   265       2   6.61687039e-07   2.81822102e-12
   265       3   0.00000000e+00   0.00000000e+00
   266       1   1.22705836e-02   5.00558651e-03
   266       2   6.22145950e-07   2.61746031e-12
   266       3   0.00000000e+00   0.00000000e+00
   267       1   1.34900269e-02   4.59275568e-03
   267       2   5.82164362e-07   2.40234863e-12
   267       3   1.11534500e-16   0.00000000e+00
   268       1   1.47578262e-02   4.18501265e-03
   268       2   5.41621499e-07   2.19226225e-12
   268       3   0.00000000e+00   0.00000000e+00
   269       1   1.60796296e-02   3.78202550e-03
   269       2   5.00385757e-07   1.99789215e-12
   269       3   1.15000527e-16   0.00000000e+00
   270       1   1.74617819e-02   3.38347766e-03
   270       2   4.58312557e-07   1.81211309e-12
   270       3   0.00000000e+00   0.00000000e+00
   271       1   1.89114485e-02   2.98906666e-03
   271       2   4.15241772e-07   1.59105859e-12
   271       3   0.00000000e+00   0.00000000e+00
   272       1   2.04367654e-02   2.59850303e-03
   272       2   3.70994637e-07   1.38739611e-12
   272       3   0.00000000e+00   0.00000000e+00
   273       1   2.20470231e-02   2.21150929e-03
   273       2   3.25370003e-07   1.19495611e-12
   273       3   1.24340335e-16   0.00000000e+00
   274       1   2.37528921e-02   1.82781896e-03
   274       2   2.78139742e-07   9.89851634e-13
   274       3   0.00000000e+00   0.00000000e+00
   275       1   2.55667016e-02   1.44717569e-03
   275       2   2.29043083e-07   7.76687306e-13
   275       3   1.30548326e-16   0.00000000e+00
   276       1   2.75027892e-02   1.06933246e-03
   276       2   1.77779545e-07   5.88172772e-13
   276       3   0.00000000e+00   0.00000000e+00
   277       1   2.95779399e-02   6.94050750e-04
   277       2   1.24000058e-07   4.30363685e-13
   277       3   0.00000000e+00   0.00000000e+00
   278       1   3.18119455e-02   3.21099904e-04
   278       2   6.72956709e-08   2.09848507e-13
   278       3   0.00000000e+00   0.00000000e+00
   279       1   3.42283234e-02   4.97435965e-05
   279       2   7.18306311e-09   2.56734655e-14
   279       3   0.00000000e+00   0.00000000e+00
   280       1   3.68552510e-02   4.18696740e-04
   280       2   5.69142763e-08   1.35347155e-13
   280       3   0.00000000e+00   0.00000000e+00
   281       1   3.97267944e-02   7.85970578e-04
   281       2   1.25690799e-07   3.31846717e-13
   281       3   0.00000000e+00   0.00000000e+00
   282       1   4.28845470e-02   1.15177078e-03
   282       2   1.99991871e-07   5.36944404e-13
   282       3   0.00000000e+00   0.00000000e+00
   283       1   4.63798461e-02   1.51629817e-03
   283       2   2.80858378e-07   7.22947913e-13
   283       3   0.00000000e+00   0.00000000e+00
   284       1   5.02768202e-02   1.87974920e-03
   284       2   3.69588036e-07   9.10424582e-13
   284       3   0.00000000e+00   0.00000000e+00
   285       1   5.46566556e-02   2.24231646e-03
   285       2   4.67821207e-07   1.07210398e-12
   285       3   0.00000000e+00   0.00000000e+00
   286       1   5.96236911e-02   2.60418911e-03
   286       2   5.77663484e-07   1.25317066e-12
   286       3   2.03497599e-16   0.00000000e+00
   287       1   6.53143249e-02   2.96555332e-03
   287       2   7.01864834e-07   1.42925757e-12
   287       3   0.00000000e+00   0.00000000e+00
   288       1   7.19103755e-02   3.32659269e-03
   288       2   8.44088298e-07   1.63996068e-12
   288       3   1.16188960e-16   0.00000000e+00
   289       1   7.96597302e-02   3.68748864e-03
   289       2   1.00932524e-06   1.82253428e-12
   289       3   1.25444415e-16   0.00000000e+00
   290       1   8.89093820e-02   4.04842081e-03
   290       2   1.20455973e-06   2.01690996e-12
   290       3   1.36597435e-16   0.00000000e+00
   291       1   1.00160491e-01   4.40956746e-03
   291       2   1.43987581e-06   2.18170324e-12
   291       3   1.50278885e-16   0.00000000e+00
   292       1   1.14164741e-01   4.77110578e-03
   292       2   1.73039525e-06   2.38351568e-12
   292       3   1.67435146e-16   0.00000000e+00
   293       1   1.32103292e-01   5.13321233e-03
   293       2   2.09987614e-06   2.57479104e-12
   293       3   1.89553482e-16   0.00000000e+00
   294       1   1.55944674e-01   5.49606332e-03
   294       2   2.58791008e-06   2.74167643e-12
   294       3   2.19112770e-16   0.00000000e+00
   295       1   1.89232165e-01   5.85983504e-03
   295       2   3.26575595e-06   2.92274570e-12
   295       3   3.90862655e-16   0.00000000e+00
   296       1   2.39052233e-01   6.22470413e-03
   296       2   4.27592423e-06   3.12131407e-12
   296       3   3.22864783e-16   0.00000000e+00
   297       1   3.21939850e-01   6.59084799e-03
   297       2   5.95092922e-06   3.30071625e-12
   297       3   4.26805283e-16   0.00000000e+00
   298       1   4.87499769e-01   6.95844509e-03
   298       2   9.28829458e-06   3.48609421e-12
   298       3   4.76150148e-16   0.00000000e+00
   299       1   9.83755417e-01   7.32767535e-03
   299       2   1.92755348e-05   3.65467248e-12
   299       3   1.57424538e-15   0.00000000e+00
   300       1   1.13061205e+07   7.69872048e-03
   300       2   9.95621031e-01   3.85206475e-12
   300       3   7.20940944e-11   0.00000000e+00
   301       1   1.00001988e+00   8.07176433e-03
   301       2   2.06024773e-05   4.03003838e-12
   301       3   1.39479434e-15   0.00000000e+00
   302       1   5.03769922e-01   8.44699326e-03
   302       2   1.06151158e-05   4.24364532e-12
   302       3   7.69051394e-16   0.00000000e+00
   303       1   3.38219681e-01   8.82459652e-03
   303       2   7.27843721e-06   4.44920082e-12
   303       3   6.10736137e-16   0.00000000e+00
   304       1   2.55345655e-01   9.20476662e-03
   304       2   5.60451177e-06   4.62373316e-12
   304       3   3.03193245e-16   0.00000000e+00
   305       1   2.05543097e-01   9.58769973e-03
   305       2   4.59576582e-06   4.80341551e-12
   305       3   3.61312610e-16   0.00000000e+00
   306       1   1.72277053e-01   9.97359608e-03
   306       2   3.91967420e-06   5.00028585e-12
   306       3   1.99378607e-16   0.00000000e+00
   307       1   1.48461083e-01   1.03626604e-02
   307       2   3.43372430e-06   5.23006496e-12
   307       3   3.39558452e-16   0.00000000e+00
   308       1   1.30551939e-01   1.07551023e-02
   308       2   3.06665803e-06   5.42879490e-12
   308       3   2.95229343e-16   0.00000000e+00
   309       1   1.16581126e-01   1.11511368e-02
   309       2   2.77888596e-06   5.63921852e-12
   309       3   1.30405949e-16   0.00000000e+00
   310       1   1.05367530e-01   1.15509848e-02
   310       2   2.54665301e-06   5.81322411e-12
   310       3   2.33331387e-16   0.00000000e+00
   311       1   9.61595115e-02   1.19548733e-02
   311       2   2.35484106e-06   6.01390686e-12
   311       3   2.10894852e-16   0.00000000e+00
   312       1   8.84559646e-02   1.23630366e-02
   312       2   2.19337028e-06   6.22159722e-12
   312       3   1.92240366e-16   0.00000000e+00
   313       1   8.19099550e-02   1.27757160e-02
   313       2   2.05526135e-06   6.47186260e-12
   313       3   0.00000000e+00   0.00000000e+00
   314       1   7.62736601e-02   1.31931611e-02
   314       2   1.93552814e-06   6.66113960e-12
   314       3   1.63032776e-16   0.00000000e+00
   315       1   7.13653320e-02   1.36156298e-02
   315       2   1.83051340e-06   6.88296209e-12
   315       3   3.02796330e-16   0.00000000e+00
   316       1   6.70486497e-02   1.40433896e-02
   316       2   1.73747347e-06   7.10978531e-12
   316       3   1.41247368e-16   0.00000000e+00
   317       1   6.32193582e-02   1.44767177e-02
   317       2   1.65430963e-06   7.32332036e-12
   317       3   0.00000000e+00   0.00000000e+00
   318       1   5.97963618e-02   1.49159020e-02
   318       2   1.57938894e-06   7.53402983e-12
   318       3   1.24406079e-16   0.00000000e+00
   319       1   5.67156295e-02   1.53612420e-02
   319       2   1.51142171e-06   7.76061667e-12
   319       3   1.17350487e-16   0.00000000e+00
   320       1   5.39259295e-02   1.58130494e-02
   320       2   1.44937571e-06   7.99614202e-12
   320       3   1.11022414e-16   0.00000000e+00
   321       1   5.13857814e-02   1.62716492e-02
   321       2   1.39241487e-06   8.22575675e-12
   321       3   0.00000000e+00   0.00000000e+00
   322       1   4.90612405e-02   1.67373803e-02
   322       2   1.33985471e-06   8.47814814e-12
   322       3   2.00301420e-16   0.00000000e+00
   323       1   4.69242596e-02   1.72105970e-02
   323       2   1.29112942e-06   8.73678405e-12
   323       3   0.00000000e+00   0.00000000e+00
   324       1   4.49514606e-02   1.76916700e-02
   324       2   1.24576713e-06   8.94573631e-12
   324       3   0.00000000e+00   0.00000000e+00
   325       1   4.31232007e-02   1.81809871e-02
   325       2   1.20337115e-06   9.21176987e-12
   325       3   0.00000000e+00   0.00000000e+00
   326       1   4.14228540e-02   1.86789552e-02
   326       2   1.16360550e-06   9.46998901e-12
   326       3   1.67233051e-16   0.00000000e+00
   327       1   3.98362534e-02   1.91860012e-02
   327       2   1.12618369e-06   9.72095926e-12
   327       3   1.60571294e-16   0.00000000e+00
   328       1   3.83512511e-02   1.97025735e-02
   328       2   1.09085990e-06   9.99515325e-12
   328       3   0.00000000e+00   0.00000000e+00
   329       1   3.69573709e-02   2.02291440e-02
   329       2   1.05742195e-06   1.02563368e-11
   329       3   1.48706798e-16   0.00000000e+00
   330       1   3.56455294e-02   2.07662094e-02
   330       2   1.02568572e-06   1.05431302e-11
   330       3   0.00000000e+00   0.00000000e+00
   331       1   3.44078114e-02   2.13142933e-02
   331       2   9.95490641e-07   1.08038963e-11
   331       3   0.00000000e+00   0.00000000e+00
   332       1   3.32372877e-02   2.18739485e-02
   332       2   9.66695982e-07   1.10815353e-11
   332       3   0.00000000e+00   0.00000000e+00
   333       1   3.21278656e-02   2.24457588e-02
   333       2   9.39177886e-07   1.13807816e-11
   333       3   0.00000000e+00   0.00000000e+00
   334       1   3.10741658e-02   2.30303416e-02
   334       2   9.12826877e-07   1.16782902e-11
   334       3   1.25542791e-16   0.00000000e+00
   335       1   3.00714206e-02   2.36283510e-02
   335       2   8.87545816e-07   1.19822098e-11
   335       3   0.00000000e+00   0.00000000e+00
   336       1   2.91153890e-02   2.42404799e-02
   336       2   8.63248185e-07   1.22944998e-11
   336       3   1.18222439e-16   0.00000000e+00
   337       1   2.82022858e-02   2.48674640e-02
   337       2   8.39856663e-07   1.26462487e-11
   337       3   1.14888392e-16   0.00000000e+00
   338       1   2.73287211e-02   2.55100850e-02
   338       2   8.17301912e-07   1.29700031e-11
   338       3   1.11748731e-16   0.00000000e+00
   339       1   2.64916500e-02   2.61691744e-02
   339       2   7.95521564e-07   1.33229586e-11
   339       3   0.00000000e+00   0.00000000e+00
   340       1   2.56883296e-02   2.68456176e-02
   340       2   7.74459344e-07   1.36685305e-11
   340       3   0.00000000e+00   0.00000000e+00
   341       1   2.49162818e-02   2.75403591e-02
   341       2   7.54064340e-07   1.39906114e-11
   341       3   0.00000000e+00   0.00000000e+00
   342       1   2.41732621e-02   2.82544073e-02
   342       2   7.34290355e-07   1.43614754e-11
   342       3   0.00000000e+00   0.00000000e+00
   343       1   2.34572322e-02   2.89888399e-02
   343       2   7.15095371e-07   1.47690890e-11
   343       3   0.00000000e+00   0.00000000e+00
   344       1   2.27663368e-02   2.97448112e-02
   344       2   6.96441072e-07   1.51319118e-11
   344       3   0.00000000e+00   0.00000000e+00
   345       1   2.20988832e-02   3.05235579e-02
   345       2   6.78292431e-07   1.55114886e-11
   345       3   3.76479782e-16   0.00000000e+00
   346       1   2.14533235e-02   3.13264079e-02
   346       2   6.60617361e-07   1.59632395e-11
   346       3   0.00000000e+00   0.00000000e+00
   347       1   2.08282391e-02   3.21547885e-02
   347       2   6.43386396e-07   1.63696196e-11
   347       3   1.80365162e-16   0.00000000e+00
   348       1   2.02223277e-02   3.30102362e-02
   348       2   6.26572428e-07   1.68087444e-11
   348       3   0.00000000e+00   0.00000000e+00
   349       1   1.96343909e-02   3.38944076e-02
   349       2   6.10150458e-07   1.72672532e-11
   349       3   0.00000000e+00   0.00000000e+00
   350       1   1.90633240e-02   3.48090914e-02
   350       2   5.94097394e-07   1.77269675e-11
   350       3   0.00000000e+00   0.00000000e+00
   351       1   1.85081068e-02   3.57562224e-02
   351       2   5.78391858e-07   1.82133576e-11
   351       3   0.00000000e+00   0.00000000e+00
   352       1   1.79677955e-02   3.67378965e-02
   352       2   5.63014028e-07   1.87337867e-11
   352       3   0.00000000e+00   0.00000000e+00
   353       1   1.74415153e-02   3.77563884e-02
   353       2   5.47945488e-07   1.92674847e-11
   353       3   0.00000000e+00   0.00000000e+00
   354       1   1.69284541e-02   3.88141712e-02
   354       2   5.33169100e-07   1.98000664e-11
   354       3   0.00000000e+00   0.00000000e+00
   355       1   1.64278570e-02   3.99139384e-02
   355       2   5.18668885e-07   2.03669969e-11
   355       3   0.00000000e+00   0.00000000e+00
   356       1   1.59390207e-02   4.10586298e-02
   356       2   5.04429925e-07   2.09563015e-11
   356       3   0.00000000e+00   0.00000000e+00
   357       1   1.54612892e-02   4.22514599e-02
   357       2   4.90438265e-07   2.15676189e-11
   357       3   0.00000000e+00   0.00000000e+00
   358       1   1.49940497e-02   4.34959517e-02
   358       2   4.76680835e-07   2.22069608e-11
   358       3   0.00000000e+00   0.00000000e+00
   359       1   1.45367289e-02   4.47959740e-02
   359       2   4.63145367e-07   2.28713394e-11
   359       3   0.00000000e+00   0.00000000e+00
   360       1   1.40887896e-02   4.61557860e-02
   360       2   4.49820340e-07   2.35637571e-11
   360       3   0.00000000e+00   0.00000000e+00
   361       1   1.36497279e-02   4.75800872e-02
   361       2   4.36694905e-07   2.43289055e-11
   361       3   1.42323864e-16   0.00000000e+00
   362       1   1.32190699e-02   4.90740767e-02
   362       2   4.23758842e-07   2.50798105e-11
   362       3   1.40442534e-16   0.00000000e+00
   363       1   1.27963702e-02   5.06435214e-02
   363       2   4.11002502e-07   2.58781392e-11
   363       3   0.00000000e+00   0.00000000e+00
   364       1   1.23812088e-02   5.22948356e-02
   364       2   3.98416766e-07   2.67605803e-11
   364       3   1.36928893e-16   0.00000000e+00
   365       1   1.19731895e-02   5.40351755e-02
   365       2   3.85993002e-07   2.76435648e-11
   365       3   0.00000000e+00   0.00000000e+00
   366       1   1.15719379e-02   5.58725490e-02
   366       2   3.73723028e-07   2.86074398e-11
   366       3   0.00000000e+00   0.00000000e+00
   367       1   1.11771001e-02   5.78159473e-02
   367       2   3.61599077e-07   2.95982322e-11
   367       3   0.00000000e+00   0.00000000e+00
   368       1   1.07883403e-02   5.98755003e-02
   368       2   3.49613766e-07   3.06651269e-11
   368       3   0.00000000e+00   0.00000000e+00
   369       1   1.04053405e-02   6.20626635e-02
   369       2   3.37760069e-07   3.17896728e-11
   369       3   0.00000000e+00   0.00000000e+00
   370       1   1.00277981e-02   6.43904421e-02
   370       2   3.26031287e-07   3.30125892e-11
   370       3   0.00000000e+00   0.00000000e+00
   371       1   9.65542583e-03   6.68736623e-02
   371       2   3.14421029e-07   3.42723879e-11
   371       3   0.00000000e+00   0.00000000e+00
   372       1   9.28794964e-03   6.95293024e-02
   372       2   3.02923182e-07   3.56605197e-11
   372       3   0.00000000e+00   0.00000000e+00
   373       1   8.92510834e-03   7.23768981e-02
   373       2   2.91531899e-07   3.71317719e-11
   373       3   0.00000000e+00   0.00000000e+00
   374       1   8.56665247e-03   7.54390423e-02
   374       2   2.80241573e-07   3.87274314e-11
   374       3   0.00000000e+00   0.00000000e+00
   375       1   8.21234346e-03   7.87420090e-02
   375       2   2.69046827e-07   4.04444836e-11
   375       3   0.00000000e+00   0.00000000e+00
   376       1   7.86195281e-03   8.23165336e-02
   376       2   2.57942488e-07   4.23259960e-11
   376       3   0.00000000e+00   0.00000000e+00
   377       1   7.51526141e-03   8.61988032e-02
   377       2   2.46923580e-07   4.43230269e-11
   377       3   0.00000000e+00   0.00000000e+00
   378       1   7.17205883e-03   9.04317202e-02
   378       2   2.35985308e-07   4.65423890e-11
   378       3   0.00000000e+00   0.00000000e+00
   379       1   6.83214267e-03   9.50665366e-02
   379       2   2.25123040e-07   4.89852754e-11
   379       3   0.00000000e+00   0.00000000e+00
   380       1   6.49531800e-03   1.00164988e-01
   380       2   2.14332304e-07   5.16283933e-11
   380       3   0.00000000e+00   0.00000000e+00
   381       1   6.16139679e-03   1.05802116e-01
   381       2   2.03608766e-07   5.46047966e-11
   381       3   0.00000000e+00   0.00000000e+00
   382       1   5.83019741e-03   1.12070062e-01
   382       2   1.92948229e-07   5.79228726e-11
   382       3   0.00000000e+00   0.00000000e+00
   383       1   5.50154411e-03   1.19083218e-01
   383       2   1.82346616e-07   6.15906004e-11
   383       3   0.00000000e+00   0.00000000e+00
   384       1   5.17526660e-03   1.26985383e-01
   384       2   1.71799964e-07   6.57233315e-11
   384       3   0.00000000e+00   0.00000000e+00
   385       1   4.85119962e-03   1.35959842e-01
   385       2   1.61304415e-07   7.04913472e-11
   385       3   0.00000000e+00   0.00000000e+00
   386       1   4.52918250e-03   1.46243915e-01
   386       2   1.50856203e-07   7.59197173e-11
   386       3   0.00000000e+00   0.00000000e+00
   387       1   4.20905882e-03   1.58150424e-01
   387       2   1.40451655e-07   8.22565724e-11
   387       3   0.00000000e+00   0.00000000e+00
   388       1   3.89067602e-03   1.72100280e-01
   388       2   1.30087174e-07   8.96915362e-11
   388       3   0.00000000e+00   0.00000000e+00
   389       1   3.57388506e-03   1.88673500e-01
   389       2   1.19759238e-07   9.85489621e-11
   389       3   0.00000000e+00   0.00000000e+00
   390       1   3.25854010e-03   2.08692096e-01
   390       2   1.09464389e-07   1.09324013e-10
   390       3   0.00000000e+00   0.00000000e+00
   391       1   2.94449818e-03   2.33360677e-01
   391       2   9.91992293e-08   1.22639232e-10
   391       3   0.00000000e+00   0.00000000e+00
   392       1   2.63161889e-03   2.64517718e-01
   392       2   8.89604146e-08   1.39565715e-10
   392       3   0.00000000e+00   0.00000000e+00
   393       1   2.31976412e-03   3.05114077e-01
   393       2   7.87446464e-08   1.61820672e-10
   393       3   0.00000000e+00   0.00000000e+00
   394       1   2.00879778e-03   3.60200109e-01
   394       2   6.85486670e-08   1.92284699e-10
   394       3   1.11641159e-16   0.00000000e+00
   395       1   1.69858547e-03   4.39183870e-01
   395       2   5.83692536e-08   2.36525175e-10
   395       3   0.00000000e+00   0.00000000e+00
   396       1   1.38899428e-03   5.61774210e-01
   396       2   4.82032128e-08   3.06375957e-10
   396       3   0.00000000e+00   0.00000000e+00
   397       1   1.07989249e-03   7.77132632e-01
   397       2   3.80473745e-08   4.32197014e-10
   397       3   0.00000000e+00   0.00000000e+00
   398       1   7.71149347e-04   1.24940795e+00
   398       2   2.78985872e-08   7.18953324e-10
   398       3   0.00000000e+00   0.00000000e+00
   399       1   4.62634772e-04   2.99931011e+00
   399       2   1.77537130e-08   1.86089426e-09
   399       3   0.00000000e+00   0.00000000e+00
   400       1   1.54219156e-04   3.61932206e+06
   400       2   7.60961982e-09   3.04998549e-03
   400       3   0.00000000e+00   0.00000000e+00
   401       1   1.54226909e-04   1.00000028e+00
   401       2   2.53682047e-09   1.70849003e-10
   401       3   0.00000000e+00   0.00000000e+00
   402       1   4.62832866e-04   7.49966115e-01
   402       2   1.26887392e-08   2.96773301e-10
   402       3   0.00000000e+00   0.00000000e+00
   403       1   7.71728443e-04   5.55444055e-01
   403       2   2.28492767e-08   2.44799059e-10
   403       3   0.00000000e+00   0.00000000e+00
   404       1   1.08104389e-03   4.37299265e-01
   404       2   3.30215853e-08   2.01179639e-10
   404       3   0.00000000e+00   0.00000000e+00
   405       1   1.39091025e-03   3.59704946e-01
   405       2   4.32088380e-08   1.69347030e-10
   405       3   0.00000000e+00   0.00000000e+00
   406       1   1.70145956e-03   3.05163465e-01
   406       2   5.34142301e-08   1.45748170e-10
   406       3   0.00000000e+00   0.00000000e+00
   407       1   2.01282518e-03   2.64815353e-01
   407       2   6.36409877e-08   1.27738594e-10
   407       3   0.00000000e+00   0.00000000e+00
   408       1   2.32514197e-03   2.33784468e-01
   408       2   7.38923721e-08   1.13582633e-10
   408       3   0.00000000e+00   0.00000000e+00
   409       1   2.63854662e-03   2.09185482e-01
   409       2   8.41716855e-08   1.02190783e-10
   409       3   1.12421795e-16   0.00000000e+00
   410       1   2.95317792e-03   1.89207834e-01
   410       2   9.44822774e-08   9.28468889e-11
   410       3   0.00000000e+00   0.00000000e+00
   411       1   3.26917700e-03   1.72659995e-01
   411       2   1.04827551e-07   8.50298463e-11
   411       3   0.00000000e+00   0.00000000e+00
   412       1   3.58668766e-03   1.58726567e-01
   412       2   1.15210967e-07   7.83608537e-11
   412       3   0.00000000e+00   0.00000000e+00
   413       1   3.90585667e-03   1.46831086e-01
   413       2   1.25636054e-07   7.26819041e-11
   413       3   1.13971518e-16   0.00000000e+00
   414       1   4.22683409e-03   1.36554657e-01
   414       2   1.36106414e-07   6.77261387e-11
   414       3   0.00000000e+00   0.00000000e+00
   415       1   4.54977358e-03   1.27585646e-01
   415       2   1.46625727e-07   6.34071298e-11
   415       3   0.00000000e+00   0.00000000e+00
   416       1   4.87483278e-03   1.19687465e-01
   416       2   1.57197764e-07   5.95796140e-11
   416       3   0.00000000e+00   0.00000000e+00
   417       1   5.20217366e-03   1.12677289e-01
   417       2   1.67826388e-07   5.61799297e-11
   417       3   0.00000000e+00   0.00000000e+00
   418       1   5.53196293e-03   1.06411625e-01
   418       2   1.78515569e-07   5.30909591e-11
   418       3   0.00000000e+00   0.00000000e+00
   419       1   5.86437240e-03   1.00776278e-01
   419       2   1.89269388e-07   5.03522033e-11
   419       3   0.00000000e+00   0.00000000e+00
   420       1   6.19957948e-03   9.56792477e-02
   420       2   2.00092048e-07   4.78540232e-11
   420       3   1.18190870e-16   0.00000000e+00
   421       1   6.53776756e-03   9.10455872e-02
   421       2   2.10987886e-07   4.55859875e-11
   421       3   0.00000000e+00   0.00000000e+00
   422       1   6.87912660e-03   8.68136292e-02
   422       2   2.21961380e-07   4.34852667e-11
   422       3   0.00000000e+00   0.00000000e+00
   423       1   7.22385357e-03   8.29321711e-02
   423       2   2.33017162e-07   4.15854329e-11
   423       3   0.00000000e+00   0.00000000e+00
   424       1   7.57215304e-03   7.93583463e-02
   424       2   2.44160031e-07   3.98332145e-11
   424       3   0.00000000e+00   0.00000000e+00
   425       1   7.92423780e-03   7.60559947e-02
   425       2   2.55394963e-07   3.81846033e-11
   425       3   0.00000000e+00   0.00000000e+00
   426       1   8.28032946e-03   7.29944007e-02
   426       2   2.66727128e-07   3.66910964e-11
   426       3   0.00000000e+00   0.00000000e+00
   427       1   8.64065918e-03   7.01473058e-02
   427       2   2.78161902e-07   3.52483739e-11
   427       3   0.00000000e+00   0.00000000e+00
   428       1   9.00546840e-03   6.74921287e-02
   428       2   2.89704886e-07   3.39660931e-11
   428       3   0.00000000e+00   0.00000000e+00
   429       1   9.37500964e-03   6.50093430e-02
   429       2   3.01361920e-07   3.27124221e-11
   429       3   0.00000000e+00   0.00000000e+00
   430       1   9.74954736e-03   6.26819776e-02
   430       2   3.13139102e-07   3.15530233e-11
   430       3   0.00000000e+00   0.00000000e+00
   431       1   1.01293589e-02   6.04952119e-02
   431       2   3.25042812e-07   3.04526034e-11
   431       3   0.00000000e+00   0.00000000e+00
   432       1   1.05147356e-02   5.84360452e-02
   432       2   3.37079728e-07   2.94246074e-11
   432       3   0.00000000e+00   0.00000000e+00
   433       1   1.09059836e-02   5.64930259e-02
   433       2   3.49256854e-07   2.84636400e-11
   433       3   1.32229308e-16   0.00000000e+00
   434       1   1.13034255e-02   5.46560270e-02
   434       2   3.61581542e-07   2.75127494e-11
   434       3   0.00000000e+00   0.00000000e+00
   435       1   1.17074014e-02   5.29160598e-02
   435       2   3.74061522e-07   2.66805793e-11
   435       3   0.00000000e+00   0.00000000e+00
   436       1   1.21182700e-02   5.12651183e-02
   436       2   3.86704935e-07   2.58714699e-11
   436       3   0.00000000e+00   0.00000000e+00
   437       1   1.25364111e-02   4.96960483e-02
   437       2   3.99520358e-07   2.51004372e-11
   437       3   0.00000000e+00   0.00000000e+00
   438       1   1.29622262e-02   4.82024367e-02
   438       2   4.12516850e-07   2.43110460e-11
   438       3   1.40442469e-16   0.00000000e+00
   439       1   1.33961411e-02   4.67785179e-02
   439       2   4.25703985e-07   2.36604543e-11
   439       3   0.00000000e+00   0.00000000e+00
   440       1   1.38386079e-02   4.54190940e-02
   440       2   4.39091899e-07   2.29435443e-11
   440       3   0.00000000e+00   0.00000000e+00
   441       1   1.42901070e-02   4.41194663e-02
   441       2   4.52691337e-07   2.22758604e-11
   441       3   0.00000000e+00   0.00000000e+00
   442       1   1.47511495e-02   4.28753766e-02
   442       2   4.66513705e-07   2.16649736e-11
   442       3   0.00000000e+00   0.00000000e+00
   443       1   1.52222807e-02   4.16829567e-02
   443       2   4.80571128e-07   2.10789036e-11
   443       3   3.01549368e-16   0.00000000e+00
   444       1   1.57040821e-02   4.05386844e-02
   444       2   4.94876520e-07   2.05340598e-11
   444       3   0.00000000e+00   0.00000000e+00
   445       1   1.61971755e-02   3.94393456e-02
   445       2   5.09443646e-07   1.99436271e-11
   445       3   0.00000000e+00   0.00000000e+00
   446       1   1.67022267e-02   3.83820013e-02
   446       2   5.24287210e-07   1.94495834e-11
   446       3   0.00000000e+00   0.00000000e+00
   447       1   1.72199493e-02   3.73639583e-02
   447       2   5.39422938e-07   1.89137517e-11
   447       3   0.00000000e+00   0.00000000e+00
   448       1   1.77511098e-02   3.63827442e-02
   448       2   5.54867678e-07   1.84256351e-11
   448       3   0.00000000e+00   0.00000000e+00
   449       1   1.82965323e-02   3.54360848e-02
   449       2   5.70639509e-07   1.79443848e-11
   449       3   1.66800257e-16   0.00000000e+00
   450       1   1.88571048e-02   3.45218844e-02
   450       2   5.86757866e-07   1.74873838e-11
   450       3   0.00000000e+00   0.00000000e+00
   451       1   1.94337855e-02   3.36382090e-02
   451       2   6.03243673e-07   1.70589226e-11
   451       3   0.00000000e+00   0.00000000e+00
   452       1   2.00276100e-02   3.27832700e-02
   452       2   6.20119502e-07   1.66106945e-11
   452       3   1.76717743e-16   0.00000000e+00
   453       1   2.06396999e-02   3.19554115e-02
   453       2   6.37409748e-07   1.62116801e-11
   453       3   0.00000000e+00   0.00000000e+00
   454       1   2.12712720e-02   3.11530972e-02
   454       2   6.55140821e-07   1.57920568e-11
   454       3   0.00000000e+00   0.00000000e+00
   455       1   2.19236485e-02   3.03749004e-02
   455       2   6.73341373e-07   1.53997345e-11
   455       3   0.00000000e+00   0.00000000e+00
   456       1   2.25982700e-02   2.96194937e-02
   456       2   6.92042552e-07   1.50436029e-11
   456       3   0.00000000e+00   0.00000000e+00
   457       1   2.32967080e-02   2.88856406e-02
   457       2   7.11278287e-07   1.46514530e-11
   457       3   0.00000000e+00   0.00000000e+00
   458       1   2.40206816e-02   2.81721875e-02
   458       2   7.31085622e-07   1.42728630e-11
   458       3   0.00000000e+00   0.00000000e+00
   459       1   2.47720749e-02   2.74780569e-02
   459       2   7.51505090e-07   1.39196531e-11
   459       3   2.06705824e-16   0.00000000e+00
   460       1   2.55529578e-02   2.68022409e-02
   460       2   7.72581151e-07   1.35999272e-11
   460       3   0.00000000e+00   0.00000000e+00
   461       1   2.63656097e-02   2.61437957e-02
   461       2   7.94362691e-07   1.32754300e-11
   461       3   0.00000000e+00   0.00000000e+00
   462       1   2.72125472e-02   2.55018362e-02
   462       2   8.16903603e-07   1.29701589e-11
   462       3   0.00000000e+00   0.00000000e+00
   463       1   2.80965562e-02   2.48755314e-02
   463       2   8.40263459e-07   1.26307354e-11
   463       3   0.00000000e+00   0.00000000e+00
   464       1   2.90207292e-02   2.42641001e-02
   464       2   8.64508298e-07   1.23435045e-11
   464       3   0.00000000e+00   0.00000000e+00
   465       1   2.99885090e-02   2.36668073e-02
   465       2   8.89711545e-07   1.20171299e-11
   465       3   1.21767520e-16   0.00000000e+00
   466       1   3.10037402e-02   2.30829603e-02
   466       2   9.15955095e-07   1.17522350e-11
   466       3   0.00000000e+00   0.00000000e+00
   467       1   3.20707304e-02   2.25119059e-02
   467       2   9.43330594e-07   1.14488626e-11
   467       3   1.29568776e-16   0.00000000e+00
   468       1   3.31943221e-02   2.19530271e-02
   468       2   9.71940952e-07   1.11764945e-11
   468       3   0.00000000e+00   0.00000000e+00
   469       1   3.43799790e-02   2.14057407e-02
   469       2   1.00190216e-06   1.08844011e-11
   469       3   1.38471889e-16   0.00000000e+00
   470       1   3.56338899e-02   2.08694946e-02
   470       2   1.03334547e-06   1.06273204e-11
   470       3   1.43406032e-16   0.00000000e+00
   471       1   3.69630930e-02   2.03437659e-02
   471       2   1.06642000e-06   1.03460563e-11
   471       3   1.48706604e-16   0.00000000e+00
   472       1   3.83756282e-02   1.98280584e-02
   472       2   1.10129596e-06   1.00848111e-11
   472       3   0.00000000e+00   0.00000000e+00
   473       1   3.98807219e-02   1.93219010e-02
   473       2   1.13816849e-06   9.83594486e-12
   473       3   1.60571069e-16   0.00000000e+00
   474       1   4.14890158e-02   1.88248460e-02
   474       2   1.17726251e-06   9.61321673e-12
   474       3   0.00000000e+00   0.00000000e+00
   475       1   4.32128491e-02   1.83364672e-02
   475       2   1.21883861e-06   9.31841200e-12
   475       3   1.74459201e-16   0.00000000e+00
   476       1   4.50666130e-02   1.78563586e-02
   476       2   1.26320052e-06   9.11696691e-12
   476       3   0.00000000e+00   0.00000000e+00
   477       1   4.70671956e-02   1.73841330e-02
   477       2   1.31070447e-06   8.87101242e-12
   477       3   0.00000000e+00   0.00000000e+00
   478       1   4.92345502e-02   1.69194208e-02
   478       2   1.36177107e-06   8.60907916e-12
   478       3   2.00301074e-16   0.00000000e+00
   479       1   5.15924245e-02   1.64618686e-02
   479       2   1.41690066e-06   8.40095411e-12
   479       3   0.00000000e+00   0.00000000e+00
   480       1   5.41693090e-02   1.60111381e-02
   480       2   1.47669325e-06   8.18045025e-12
   480       3   0.00000000e+00   0.00000000e+00
   481       1   5.69996854e-02   1.55669055e-02
   481       2   1.54187467e-06   7.95945609e-12
   481       3   1.17350253e-16   0.00000000e+00
   482       1   6.01256900e-02   1.51288600e-02
   482       2   1.61333158e-06   7.71541936e-12
   482       3   1.24405818e-16   0.00000000e+00
   483       1   6.35993655e-02   1.46967033e-02
   483       2   1.69215869e-06   7.48439960e-12
   483       3   1.32317725e-16   0.00000000e+00
   484       1   6.74857559e-02   1.42701484e-02
   484       2   1.77972377e-06   7.27941268e-12
   484       3   1.41247035e-16   0.00000000e+00
   485       1   7.18672406e-02   1.38489193e-02
   485       2   1.87775869e-06   7.07605978e-12
   485       3   1.51397786e-16   0.00000000e+00
   486       1   7.68497246e-02   1.34327498e-02
   486       2   1.98848935e-06   6.86365191e-12
   486       3   0.00000000e+00   0.00000000e+00
   487       1   8.25716873e-02   1.30213830e-02
   487       2   2.11482574e-06   6.65467772e-12
   487       3   1.76493822e-16   0.00000000e+00
   488       1   8.92177540e-02   1.26145708e-02
   488       2   2.26064689e-06   6.44678920e-12
   488       3   1.92239769e-16   0.00000000e+00
   489       1   9.70396712e-02   1.22120730e-02
   489       2   2.43124130e-06   6.27768376e-12
   489       3   2.10894141e-16   0.00000000e+00
   490       1   1.06389867e-01   1.18136571e-02
   490       2   2.63401167e-06   6.05432668e-12
   490       3   2.33330526e-16   0.00000000e+00
   491       1   1.17777383e-01   1.14190974e-02
   491       2   2.87964936e-06   5.85446885e-12
   491       3   1.30405417e-16   0.00000000e+00
   492       1   1.31965761e-01   1.10281744e-02
   492       2   3.18418973e-06   5.66485391e-12
   492       3   1.47613997e-16   0.00000000e+00
   493       1   1.50154823e-01   1.06406749e-02
   493       2   3.57282923e-06   5.43113335e-12
   493       3   1.69778344e-16   0.00000000e+00
   494       1   1.74344241e-01   1.02563909e-02
   494       2   4.08755948e-06   5.26623412e-12
   494       3   3.98754811e-16   0.00000000e+00
   495       1   2.08133383e-01   9.87511954e-03
   495       2   4.80396229e-06   5.06952644e-12
   495       3   3.61310013e-16   0.00000000e+00
   496       1   2.58720941e-01   9.49666238e-03
   496       2   5.87319709e-06   4.89007939e-12
   496       3   6.06381078e-16   0.00000000e+00
   497       1   3.42903805e-01   9.12082524e-03
   497       2   7.64796273e-06   4.68187935e-12
   497       3   6.10728922e-16   0.00000000e+00
   498       1   5.11072644e-01   8.74741768e-03
   498       2   1.11863421e-05   4.51099952e-12
   498       3   7.69037870e-16   0.00000000e+00
   499       1   1.01518188e+00   8.37625262e-03
   499       2   2.17786698e-05   4.31794487e-12
   499       3   1.70468918e-15   0.00000000e+00
   500       1   1.52300847e+05   8.00714596e-03
   500       2   1.45495240e+00   4.12526210e-12
   500       3   1.12747585e-10   0.00000000e+00
   500       4   0.00000000e+00   0.00000000e+00
   501       1   1.00001466e+00   7.63991625e-03
   501       2   2.05216287e-05   3.91440842e-12
   501       3   1.41686939e-15   0.00000000e+00
   502       1   4.95909607e-01   7.27438431e-03
   502       2   9.92836094e-06   3.75631474e-12
   502       3   7.93597045e-16   0.00000000e+00
   503       1   3.27732919e-01   6.91037285e-03
   503       2   6.38909824e-06   3.56215704e-12
   503       3   4.26810062e-16   0.00000000e+00
   504       1   2.43537104e-01   6.54770621e-03
   504       2   4.61318427e-06   3.39203026e-12
   504       3   3.22867465e-16   0.00000000e+00
   505       1   1.92932332e-01   6.18620991e-03
   505       2   3.54249530e-06   3.23758771e-12
   505       3   2.60576815e-16   0.00000000e+00
   506       1   1.59121903e-01   5.82571040e-03
   506       2   2.82432094e-06   2.98562963e-12
   506       3   2.19113955e-16   0.00000000e+00
   507       1   1.34907171e-01   5.46603468e-03
   507       2   2.30749623e-06   2.80451501e-12
   507       3   1.89554349e-16   0.00000000e+00
   508       1   1.16688765e-01   5.10700996e-03
   508       2   1.91643534e-06   2.64936243e-12
   508       3   0.00000000e+00   0.00000000e+00
   509       1   1.02466991e-01   4.74846333e-03
   509       2   1.60914296e-06   2.45059336e-12
   509       3   0.00000000e+00   0.00000000e+00
   510       1   9.10419934e-02   4.39022143e-03
   510       2   1.36041883e-06   2.28550648e-12
   510       3   1.36597855e-16   0.00000000e+00
   511       1   8.16501870e-02   4.03211007e-03
   511       2   1.15422347e-06   2.11286806e-12
   511       3   1.25444759e-16   0.00000000e+00
   512       1   7.37824791e-02   3.67395391e-03
   512       2   9.79861024e-07   1.90810481e-12
   512       3   0.00000000e+00   0.00000000e+00
   513       1   6.70863848e-02   3.31557605e-03
   513       2   8.29923904e-07   1.74899864e-12
   513       3   0.00000000e+00   0.00000000e+00
   514       1   6.13100938e-02   2.95679772e-03
   514       2   6.99118222e-07   1.56905091e-12
   514       3   0.00000000e+00   0.00000000e+00
   515       1   5.62689107e-02   2.59743784e-03
   515       2   5.83559097e-07   1.38498287e-12
   515       3   0.00000000e+00   0.00000000e+00
   516       1   5.18242797e-02   2.23731266e-03
   516       2   4.80330182e-07   1.21027295e-12
   516       3   0.00000000e+00   0.00000000e+00
   517       1   4.78702123e-02   1.87623534e-03
   517       2   3.87198660e-07   1.00659610e-12
   517       3   1.73378026e-16   0.00000000e+00
   518       1   4.43242388e-02   1.51401550e-03
   518       2   3.02425217e-07   8.53125784e-13
   518       3   1.65693227e-16   0.00000000e+00
   519       1   4.11212177e-02   1.15045878e-03
   519       2   2.24634023e-07   6.59938899e-13
   519       3   0.00000000e+00   0.00000000e+00
   520       1   3.82090012e-02   7.85366418e-04
   520       2   1.52721702e-07   4.42403408e-13
   520       3   1.52809142e-16   0.00000000e+00
   521       1   3.55453398e-02   4.18534670e-04
   521       2   8.57923006e-08   3.03898841e-13
   521       3   0.00000000e+00   0.00000000e+00
   522       1   3.30956308e-02   4.97543514e-05
   522       2   2.31099830e-08   8.46605334e-14
   522       3   0.00000000e+00   0.00000000e+00
   523       1   3.08312534e-02   3.21189739e-04
   523       2   3.59359495e-08   9.47867729e-14
   523       3   0.00000000e+00   0.00000000e+00
   524       1   2.87283207e-02   6.94519405e-04
   524       2   9.18573036e-08   2.99861277e-13
   524       3   0.00000000e+00   0.00000000e+00
   525       1   2.67667305e-02   1.07046368e-03
   525       2   1.45086957e-07   4.86621904e-13
   525       3   0.00000000e+00   0.00000000e+00
   526       1   2.49294353e-02   1.44925947e-03
   526       2   1.95994224e-07   6.89957975e-13
   526       3   0.00000000e+00   0.00000000e+00
   527       1   2.32018741e-02   1.83115232e-03
   527       2   2.44896830e-07   8.52897888e-13
   527       3   0.00000000e+00   0.00000000e+00
   528       1   2.15715255e-02   2.21639711e-03
   528       2   2.92070323e-07   1.04501569e-12
   528       3   1.21658177e-16   0.00000000e+00
   529       1   2.00275543e-02   2.60525892e-03
   529       2   3.37755571e-07   1.25521691e-12
   529       3   0.00000000e+00   0.00000000e+00
   530       1   1.85605266e-02   2.99801391e-03
   530       2   3.82164761e-07   1.47921025e-12
   530       3   1.17008761e-16   0.00000000e+00
   531       1   1.71621816e-02   3.39495024e-03
   531       2   4.25486270e-07   1.64582306e-12
   531       3   0.00000000e+00   0.00000000e+00
   532       1   1.58252451e-02   3.79636916e-03
   532       2   4.67888634e-07   1.85077899e-12
   532       3   0.00000000e+00   0.00000000e+00
   533       1   1.45432763e-02   4.20258606e-03
   533       2   5.09523823e-07   2.06253420e-12
   533       3   0.00000000e+00   0.00000000e+00
   534       1   1.33105426e-02   4.61393170e-03
   534       2   5.50529956e-07   2.25707102e-12
   534       3   0.00000000e+00   0.00000000e+00
   535       1   1.21219138e-02   5.03075355e-03
   535       2   5.91033582e-07   2.47676279e-12
   535       3   0.00000000e+00   0.00000000e+00
   536       1   1.09727756e-02   5.45341722e-03
   536       2   6.31151604e-07   2.67948569e-12
   536       3   2.15045678e-16   0.00000000e+00
   537       1   9.85895464e-03   5.88230797e-03
   537       2   6.70992921e-07   2.90927315e-12
   537       3   0.00000000e+00   0.00000000e+00
   538       1   8.77665706e-03   6.31783249e-03
   538       2   7.10659843e-07   3.15153730e-12
   538       3   2.11056486e-16   0.00000000e+00
   539       1   7.72241446e-03   6.76042071e-03
   539       2   7.50249322e-07   3.39395879e-12
   539       3   0.00000000e+00   0.00000000e+00
   540       1   6.69303839e-03   7.21052791e-03
   540       2   7.89854041e-07   3.60125047e-12
   540       3   0.00000000e+00   0.00000000e+00
   541       1   5.68558074e-03   7.66863693e-03
   541       2   8.29563378e-07   3.83450606e-12
   541       3   0.00000000e+00   0.00000000e+00
   542       1   4.69729922e-03   8.13526069e-03
   542       2   8.69464279e-07   4.07739353e-12
   542       3   2.05869911e-16   0.00000000e+00
   543       1   3.72562713e-03   8.61094489e-03
   543       2   9.09642064e-07   4.31907578e-12
   543       3   2.05102730e-16   0.00000000e+00
   544       1   2.76814652e-03   9.09627109e-03
   544       2   9.50181169e-07   4.56840679e-12
   544       3   2.04534781e-16   0.00000000e+00
   545       1   1.82256427e-03   9.59186004e-03
   545       2   9.91165859e-07   4.81238741e-12
   545       3   0.00000000e+00   0.00000000e+00
   546       1   8.86690404e-04   1.00983754e-02
   546       2   1.03268090e-06   5.05520973e-12
   546       3   0.00000000e+00   0.00000000e+00
   547       1   4.15816350e-05   1.06165279e-02
   547       2   1.07481223e-06   5.34012300e-12
   547       3   0.00000000e+00   0.00000000e+00
   548       1   9.64293306e-04   1.11470801e-02
   548       2   1.11764764e-06   5.54850607e-12
   548       3   4.08370604e-16   0.00000000e+00
   549       1   1.88343811e-03   1.16908510e-02
   549       2   1.16127742e-06   5.86537440e-12
   549       3   2.04569635e-16   0.00000000e+00
   550       1   2.80097793e-03   1.22487228e-02
   550       2   1.20579507e-06   6.13809338e-12
   550       3   2.05142382e-16   0.00000000e+00
   551       1   3.71885880e-03   1.28216462e-02
   551       2   1.25129802e-06   6.40647508e-12
   551       3   2.05905020e-16   0.00000000e+00
   552       1   4.63902645e-03   1.34106486e-02
   552       2   1.29788843e-06   6.75578365e-12
   552       3   0.00000000e+00   0.00000000e+00
   553       1   5.56344181e-03   1.40168421e-02
   553       2   1.34567396e-06   7.04504401e-12
   553       3   0.00000000e+00   0.00000000e+00
   554       1   6.49409677e-03   1.46414323e-02
   554       2   1.39476871e-06   7.35332499e-12
   554       3   0.00000000e+00   0.00000000e+00
   555       1   7.43303049e-03   1.52857294e-02
   555       2   1.44529422e-06   7.71571923e-12
   555       3   2.10916955e-16   0.00000000e+00
   556       1   8.38234650e-03   1.59511598e-02
   556       2   1.49738050e-06   8.02094937e-12
   556       3   0.00000000e+00   0.00000000e+00
   557       1   9.34423091e-03   1.66392799e-02
   557       2   1.55116730e-06   8.38758897e-12
   557       3   2.14671656e-16   0.00000000e+00
   558       1   1.03209721e-02   1.73517914e-02
   558       2   1.60680543e-06   8.75120517e-12
   558       3   0.00000000e+00   0.00000000e+00
   559       1   1.13149823e-02   1.80905594e-02
   559       2   1.66445835e-06   9.14089748e-12
   559       3   0.00000000e+00   0.00000000e+00
   560       1   1.23288213e-02   1.88576325e-02
   560       2   1.72430387e-06   9.51286884e-12
   560       3   0.00000000e+00   0.00000000e+00
   561       1   1.33652232e-02   1.96552670e-02
   561       2   1.78653622e-06   9.90498565e-12
   561       3   1.12505868e-16   0.00000000e+00
   562       1   1.44271267e-02   2.04859535e-02
   562       2   1.85136827e-06   1.03498915e-11
   562       3   1.14128793e-16   0.00000000e+00
   563       1   1.55177087e-02   2.13524493e-02
   563       2   1.91903429e-06   1.07638026e-11
   563       3   1.15899588e-16   0.00000000e+00
   564       1   1.66404244e-02   2.22578153e-02
   564       2   1.98979296e-06   1.12409389e-11
   564       3   1.17827972e-16   0.00000000e+00
   565       1   1.77990523e-02   2.32054592e-02
   565       2   2.06393105e-06   1.17007058e-11
   565       3   1.19924950e-16   0.00000000e+00
   566       1   1.89977473e-02   2.41991870e-02
   566       2   2.14176762e-06   1.22170907e-11
   566       3   2.44405985e-16   0.00000000e+00
   567       1   2.02411027e-02   2.52432631e-02
   567       2   2.22365904e-06   1.27503578e-11
   567       3   1.24676238e-16   0.00000000e+00
   568       1   2.15342237e-02   2.63424820e-02
   568       2   2.31000491e-06   1.32968013e-11
   568       3   2.54721501e-16   0.00000000e+00
   569       1   2.28828139e-02   2.75022540e-02
   569       2   2.40125512e-06   1.39254240e-11
   569       3   1.30274810e-16   0.00000000e+00
   570       1   2.42932796e-02   2.87287077e-02
   570       2   2.49791833e-06   1.45244171e-11
   570       3   4.00317837e-16   0.00000000e+00
   571       1   2.57728551e-02   3.00288144e-02
   571       2   2.60057220e-06   1.51915098e-11
   571       3   1.36878034e-16   0.00000000e+00
   572       1   2.73297539e-02   3.14105377e-02
   572       2   2.70987575e-06   1.58774886e-11
   572       3   1.40618496e-16   0.00000000e+00
   573       1   2.89733537e-02   3.28830185e-02
   573       2   2.82658454e-06   1.66120862e-11
   573       3   1.44692276e-16   0.00000000e+00
   574       1   3.07144238e-02   3.44568004e-02
   574       2   2.95156930e-06   1.74202923e-11
   574       3   1.49135976e-16   0.00000000e+00
   575       1   3.25654067e-02   3.61441110e-02
   575       2   3.08583901e-06   1.82967773e-11
   575       3   1.53992175e-16   0.00000000e+00
   576       1   3.45407696e-02   3.79592123e-02
   576       2   3.23056979e-06   1.92192761e-11
   576       3   4.77932005e-16   0.00000000e+00
   577       1   3.66574475e-02   3.99188437e-02
   577       2   3.38714129e-06   2.02007264e-11
   577       3   3.30300063e-16   0.00000000e+00
   578       1   3.89354069e-02   4.20427841e-02
   578       2   3.55718299e-06   2.12835812e-11
   578       3   1.71579605e-16   0.00000000e+00
   579       1   4.13983707e-02   4.43545767e-02
   579       2   3.74263378e-06   2.24445966e-11
   579       3   5.36046156e-16   0.00000000e+00
   580       1   4.40747593e-02   4.68824695e-02
   580       2   3.94581931e-06   2.37498455e-11
   580       3   1.86556684e-16   0.00000000e+00
   581       1   4.69989295e-02   4.96606533e-02
   581       2   4.16955388e-06   2.51579873e-11
   581       3   1.95323834e-16   0.00000000e+00
   582       1   5.02128265e-02   5.27309132e-02
   582       2   4.41727620e-06   2.67261638e-11
   582       3   2.05130690e-16   0.00000000e+00
   583       1   5.37682174e-02   5.61448618e-02
   583       2   4.69323310e-06   2.84629455e-11
   583       3   2.16159187e-16   0.00000000e+00
   584       1   5.77297632e-02   5.99670104e-02
   584       2   5.00273207e-06   3.03961213e-11
   584       3   4.57273724e-16   0.00000000e+00
   585       1   6.21793192e-02   6.42790686e-02
   585       2   5.35249495e-06   3.25949132e-11
   585       3   3.64278070e-16   0.00000000e+00
   586       1   6.72220780e-02   6.91860868e-02
   586       2   5.75116302e-06   3.50707141e-11
   586       3   3.88763363e-16   0.00000000e+00
   587       1   7.29955471e-02   7.48254333e-02
   587       2   6.21003531e-06   3.79579612e-11
   587       3   4.17138767e-16   0.00000000e+00
   588       1   7.96830165e-02   8.13802600e-02
   588       2   6.74417608e-06   4.12847460e-11
   588       3   4.50374604e-16   0.00000000e+00
   589       1   8.75343705e-02   8.91003133e-02
   589       2   7.37412628e-06   4.51839286e-11
   589       3   4.89794250e-16   0.00000000e+00
   590       1   9.68993873e-02   9.83352315e-02
   590       2   8.12864195e-06   4.99074103e-11
   590       3   7.16334194e-16   0.00000000e+00
   591       1   1.08283238e-01   1.09590040e-01
   591       2   9.04925818e-06   5.56143323e-11
   591       3   5.95420497e-16   0.00000000e+00
   592       1   1.22443611e-01   1.23622267e-01
   592       2   1.01982761e-05   6.27477837e-11
   592       3   8.91092156e-16   0.00000000e+00
   593       1   1.40571082e-01   1.41622305e-01
   593       2   1.16735955e-05   7.18813794e-11
   593       3   8.89299320e-16   0.00000000e+00
   594       1   1.64649863e-01   1.65574125e-01
   594       2   1.36383807e-05   8.40557474e-11
   594       3   1.03570821e-15   0.00000000e+00
   595       1   1.98251445e-01   1.99048857e-01
   595       2   1.63863246e-05   1.01055656e-10
   595       3   1.24101852e-15   0.00000000e+00
   596       1   2.48518731e-01   2.49188719e-01
   596       2   2.05048077e-05   1.26536989e-10
   596       3   1.32805979e-15   0.00000000e+00
   597       1   3.32118490e-01   3.32658782e-01
   597       2   2.73643736e-05   1.68929734e-10
   597       3   1.91650831e-15   0.00000000e+00
   598       1   4.99051656e-01   4.99453800e-01
   598       2   4.10766075e-05   2.53633731e-10
   598       3   2.87282695e-15   0.00000000e+00
   599       1   9.99332962e-01   9.99542290e-01
   599       2   8.21989398e-05   5.07725665e-10
   599       3   5.96416031e-15   0.00000000e+00
   600       1   1.89556150e+04   3.85475764e+04
   600       2   2.78925879e+00   1.95843327e-05
   600       3   2.02272777e-10   1.29926381e-16
   600       4   0.00000000e+00   0.00000000e+00
   601       1   1.00002949e+00   1.00002594e+00
   601       2   8.22570580e-05   5.08127742e-10
   601       3   6.18541977e-15   0.00000000e+00
   602       1   4.99827395e-01   4.99898523e-01
   602       2   4.11310960e-05   2.54032914e-10
   602       3   2.87291157e-15   0.00000000e+00
   603       1   3.32909034e-01   3.33096261e-01
   603       2   2.74182004e-05   1.69309559e-10
   603       3   2.06397251e-15   0.00000000e+00
   604       1   2.49314617e-01   2.49623623e-01
   604       2   2.05584152e-05   1.26893094e-10
   604       3   1.54942585e-15   0.00000000e+00
   605       1   1.99049980e-01   1.99482526e-01
   605       2   1.64398442e-05   1.01402415e-10
   605       3   1.24103307e-15   0.00000000e+00
   606       1   1.65450024e-01   1.66007076e-01
   606       2   1.36918671e-05   8.44287947e-11
   606       3   8.87758540e-16   0.00000000e+00
   607       1   1.41372420e-01   1.42054774e-01
   607       2   1.17270769e-05   7.22565655e-11
   607       3   7.62262906e-16   0.00000000e+00
   608       1   1.23245915e-01   1.24054373e-01
   608       2   1.02517699e-05   6.30852418e-11
   608       3   7.79711296e-16   0.00000000e+00
   609       1   1.09086414e-01   1.10021845e-01
   609       2   9.10277660e-06   5.59578687e-11
   609       3   7.93899097e-16   0.00000000e+00
   610       1   9.77034000e-02   9.87667699e-02
   610       2   8.18219443e-06   5.02461744e-11
   610       3   5.37253738e-16   0.00000000e+00
   611       1   8.83392204e-02   8.95316004e-02
   611       2   7.42772077e-06   4.55800037e-11
   611       3   4.89796799e-16   0.00000000e+00
   612       1   8.04887254e-02   8.18113017e-02
   612       2   6.79781965e-06   4.16424489e-11
   612       3   4.50376741e-16   0.00000000e+00
   613       1   7.38021505e-02   7.52562290e-02
   613       2   6.26373451e-06   3.82901067e-11
   613       3   4.17140582e-16   0.00000000e+00
   614       1   6.80296211e-02   6.96166317e-02
   614       2   5.80492408e-06   3.54327212e-11
   614       3   3.88764923e-16   0.00000000e+00
   615       1   6.29878541e-02   6.47093548e-02
   615       2   5.40632393e-06   3.29380355e-11
   615       3   3.64279424e-16   0.00000000e+00
   616       1   5.85393471e-02   6.03970281e-02
   616       2   5.05663493e-06   3.07600229e-11
   616       3   2.28637652e-16   0.00000000e+00
   617       1   5.45789117e-02   5.65745995e-02
   617       2   4.74721577e-06   2.88211114e-11
   617       3   2.16159884e-16   0.00000000e+00
   618       1   5.10246962e-02   5.31603584e-02
   618       2   4.47134464e-06   2.70845779e-11
   618       3   6.15393927e-16   0.00000000e+00
   619       1   4.78120427e-02   5.00897924e-02
   619       2   4.22371407e-06   2.55133347e-11
   619       3   3.90648774e-16   0.00000000e+00
   620       1   4.48891868e-02   4.73112884e-02
   620       2   4.00007731e-06   2.40992896e-11
   620       3   1.86557180e-16   0.00000000e+00
   621       1   4.22141862e-02   4.47830606e-02
   621       2   3.79699576e-06   2.28457962e-11
   621       3   1.78682499e-16   0.00000000e+00
   622       1   3.97526865e-02   4.24709176e-02
   622       2   3.61165523e-06   2.16339686e-11
   622       3   3.43160019e-16   0.00000000e+00
   623       1   3.74762699e-02   4.03466109e-02
   623       2   3.44173020e-06   2.05690621e-11
   623       3   1.65150399e-16   0.00000000e+00
   624       1   3.53612164e-02   3.83865972e-02
   624       2   3.28528192e-06   1.96093925e-11
   624       3   3.18622007e-16   0.00000000e+00
   625       1   3.33875620e-02   3.65710969e-02
   625       2   3.14068108e-06   1.86442278e-11
   625       3   1.53992481e-16   0.00000000e+00
   626       1   3.15383745e-02   3.48833705e-02
   626       2   3.00654821e-06   1.77784591e-11
   626       3   1.49136257e-16   0.00000000e+00
   627       1   2.97991895e-02   3.33091556e-02
   627       2   2.88170738e-06   1.69947493e-11
   627       3   1.44692534e-16   0.00000000e+00
   628       1   2.81575678e-02   3.18362242e-02
   628       2   2.76514983e-06   1.62538457e-11
   628       3   1.40618733e-16   0.00000000e+00
   629       1   2.66027432e-02   3.04540324e-02
   629       2   2.65600506e-06   1.55245408e-11
   629       3   1.36878253e-16   0.00000000e+00
   630       1   2.51253413e-02   2.91534391e-02
   630       2   2.55351775e-06   1.48882287e-11
   630       3   1.33439481e-16   0.00000000e+00
   631       1   2.37171522e-02   2.79264802e-02
   631       2   2.45702913e-06   1.42602500e-11
   631       3   1.30274996e-16   0.00000000e+00
   632       1   2.23709456e-02   2.67661842e-02
   632       2   2.36596184e-06   1.36708449e-11
   632       3   1.27360923e-16   0.00000000e+00
   633       1   2.10803191e-02   2.56664222e-02
   633       2   2.27980752e-06   1.31008906e-11
   633       3   1.24676398e-16   0.00000000e+00
   634       1   1.98395732e-02   2.46217836e-02
   634       2   2.19811659e-06   1.25972052e-11
   634       3   1.22203140e-16   0.00000000e+00
   635       1   1.86436077e-02   2.36274734e-02
   635       2   2.12048980e-06   1.20669813e-11
   635       3   1.19925087e-16   0.00000000e+00
   636       1   1.74878338e-02   2.26792270e-02
   636       2   2.04657115e-06   1.15838032e-11
   636       3   2.35656197e-16   0.00000000e+00
   637       1   1.63681021e-02   2.17732380e-02
   637       2   1.97604198e-06   1.11344491e-11
   637       3   1.15899705e-16   0.00000000e+00
   638       1   1.52806394e-02   2.09060983e-02
   638       2   1.90861594e-06   1.06995627e-11
   638       3   1.14128901e-16   0.00000000e+00
   639       1   1.42219967e-02   2.00747467e-02
   639       2   1.84403481e-06   1.02788226e-11
   639       3   1.12505968e-16   0.00000000e+00
   640       1   1.31890032e-02   1.92764256e-02
   640       2   1.78206480e-06   9.89459276e-12
   640       3   2.22044648e-16   0.00000000e+00
   641       1   1.21787271e-02   1.85086436e-02
   641       2   1.72249356e-06   9.46643405e-12
   641       3   0.00000000e+00   0.00000000e+00
   642       1   1.11884417e-02   1.77691445e-02
   642       2   1.66512742e-06   9.08914570e-12
   642       3   0.00000000e+00   0.00000000e+00
   643       1   1.02155949e-02   1.70558788e-02
   643       2   1.60978917e-06   8.74912397e-12
   643       3   0.00000000e+00   0.00000000e+00
   644       1   9.25778288e-03   1.63669813e-02
   644       2   1.55631601e-06   8.40637056e-12
   644       3   0.00000000e+00   0.00000000e+00
   645       1   8.31272639e-03   1.57007497e-02
   645       2   1.50455781e-06   8.04461615e-12
   645       3   2.10917073e-16   0.00000000e+00
   646       1   7.37824899e-03   1.50556271e-02
   646       2   1.45437557e-06   7.71890622e-12
   646       3   2.09361179e-16   0.00000000e+00
   647       1   6.45225764e-03   1.44301866e-02
   647       2   1.40564008e-06   7.39774371e-12
   647       3   2.08010619e-16   0.00000000e+00
   648       1   5.53272450e-03   1.38231176e-02
   648       2   1.35823069e-06   7.09593253e-12
   648       3   2.06860034e-16   0.00000000e+00
   649       1   4.61766987e-03   1.32332138e-02
   649       2   1.31203422e-06   6.79238272e-12
   649       3   0.00000000e+00   0.00000000e+00
   650       1   3.70514605e-03   1.26593626e-02
   650       2   1.26694404e-06   6.49022461e-12
   650       3   0.00000000e+00   0.00000000e+00
   651       1   2.79322163e-03   1.21005361e-02
   651       2   1.22285909e-06   6.24833320e-12
   651       3   0.00000000e+00   0.00000000e+00
   652       1   1.87996607e-03   1.15557829e-02
   652       2   1.17968313e-06   5.93832371e-12
   652       3   0.00000000e+00   0.00000000e+00
   653       1   9.63434381e-04   1.10242203e-02
   653       2   1.13732397e-06   5.66803697e-12
   653       3   2.03988856e-16   0.00000000e+00
   654       1   4.16514011e-05   1.05050285e-02
   654       2   1.09569271e-06   5.41150823e-12
   654       3   0.00000000e+00   0.00000000e+00
   655       1   8.87404320e-04   9.99744430e-03
   655       2   1.05470313e-06   5.13280843e-12
   655       3   0.00000000e+00   0.00000000e+00
   656       1   1.82581751e-03   9.50075639e-03
   656       2   1.01427097e-06   4.90887381e-12
   656       3   0.00000000e+00   0.00000000e+00
   657       1   2.77575423e-03   9.01430031e-03
   657       2   9.74313286e-07   4.65300173e-12
   657       3   0.00000000e+00   0.00000000e+00
   658       1   3.73948143e-03   8.53745459e-03
   658       2   9.34747849e-07   4.39548208e-12
   658       3   0.00000000e+00   0.00000000e+00
   659       1   4.71938829e-03   8.06963687e-03
   659       2   8.95492433e-07   4.18417140e-12
   659       3   0.00000000e+00   0.00000000e+00
   660       1   5.71800985e-03   7.61030065e-03
   660       2   8.56464162e-07   3.95349120e-12
   660       3   2.08024556e-16   0.00000000e+00
   661       1   6.73805347e-03   7.15893217e-03
   661       2   8.17578779e-07   3.68052359e-12
   661       3   4.18852815e-16   0.00000000e+00
   662       1   7.78242863e-03   6.71504772e-03
   662       2   7.78749884e-07   3.46169497e-12
   662       3   0.00000000e+00   0.00000000e+00
   663       1   8.85428097e-03   6.27819112e-03
   663       2   7.39888097e-07   3.25853780e-12
   663       3   0.00000000e+00   0.00000000e+00
   664       1   9.95703124e-03   5.84793149e-03
   664       2   7.00900133e-07   3.02865842e-12
   664       3   0.00000000e+00   0.00000000e+00
   665       1   1.10944204e-02   5.42386118e-03
   665       2   6.61687771e-07   2.83045881e-12
   665       3   0.00000000e+00   0.00000000e+00
   666       1   1.22705623e-02   5.00559389e-03
   666       2   6.22146687e-07   2.60394777e-12
   666       3   0.00000000e+00   0.00000000e+00
   667       1   1.34900049e-02   4.59276297e-03
   667       2   5.82165107e-07   2.40264441e-12
   667       3   0.00000000e+00   0.00000000e+00
   668       1   1.47578032e-02   4.18501985e-03
   668       2   5.41622253e-07   2.17783766e-12
   668       3   0.00000000e+00   0.00000000e+00
   669       1   1.60796056e-02   3.78203263e-03
   669       2   5.00386523e-07   1.98146921e-12
   669       3   0.00000000e+00   0.00000000e+00
   670       1   1.74617569e-02   3.38348472e-03
   670       2   4.58313338e-07   1.79969142e-12
   670       3   0.00000000e+00   0.00000000e+00
   671       1   1.89114222e-02   2.98907365e-03
   671       2   4.15242570e-07   1.57677991e-12
   671       3   0.00000000e+00   0.00000000e+00
   672       1   2.04367378e-02   2.59850996e-03
   672       2   3.70995457e-07   1.39524357e-12
   672       3   0.00000000e+00   0.00000000e+00
   673       1   2.20469940e-02   2.21151616e-03
   673       2   3.25370847e-07   1.16842089e-12
   673       3   0.00000000e+00   0.00000000e+00
   674       1   2.37528612e-02   1.82782577e-03
   674       2   2.78140616e-07   9.95062158e-13
   674       3   0.00000000e+00   0.00000000e+00
   675       1   2.55666688e-02   1.44718246e-03
   675       2   2.29043990e-07   7.85358924e-13
   675       3   0.00000000e+00   0.00000000e+00
   676       1   2.75027541e-02   1.06933918e-03
   676       2   1.77780492e-07   6.02898749e-13
   676       3   0.00000000e+00   0.00000000e+00
   677       1   2.95779023e-02   6.94057432e-04
   677       2   1.24001050e-07   4.08290052e-13
   677       3   0.00000000e+00   0.00000000e+00
   678       1   3.18119049e-02   3.21106551e-04
   678       2   6.72967167e-08   2.38260983e-13
   678       3   0.00000000e+00   0.00000000e+00
   679       1   3.42282795e-02   4.97369820e-05
   679       2   7.18417180e-09   2.22118743e-14
   679       3   0.00000000e+00   0.00000000e+00
   680       1   3.68552032e-02   4.18690154e-04
   680       2   5.69130938e-08   1.43283285e-13
   680       3   0.00000000e+00   0.00000000e+00
   681       1   3.97267420e-02   7.85964017e-04
   681       2   1.25689529e-07   3.36900943e-13
   681       3   0.00000000e+00   0.00000000e+00
   682       1   4.28844892e-02   1.15176424e-03
   682       2   1.99990498e-07   5.09764647e-13
   682       3   0.00000000e+00   0.00000000e+00
   683       1   4.63797819e-02   1.51629164e-03
   683       2   2.80856882e-07   7.06731145e-13
   683       3   0.00000000e+00   0.00000000e+00
   684       1   5.02767485e-02   1.87974269e-03
   684       2   3.69586391e-07   8.79090614e-13
   684       3   0.00000000e+00   0.00000000e+00
   685       1   5.46565748e-02   2.24230996e-03
   685       2   4.67819381e-07   1.07646561e-12
   685       3   0.00000000e+00   0.00000000e+00
   686       1   5.96235990e-02   2.60418262e-03
   686       2   5.77661436e-07   1.25244174e-12
   686       3   0.00000000e+00   0.00000000e+00
   687       1   6.53142188e-02   2.96554684e-03
   687       2   7.01862510e-07   1.43130428e-12
   687       3   0.00000000e+00   0.00000000e+00
   688       1   7.19102519e-02   3.32658620e-03
   688       2   8.44085625e-07   1.62573192e-12
   688       3   1.16188816e-16   0.00000000e+00
   689       1   7.96595840e-02   3.68748215e-03
   689       2   1.00932212e-06   1.79838875e-12
   689       3   1.25444242e-16   0.00000000e+00
   690       1   8.89092060e-02   4.04841432e-03
   690       2   1.20455601e-06   2.01217941e-12
   690       3   0.00000000e+00   0.00000000e+00
   691       1   1.00160275e-01   4.40956095e-03
   691       2   1.43987129e-06   2.17576400e-12
   691       3   3.00557250e-16   0.00000000e+00
   692       1   1.14164469e-01   4.77109927e-03
   692       2   1.73038960e-06   2.37724970e-12
   692       3   0.00000000e+00   0.00000000e+00
   693       1   1.32102938e-01   5.13320580e-03
   693       2   2.09986884e-06   2.52800638e-12
   693       3   1.89553048e-16   0.00000000e+00
   694       1   1.55944193e-01   5.49605678e-03
   694       2   2.58790024e-06   2.73368509e-12
   694       3   2.19112178e-16   0.00000000e+00
   695       1   1.89231475e-01   5.85982847e-03
   695       2   3.26574190e-06   2.92365529e-12
   695       3   2.60574248e-16   0.00000000e+00
   696       1   2.39051157e-01   6.22469754e-03
   696       2   4.27590242e-06   3.09964424e-12
   696       3   1.61431721e-16   0.00000000e+00
   697       1   3.21937940e-01   6.59084136e-03
   697       2   5.95089063e-06   3.28120767e-12
   697       3   4.26802894e-16   0.00000000e+00
   698       1   4.87495475e-01   6.95843844e-03
   698       2   9.28820808e-06   3.46706853e-12
   698       3   6.34861477e-16   0.00000000e+00
   699       1   9.83738255e-01   7.32766867e-03
   699       2   1.92751895e-05   3.68521064e-12
   699       3   1.41679656e-15   0.00000000e+00
   700       1   5.70738555e+04   7.69871376e-03
   700       2   5.34395482e-01   3.87828469e-12
   700       3   3.97420803e-11   0.00000000e+00
   701       1   1.00003705e+00   8.07175757e-03
   701       2   2.06028225e-05   4.05377921e-12
   701       3   1.39481868e-15   0.00000000e+00
   702       1   5.03774215e-01   8.44698645e-03
   702       2   1.06152022e-05   4.24396384e-12
   702       3   7.69058157e-16   0.00000000e+00
   703       1   3.38221591e-01   8.82458966e-03
   703       2   7.27847577e-06   4.43180966e-12
   703       3   4.07159830e-16   0.00000000e+00
   704       1   2.55346731e-01   9.20475971e-03
   704       2   5.60453355e-06   4.62519486e-12
   704       3   3.03194598e-16   0.00000000e+00
   705       1   2.05543787e-01   9.58769276e-03
   705       2   4.59577984e-06   4.82884425e-12
   705       3   3.61313909e-16   0.00000000e+00
   706       1   1.72277533e-01   9.97358906e-03
   706       2   3.91968400e-06   5.02381407e-12
   706       3   1.99379208e-16   0.00000000e+00
   707       1   1.48461437e-01   1.03626533e-02
   707       2   3.43373155e-06   5.22202795e-12
   707       3   1.69779667e-16   0.00000000e+00
   708       1   1.30552210e-01   1.07550952e-02
   708       2   3.06666363e-06   5.39918093e-12
   708       3   2.95230018e-16   0.00000000e+00
   709       1   1.16581342e-01   1.11511296e-02
   709       2   2.77889042e-06   5.64503480e-12
   709       3   1.30406216e-16   0.00000000e+00
   710       1   1.05367705e-01   1.15509775e-02
   710       2   2.54665666e-06   5.82014599e-12
   710       3   1.16665909e-16   0.00000000e+00
   711       1   9.61596567e-02   1.19548660e-02
   711       2   2.35484411e-06   6.04210441e-12
   711       3   2.10895207e-16   0.00000000e+00
   712       1   8.84560872e-02   1.23630292e-02
   712       2   2.19337288e-06   6.23383041e-12
   712       3   1.92240664e-16   0.00000000e+00
   713       1   8.19100600e-02   1.27757085e-02
   713       2   2.05526358e-06   6.45498055e-12
   713       3   1.76494583e-16   0.00000000e+00
   714       1   7.62737510e-02   1.31931535e-02
   714       2   1.93553009e-06   6.64567228e-12
   714       3   0.00000000e+00   0.00000000e+00
   715       1   7.13654117e-02   1.36156221e-02
   715       2   1.83051512e-06   6.89513240e-12
   715       3   1.51398355e-16   0.00000000e+00
   716       1   6.70487201e-02   1.40433818e-02
   716       2   1.73747501e-06   7.09145584e-12
   716       3   0.00000000e+00   0.00000000e+00
   717       1   6.32194210e-02   1.44767098e-02
   717       2   1.65431101e-06   7.32673335e-12
   717       3   1.32318166e-16   0.00000000e+00
   718       1   5.97964181e-02   1.49158940e-02
   718       2   1.57939019e-06   7.53903407e-12
   718       3   1.24406210e-16   0.00000000e+00
   719       1   5.67156804e-02   1.53612339e-02
   719       2   1.51142285e-06   7.77899244e-12
   719       3   1.17350604e-16   0.00000000e+00
   720       1   5.39259757e-02   1.58130411e-02
   720       2   1.44937676e-06   8.00070748e-12
   720       3   1.11022520e-16   0.00000000e+00
   721       1   5.13858236e-02   1.62716407e-02
   721       2   1.39241583e-06   8.23201107e-12
   721       3   0.00000000e+00   0.00000000e+00
   722       1   4.90612792e-02   1.67373717e-02
   722       2   1.33985560e-06   8.46973174e-12
   722       3   0.00000000e+00   0.00000000e+00
   723       1   4.69242953e-02   1.72105883e-02
   723       2   1.29113025e-06   8.71381934e-12
   723       3   1.90902828e-16   0.00000000e+00
   724       1   4.49514936e-02   1.76916611e-02
   724       2   1.24576791e-06   8.95847955e-12
   724       3   0.00000000e+00   0.00000000e+00
   725       1   4.31232313e-02   1.81809781e-02
   725       2   1.20337188e-06   9.20333102e-12
   725       3   3.48919196e-16   0.00000000e+00
   726       1   4.14228826e-02   1.86789461e-02
   726       2   1.16360618e-06   9.45301950e-12
   726       3   1.67233173e-16   0.00000000e+00
   727       1   3.98362801e-02   1.91859918e-02
   727       2   1.12618434e-06   9.71960834e-12
   727       3   1.60571406e-16   0.00000000e+00
   728       1   3.83512762e-02   1.97025640e-02
   728       2   1.09086051e-06   9.98244049e-12
   728       3   1.54413456e-16   0.00000000e+00
   729       1   3.69573945e-02   2.02291342e-02
   729       2   1.05742253e-06   1.02559824e-11
   729       3   1.48706895e-16   0.00000000e+00
   730       1   3.56455516e-02   2.07661994e-02
   730       2   1.02568627e-06   1.05221403e-11
   730       3   1.43406302e-16   0.00000000e+00
   731       1   3.44078324e-02   2.13142832e-02
   731       2   9.95491167e-07   1.08029177e-11
   731       3   1.38472140e-16   0.00000000e+00
   732       1   3.32373076e-02   2.18739382e-02
   732       2   9.66696484e-07   1.11031838e-11
   732       3   1.33869829e-16   0.00000000e+00
   733       1   3.21278845e-02   2.24457482e-02
   733       2   9.39178367e-07   1.13648722e-11
   733       3   1.29568996e-16   0.00000000e+00
   734       1   3.10741837e-02   2.30303308e-02
   734       2   9.12827339e-07   1.16897398e-11
   734       3   0.00000000e+00   0.00000000e+00
   735       1   3.00714377e-02   2.36283399e-02
   735       2   8.87546260e-07   1.19968611e-11
   735       3   0.00000000e+00   0.00000000e+00
   736       1   2.91154054e-02   2.42404685e-02
   736       2   8.63248613e-07   1.23089603e-11
   736       3   0.00000000e+00   0.00000000e+00
   737       1   2.82023014e-02   2.48674524e-02
   737       2   8.39857075e-07   1.26300184e-11
   737       3   0.00000000e+00   0.00000000e+00
   738       1   2.73287361e-02   2.55100731e-02
   738       2   8.17302310e-07   1.29651202e-11
   738       3   0.00000000e+00   0.00000000e+00
   739       1   2.64916644e-02   2.61691621e-02
   739       2   7.95521948e-07   1.33051424e-11
   739       3   0.00000000e+00   0.00000000e+00
   740       1   2.56883434e-02   2.68456050e-02
   740       2   7.74459717e-07   1.36440392e-11
   740       3   0.00000000e+00   0.00000000e+00
   741       1   2.49162951e-02   2.75403462e-02
   741       2   7.54064702e-07   1.39784907e-11
   741       3   0.00000000e+00   0.00000000e+00
   742       1   2.41732749e-02   2.82543940e-02
   742       2   7.34290706e-07   1.43973979e-11
   742       3   2.01709481e-16   0.00000000e+00
   743       1   2.34572445e-02   2.89888263e-02
   743       2   7.15095713e-07   1.47396681e-11
   743       3   0.00000000e+00   0.00000000e+00
   744       1   2.27663488e-02   2.97447971e-02
   744       2   6.96441404e-07   1.51630373e-11
   744       3   1.92493735e-16   0.00000000e+00
   745       1   2.20988948e-02   3.05235434e-02
   745       2   6.78292755e-07   1.55337992e-11
   745       3   0.00000000e+00   0.00000000e+00
   746       1   2.14533346e-02   3.13263930e-02
   746       2   6.60617676e-07   1.59135964e-11
   746       3   1.84201711e-16   0.00000000e+00
   747       1   2.08282500e-02   3.21547731e-02
   747       2   6.43386705e-07   1.63555031e-11
   747       3   0.00000000e+00   0.00000000e+00
   748       1   2.02223382e-02   3.30102203e-02
   748       2   6.26572729e-07   1.68095011e-11
   748       3   0.00000000e+00   0.00000000e+00
   749       1   1.96344011e-02   3.38943911e-02
   749       2   6.10150753e-07   1.72656565e-11
   749       3   0.00000000e+00   0.00000000e+00
   750       1   1.90633339e-02   3.48090743e-02
   750       2   5.94097682e-07   1.77409058e-11
   750       3   0.00000000e+00   0.00000000e+00
   751       1   1.85081164e-02   3.57562047e-02
   751       2   5.78392140e-07   1.82356556e-11
   751       3   1.66800420e-16   0.00000000e+00
   752       1   1.79678048e-02   3.67378781e-02
   752       2   5.63014305e-07   1.87229801e-11
   752       3   0.00000000e+00   0.00000000e+00
   753       1   1.74415244e-02   3.77563694e-02
   753       2   5.47945760e-07   1.92360387e-11
   753       3   1.60946580e-16   0.00000000e+00
   754       1   1.69284631e-02   3.88141514e-02
   754       2   5.33169366e-07   1.97930467e-11
   754       3   1.58222086e-16   0.00000000e+00
   755       1   1.64278657e-02   3.99139178e-02
   755       2   5.18669147e-07   2.03596968e-11
   755       3   0.00000000e+00   0.00000000e+00
   756       1   1.59390292e-02   4.10586083e-02
   756       2   5.04430182e-07   2.09457449e-11
   756       3   0.00000000e+00   0.00000000e+00
   757       1   1.54612975e-02   4.22514375e-02
   757       2   4.90438519e-07   2.15586256e-11
   757       3   0.00000000e+00   0.00000000e+00
   758       1   1.49940579e-02   4.34959283e-02
   758       2   4.76681084e-07   2.22040071e-11
   758       3   0.00000000e+00   0.00000000e+00
   759       1   1.45367369e-02   4.47959496e-02
   759       2   4.63145613e-07   2.28721969e-11
   759       3   0.00000000e+00   0.00000000e+00
   760       1   1.40887975e-02   4.61557604e-02
   760       2   4.49820581e-07   2.35822269e-11
   760       3   0.00000000e+00   0.00000000e+00
   761       1   1.36497355e-02   4.75800604e-02
   761       2   4.36695143e-07   2.42984692e-11
   761       3   0.00000000e+00   0.00000000e+00
   762       1   1.32190774e-02   4.90740485e-02
   762       2   4.23759077e-07   2.50861694e-11
   762       3   0.00000000e+00   0.00000000e+00
   763       1   1.27963776e-02   5.06434917e-02
   763       2   4.11002734e-07   2.58851727e-11
   763       3   1.38645468e-16   0.00000000e+00
   764       1   1.23812160e-02   5.22948044e-02
   764       2   3.98416995e-07   2.67458869e-11
   764       3   0.00000000e+00   0.00000000e+00
   765       1   1.19731966e-02   5.40351425e-02
   765       2   3.85993228e-07   2.76349267e-11
   765       3   1.35289498e-16   0.00000000e+00
   766       1   1.15719450e-02   5.58725142e-02
   766       2   3.73723252e-07   2.85993518e-11
   766       3   1.33723986e-16   0.00000000e+00
   767       1   1.11771070e-02   5.78159104e-02
   767       2   3.61599298e-07   2.95949221e-11
   767       3   0.00000000e+00   0.00000000e+00
   768       1   1.07883471e-02   5.98754612e-02
   768       2   3.49613985e-07   3.06718117e-11
   768       3   0.00000000e+00   0.00000000e+00
   769       1   1.04053472e-02   6.20626220e-02
   769       2   3.37760286e-07   3.18127651e-11
   769       3   0.00000000e+00   0.00000000e+00
   770       1   1.00278048e-02   6.43903978e-02
   770       2   3.26031502e-07   3.29778501e-11
   770       3   0.00000000e+00   0.00000000e+00
   771       1   9.65543238e-03   6.68736150e-02
   771       2   3.14421241e-07   3.42756989e-11
   771       3   0.00000000e+00   0.00000000e+00
   772       1   9.28795610e-03   6.95292518e-02
   772       2   3.02923392e-07   3.56479236e-11
   772       3   0.00000000e+00   0.00000000e+00
   773       1   8.92511473e-03   7.23768437e-02
   773       2   2.91532107e-07   3.71246729e-11
   773       3   0.00000000e+00   0.00000000e+00
   774       1   8.56665879e-03   7.54389837e-02
   774       2   2.80241780e-07   3.87278952e-11
   774       3   1.23538481e-16   0.00000000e+00
   775       1   8.21234970e-03   7.87419456e-02
   775       2   2.69047032e-07   4.04555788e-11
   775       3   0.00000000e+00   0.00000000e+00
   776       1   7.86195899e-03   8.23164650e-02
   776       2   2.57942692e-07   4.23251279e-11
   776       3   0.00000000e+00   0.00000000e+00
   777       1   7.51526753e-03   8.61987285e-02
   777       2   2.46923783e-07   4.43518033e-11
   777       3   0.00000000e+00   0.00000000e+00
   778       1   7.17206489e-03   9.04316386e-02
   778       2   2.35985508e-07   4.65542272e-11
   778       3   0.00000000e+00   0.00000000e+00
   779       1   6.83214867e-03   9.50664470e-02
   779       2   2.25123240e-07   4.89650985e-11
   779       3   0.00000000e+00   0.00000000e+00
   780       1   6.49532395e-03   1.00164889e-01
   780       2   2.14332502e-07   5.16426539e-11
   780       3   0.00000000e+00   0.00000000e+00
   781       1   6.16140269e-03   1.05802007e-01
   781       2   2.03608963e-07   5.46050098e-11
   781       3   0.00000000e+00   0.00000000e+00
   782       1   5.83020326e-03   1.12069940e-01
   782       2   1.92948425e-07   5.78863935e-11
   782       3   1.16777903e-16   0.00000000e+00
   783       1   5.50154992e-03   1.19083081e-01
   783       2   1.82346811e-07   6.15742706e-11
   783       3   0.00000000e+00   0.00000000e+00
   784       1   5.17527237e-03   1.26985228e-01
   784       2   1.71800158e-07   6.57464455e-11
   784       3   0.00000000e+00   0.00000000e+00
   785       1   4.85120535e-03   1.35959665e-01
   785       2   1.61304608e-07   7.04931987e-11
   785       3   0.00000000e+00   0.00000000e+00
   786       1   4.52918820e-03   1.46243711e-01
   786       2   1.50856396e-07   7.59361865e-11
   786       3   0.00000000e+00   0.00000000e+00
   787       1   4.20906449e-03   1.58150187e-01
   787       2   1.40451847e-07   8.22489550e-11
   787       3   0.00000000e+00   0.00000000e+00
   788       1   3.89068166e-03   1.72100000e-01
   788       2   1.30087365e-07   8.96477815e-11
   788       3   0.00000000e+00   0.00000000e+00
   789       1   3.57389067e-03   1.88673165e-01
   789       2   1.19759428e-07   9.85648869e-11
   789       3   1.13122406e-16   0.00000000e+00
   790       1   3.25854569e-03   2.08691688e-01
   790       2   1.09464579e-07   1.09314000e-10
   790       3   0.00000000e+00   0.00000000e+00
   791       1   2.94450374e-03   2.33360169e-01
   791       2   9.91994186e-08   1.22610318e-10
   791       3   1.12421811e-16   0.00000000e+00
   792       1   2.63162443e-03   2.64517067e-01
   792       2   8.89606036e-08   1.39574551e-10
   792       3   0.00000000e+00   0.00000000e+00
   793       1   2.31976965e-03   3.05113215e-01
   793       2   7.87448348e-08   1.61790189e-10
   793       3   0.00000000e+00   0.00000000e+00
   794       1   2.00880330e-03   3.60198913e-01
   794       2   6.85488553e-08   1.92249279e-10
   794       3   0.00000000e+00   0.00000000e+00
   795       1   1.69859098e-03   4.39182099e-01
   795       2   5.83694416e-08   2.36504566e-10
   795       3   0.00000000e+00   0.00000000e+00
   796       1   1.38899978e-03   5.61771331e-01
   796       2   4.82034003e-08   3.06367857e-10
   796       3   0.00000000e+00   0.00000000e+00
   797       1   1.07989798e-03   7.77127179e-01
   797       2   3.80475620e-08   4.32201670e-10
   797       3   0.00000000e+00   0.00000000e+00
   798       1   7.71154829e-04   1.24939418e+00
   798       2   2.78987749e-08   7.18938333e-10
   798       3   0.00000000e+00   0.00000000e+00
   799       1   4.62640251e-04   2.99923698e+00
   799       2   1.77539004e-08   1.86077347e-09
   799       3   0.00000000e+00   0.00000000e+00
   800       1   1.54224635e-04   1.89166005e+06
   800       2   7.60980745e-09   1.59634420e-03
   800       3   0.00000000e+00   0.00000000e+00