  TimeWindow  Iteration  ResRel(Mass-Left-Mesh:Displacement-Left)  ResRel(Mass-Left-Mesh:Displacement-Right)
     1       1   1.00000000e+00   1.00000000e+00
     1       2   2.53700825e-09   1.70542926e-10
     1       3   0.00000000e+00   0.00000000e+00
     2       1   4.62838350e-04   7.49961443e-01
     2       2   1.26889287e-08   2.96410443e-10
     2       3   0.00000000e+00   0.00000000e+00
     3       1   7.71733933e-04   5.55441299e-01
     3       2   2.28494675e-08   2.44464242e-10
     3       3   0.00000000e+00   0.00000000e+00
     4       1   1.08104939e-03   4.37297524e-01
     4       2   3.30217781e-08   2.00967320e-10
     4       3   0.00000000e+00   0.00000000e+00
     5       1   1.39091576e-03   3.59703758e-01
     5       2   4.32090324e-08   1.69110632e-10
     5       3   0.00000000e+00   0.00000000e+00
     6       1   1.70146509e-03   3.05162606e-01
     6       2   5.34144263e-08   1.45580163e-10
     6       3   0.00000000e+00   0.00000000e+00
     7       1   2.01283071e-03   2.64814704e-01
     7       2   6.36411857e-08   1.27548605e-10
     7       3   0.00000000e+00   0.00000000e+00
     8       1   2.32514752e-03   2.33783960e-01
     8       2   7.38925719e-08   1.13493701e-10
     8       3   0.00000000e+00   0.00000000e+00
     9       1   2.63855220e-03   2.09185074e-01
     9       2   8.41718873e-08   1.02086979e-10
     9       3   0.00000000e+00   0.00000000e+00
    10       1   2.95318352e-03   1.89207499e-01
    10       2   9.44824813e-08   9.27453375e-11
    10       3   0.00000000e+00   0.00000000e+00
    11       1   3.26918262e-03   1.72659715e-01
    11       2   1.04827756e-07   8.48214089e-11
    11       3   0.00000000e+00   0.00000000e+00
    12       1   3.58669331e-03   1.58726329e-01
    12       2   1.15211174e-07   7.82307507e-11
    12       3   0.00000000e+00   0.00000000e+00
    13       1   3.90586235e-03   1.46830882e-01
    13       2   1.25636264e-07   7.25364922e-11
    13       3   0.00000000e+00   0.00000000e+00
    14       1   4.22683980e-03   1.36554480e-01
    14       2   1.36106626e-07   6.76439185e-11
    14       3   0.00000000e+00   0.00000000e+00
    15       1   4.54977932e-03   1.27585490e-01
    15       2   1.46625942e-07   6.33576533e-11
    15       3   0.00000000e+00   0.00000000e+00
    16       1   4.87483856e-03   1.19687327e-01
    16       2   1.57197981e-07   5.94655993e-11
    16       3   0.00000000e+00   0.00000000e+00
    17       1   5.20217949e-03   1.12677167e-01
    17       2   1.67826608e-07   5.61041450e-11
    17       3   0.00000000e+00   0.00000000e+00
    18       1   5.53196880e-03   1.06411515e-01
    18       2   1.78515791e-07   5.30371836e-11
    18       3   0.00000000e+00   0.00000000e+00
    19       1   5.86437832e-03   1.00776179e-01
    19       2   1.89269612e-07   5.02981327e-11
    19       3   0.00000000e+00   0.00000000e+00
    20       1   6.19958544e-03   9.56791579e-02
    20       2   2.00092275e-07   4.78480447e-11
    20       3   0.00000000e+00   0.00000000e+00
    21       1   6.53777357e-03   9.10455054e-02
    21       2   2.10988116e-07   4.54990084e-11
    21       3   0.00000000e+00   0.00000000e+00
    22       1   6.87913267e-03   8.68135543e-02
    22       2   2.21961613e-07   4.33880860e-11
    22       3   0.00000000e+00   0.00000000e+00
    23       1   7.22385969e-03   8.29321023e-02
    23       2   2.33017398e-07   4.15038510e-11
    23       3   0.00000000e+00   0.00000000e+00
    24       1   7.57215923e-03   7.93582828e-02
    24       2   2.44160270e-07   3.97349704e-11
    24       3   0.00000000e+00   0.00000000e+00
    25       1   7.92424405e-03   7.60559359e-02
    25       2   2.55395205e-07   3.81564747e-11
    25       3   0.00000000e+00   0.00000000e+00
    26       1   8.28033578e-03   7.29943460e-02
    26       2   2.66727373e-07   3.66677783e-11
    26       3   0.00000000e+00   0.00000000e+00
    27       1   8.64066558e-03   7.01472549e-02
    27       2   2.78162150e-07   3.52621023e-11
    27       3   0.00000000e+00   0.00000000e+00
    28       1   9.00547487e-03   6.74920811e-02
    28       2   2.89705137e-07   3.38811778e-11
    28       3   0.00000000e+00   0.00000000e+00
    29       1   9.37501619e-03   6.50092984e-02
    29       2   3.01362175e-07   3.27401783e-11
    29       3   0.00000000e+00   0.00000000e+00
    30       1   9.74955399e-03   6.26819358e-02
    30       2   3.13139361e-07   3.15586125e-11
    30       3   1.28143868e-16   0.00000000e+00
    31       1   1.01293656e-02   6.04951725e-02
    31       2   3.25043075e-07   3.04678196e-11
    31       3   0.00000000e+00   0.00000000e+00
    32       1   1.05147424e-02   5.84360081e-02
    32       2   3.37079995e-07   2.94183161e-11
    32       3   0.00000000e+00   0.00000000e+00
    33       1   1.09059905e-02   5.64929909e-02
    33       2   3.49257124e-07   2.84542070e-11
    33       3   1.32229334e-16   0.00000000e+00
    34       1   1.13034326e-02   5.46559938e-02
    34       2   3.61581816e-07   2.75238757e-11
    34       3   0.00000000e+00   0.00000000e+00
    35       1   1.17074085e-02   5.29160283e-02
    35       2   3.74061801e-07   2.66782009e-11
    35       3   0.00000000e+00   0.00000000e+00
    36       1   1.21182773e-02   5.12650884e-02
    36       2   3.86705217e-07   2.58326371e-11
    36       3   0.00000000e+00   0.00000000e+00
    37       1   1.25364184e-02   4.96960198e-02
    37       2   3.99520645e-07   2.50834722e-11
    37       3   0.00000000e+00   0.00000000e+00
    38       1   1.29622336e-02   4.82024095e-02
    38       2   4.12517142e-07   2.42282286e-11
    38       3   0.00000000e+00   0.00000000e+00
    39       1   1.33961487e-02   4.67784920e-02
    39       2   4.25704282e-07   2.36447426e-11
    39       3   1.42323830e-16   0.00000000e+00
    40       1   1.38386157e-02   4.54190693e-02
    40       2   4.39092201e-07   2.29146409e-11
    40       3   0.00000000e+00   0.00000000e+00
    41       1   1.42901149e-02   4.41194426e-02
    41       2   4.52691644e-07   2.22749626e-11
    41       3   1.46355233e-16   0.00000000e+00
    42       1   1.47511576e-02   4.28753539e-02
    42       2   4.66514017e-07   2.16395090e-11
    42       3   1.48514073e-16   0.00000000e+00
    43       1   1.52222889e-02   4.16829349e-02
    43       2   4.80571446e-07   2.10719176e-11
    43       3   0.00000000e+00   0.00000000e+00
    44       1   1.57040905e-02   4.05386634e-02
    44       2   4.94876844e-07   2.05672063e-11
    44       3   0.00000000e+00   0.00000000e+00
    45       1   1.61971841e-02   3.94393254e-02
    45       2   5.09443976e-07   1.98891568e-11
    45       3   0.00000000e+00   0.00000000e+00
    46       1   1.67022355e-02   3.83819819e-02
    46       2   5.24287547e-07   1.93867551e-11
    46       3   0.00000000e+00   0.00000000e+00
    47       1   1.72199584e-02   3.73639396e-02
    47       2   5.39423281e-07   1.88697304e-11
    47       3   0.00000000e+00   0.00000000e+00
    48       1   1.77511190e-02   3.63827261e-02
    48       2   5.54868027e-07   1.84364141e-11
    48       3   1.63803370e-16   0.00000000e+00
    49       1   1.82965418e-02   3.54360673e-02
    49       2   5.70639866e-07   1.78797774e-11
    49       3   0.00000000e+00   0.00000000e+00
    50       1   1.88571146e-02   3.45218676e-02
    50       2   5.86758230e-07   1.75314759e-11
    50       3   0.00000000e+00   0.00000000e+00
    51       1   1.94337955e-02   3.36381926e-02
    51       2   6.03244045e-07   1.70533589e-11
    51       3   1.73248166e-16   0.00000000e+00
    52       1   2.00276203e-02   3.27832542e-02
    52       2   6.20119883e-07   1.65661978e-11
    52       3   0.00000000e+00   0.00000000e+00
    53       1   2.06397105e-02   3.19553961e-02
    53       2   6.37410138e-07   1.61905082e-11
    53       3   0.00000000e+00   0.00000000e+00
    54       1   2.12712828e-02   3.11530823e-02
    54       2   6.55141220e-07   1.57528420e-11
    54       3   0.00000000e+00   0.00000000e+00
    55       1   2.19236598e-02   3.03748860e-02
    55       2   6.73341782e-07   1.53439252e-11
    55       3   0.00000000e+00   0.00000000e+00
    56       1   2.25982815e-02   2.96194797e-02
    56       2   6.92042970e-07   1.50180426e-11
    56       3   0.00000000e+00   0.00000000e+00
    57       1   2.32967200e-02   2.88856269e-02
    57       2   7.11278716e-07   1.46315607e-11
    57       3   1.96977909e-16   0.00000000e+00
    58       1   2.40206940e-02   2.81721741e-02
    58       2   7.31086061e-07   1.42306957e-11
    58       3   2.01709308e-16   0.00000000e+00
    59       1   2.47720878e-02   2.74780439e-02
    59       2   7.51505542e-07   1.39621967e-11
    59       3   0.00000000e+00   0.00000000e+00
    60       1   2.55529711e-02   2.68022283e-02
    60       2   7.72581616e-07   1.36460160e-11
    60       3   0.00000000e+00   0.00000000e+00
    61       1   2.63656235e-02   2.61437834e-02
    61       2   7.94363169e-07   1.32269972e-11
    61       3   0.00000000e+00   0.00000000e+00
    62       1   2.72125616e-02   2.55018241e-02
    62       2   8.16904096e-07   1.29803349e-11
    62       3   0.00000000e+00   0.00000000e+00
    63       1   2.80965712e-02   2.48755196e-02
    63       2   8.40263967e-07   1.25854114e-11
    63       3   0.00000000e+00   0.00000000e+00
    64       1   2.90207448e-02   2.42640885e-02
    64       2   8.64508822e-07   1.22868614e-11
    64       3   0.00000000e+00   0.00000000e+00
    65       1   2.99885253e-02   2.36667960e-02
    65       2   8.89712086e-07   1.20387083e-11
    65       3   1.21767583e-16   0.00000000e+00
    66       1   3.10037573e-02   2.30829492e-02
    66       2   9.15955656e-07   1.17229409e-11
    66       3   1.25542721e-16   0.00000000e+00
    67       1   3.20707484e-02   2.25118951e-02
    67       2   9.43331175e-07   1.14002521e-11
    67       3   0.00000000e+00   0.00000000e+00
    68       1   3.31943410e-02   2.19530165e-02
    68       2   9.71941555e-07   1.11274580e-11
    68       3   0.00000000e+00   0.00000000e+00
    69       1   3.43799989e-02   2.14057303e-02
    69       2   1.00190279e-06   1.08621098e-11
    69       3   1.38471970e-16   0.00000000e+00
    70       1   3.56339109e-02   2.08694844e-02
    70       2   1.03334612e-06   1.06037059e-11
    70       3   1.43406120e-16   0.00000000e+00
    71       1   3.69631152e-02   2.03437558e-02
    71       2   1.06642069e-06   1.03654420e-11
    71       3   0.00000000e+00   0.00000000e+00
    72       1   3.83756517e-02   1.98280485e-02
    72       2   1.10129667e-06   1.00905309e-11
    72       3   1.54413245e-16   0.00000000e+00
    73       1   3.98807470e-02   1.93218913e-02
    73       2   1.13816924e-06   9.88130275e-12
    73       3   0.00000000e+00   0.00000000e+00
    74       1   4.14890425e-02   1.88248364e-02
    74       2   1.17726329e-06   9.56429673e-12
    74       3   1.67232925e-16   0.00000000e+00
    75       1   4.32128778e-02   1.83364577e-02
    75       2   1.21883944e-06   9.32576189e-12
    75       3   0.00000000e+00   0.00000000e+00
    76       1   4.50666437e-02   1.78563493e-02
    76       2   1.26320140e-06   9.13417022e-12
    76       3   1.82321394e-16   0.00000000e+00
    77       1   4.70672288e-02   1.73841239e-02
    77       2   1.31070540e-06   8.84387174e-12
    77       3   0.00000000e+00   0.00000000e+00
    78       1   4.92345861e-02   1.69194118e-02
    78       2   1.36177206e-06   8.58424472e-12
    78       3   2.00301240e-16   0.00000000e+00
    79       1   5.15924635e-02   1.64618596e-02
    79       2   1.41690172e-06   8.34463877e-12
    79       3   2.10634976e-16   0.00000000e+00
    80       1   5.41693516e-02   1.60111293e-02
    80       2   1.47669439e-06   8.18322729e-12
    80       3   1.11022304e-16   0.00000000e+00
    81       1   5.69997322e-02   1.55668968e-02
    81       2   1.54187590e-06   7.95456508e-12
    81       3   0.00000000e+00   0.00000000e+00
    82       1   6.01257417e-02   1.51288514e-02
    82       2   1.61333292e-06   7.70944714e-12
    82       3   1.24405942e-16   0.00000000e+00
    83       1   6.35994230e-02   1.46966948e-02
    83       2   1.69216015e-06   7.52310026e-12
    83       3   1.32317864e-16   0.00000000e+00
    84       1   6.74858203e-02   1.42701400e-02
    84       2   1.77972539e-06   7.23901446e-12
    84       3   0.00000000e+00   0.00000000e+00
    85       1   7.18673133e-02   1.38489110e-02
    85       2   1.87776048e-06   7.07255306e-12
    85       3   0.00000000e+00   0.00000000e+00
    86       1   7.68498074e-02   1.34327415e-02
    86       2   1.98849136e-06   6.81779836e-12
    86       3   1.63032544e-16   0.00000000e+00
    87       1   8.25717827e-02   1.30213748e-02
    87       2   2.11482802e-06   6.69184830e-12
    87       3   1.76494059e-16   0.00000000e+00
    88       1   8.92178652e-02   1.26145626e-02
    88       2   2.26064950e-06   6.38472702e-12
    88       3   1.92240047e-16   0.00000000e+00
    89       1   9.70398027e-02   1.22120650e-02
    89       2   2.43124434e-06   6.15192482e-12
    89       3   2.10894471e-16   0.00000000e+00
    90       1   1.06390025e-01   1.18136491e-02
    90       2   2.63401528e-06   6.08945984e-12
    90       3   1.16665462e-16   0.00000000e+00
    91       1   1.17777578e-01   1.14190894e-02
    91       2   2.87965373e-06   5.82811707e-12
    91       3   2.60811324e-16   0.00000000e+00
    92       1   1.31966006e-01   1.10281665e-02
    92       2   3.18419517e-06   5.70631010e-12
    92       3   2.95228613e-16   0.00000000e+00
    93       1   1.50155142e-01   1.06406671e-02
    93       2   3.57283621e-06   5.31176431e-12
    93       3   1.69778747e-16   0.00000000e+00
    94       1   1.74344672e-01   1.02563831e-02
    94       2   4.08756884e-06   5.28445939e-12
    94       3   1.99377952e-16   0.00000000e+00
    95       1   2.08134003e-01   9.87511178e-03
    95       2   4.80397560e-06   5.07838433e-12
    95       3   2.40874126e-16   0.00000000e+00
    96       1   2.58721906e-01   9.49665466e-03
    96       2   5.87321766e-06   4.80980090e-12
    96       3   3.03191759e-16   0.00000000e+00
    97       1   3.42905517e-01   9.12081756e-03
    97       2   7.64799897e-06   4.67914068e-12
    97       3   8.14309542e-16   0.00000000e+00
    98       1   5.11076487e-01   8.74741003e-03
    98       2   1.11864231e-05   4.48961010e-12
    98       3   7.69043899e-16   0.00000000e+00
    99       1   1.01519724e+00   8.37624499e-03
    99       2   2.17789925e-05   4.28913741e-12
    99       3   1.70471553e-15   0.00000000e+00
   100       1   4.61263224e+04   8.00713835e-03
   100       2   3.08126135e+01   4.07407605e-12
   100       3   1.87608256e-09   0.00000000e+00
   100       4   0.00000000e+00   0.00000000e+00
   101       1   9.99999308e-01   7.63990866e-03
   101       2   2.05213059e-05   3.88106418e-12
   101       3   1.41684815e-15   0.00000000e+00
   102       1   4.95905765e-01   7.27437672e-03
   102       2   9.92827990e-06   3.74239298e-12
   102       3   7.93591195e-16   0.00000000e+00
   103       1   3.27731209e-01   6.91036528e-03
   103       2   6.38906196e-06   3.53143473e-12
   103       3   4.26808001e-16   0.00000000e+00
   104       1   2.43536140e-01   6.54769864e-03
   104       2   4.61316366e-06   3.36776584e-12
   104       3   3.22866318e-16   0.00000000e+00
   105       1   1.92931713e-01   6.18620235e-03
   105       2   3.54248193e-06   3.12020401e-12
   105       3   2.60576089e-16   0.00000000e+00
   106       1   1.59121471e-01   5.82570284e-03
   106       2   2.82431150e-06   3.04292318e-12
   106       3   2.19113457e-16   0.00000000e+00
   107       1   1.34906852e-01   5.46602711e-03
   107       2   2.30748915e-06   2.85609725e-12
   107       3   1.89553988e-16   0.00000000e+00
   108       1   1.16688520e-01   5.10700238e-03
   108       2   1.91642980e-06   2.65831298e-12
   108       3   1.67435535e-16   0.00000000e+00
   109       1   1.02466796e-01   4.74845574e-03
   109       2   1.60913847e-06   2.43025172e-12
   109       3   1.50279194e-16   0.00000000e+00
   110       1   9.10418344e-02   4.39021383e-03
   110       2   1.36041508e-06   2.27929747e-12
   110       3   0.00000000e+00   0.00000000e+00
   111       1   8.16500545e-02   4.03210245e-03
   111       2   1.15422027e-06   2.11139543e-12
   111       3   0.00000000e+00   0.00000000e+00
   112       1   7.37823668e-02   3.67394626e-03
   112       2   9.79858244e-07   1.96164526e-12
   112       3   1.16189135e-16   0.00000000e+00
   113       1   6.70862881e-02   3.31556838e-03
   113       2   8.29921446e-07   1.74110354e-12
   113       3   2.16789054e-16   0.00000000e+00
   114       1   6.13100095e-02   2.95679001e-03
   114       2   6.99116017e-07   1.56438609e-12
   114       3   0.00000000e+00   0.00000000e+00
   115       1   5.62688364e-02   2.59743010e-03
   115       2   5.83557093e-07   1.38033021e-12
   115       3   1.92047382e-16   0.00000000e+00
   116       1   5.18242136e-02   2.23730489e-03
   116       2   4.80328341e-07   1.13454915e-12
   116       3   0.00000000e+00   0.00000000e+00
   117       1   4.78701529e-02   1.87622752e-03
   117       2   3.87196951e-07   1.03931903e-12
   117       3   1.73377928e-16   0.00000000e+00
   118       1   4.43241851e-02   1.51400763e-03
   118       2   3.02423618e-07   8.66137263e-13
   118       3   0.00000000e+00   0.00000000e+00
   119       1   4.11211687e-02   1.15045086e-03
   119       2   2.24632514e-07   6.19216126e-13
   119       3   0.00000000e+00   0.00000000e+00
   120       1   3.82089562e-02   7.85358442e-04
   120       2   1.52720268e-07   4.57554165e-13
   120       3   0.00000000e+00   0.00000000e+00
   121       1   3.55452983e-02   4.18526633e-04
   121       2   8.57909286e-08   2.72167566e-13
   121       3   0.00000000e+00   0.00000000e+00
   122       1   3.30955922e-02   4.97462490e-05
   122       2   2.31086630e-08   8.84103965e-14
   122       3   0.00000000e+00   0.00000000e+00
   123       1   3.08312174e-02   3.21197912e-04
   123       2   3.59372261e-08   7.21360471e-14
   123       3   0.00000000e+00   0.00000000e+00
   124       1   2.87282869e-02   6.94527654e-04
   124       2   9.18585445e-08   3.18774028e-13
   124       3   0.00000000e+00   0.00000000e+00
   125       1   2.67666987e-02   1.07047201e-03
   125       2   1.45088168e-07   5.34171207e-13
   125       3   0.00000000e+00   0.00000000e+00
   126       1   2.49294052e-02   1.44926789e-03
   126       2   1.95995411e-07   6.86773742e-13
   126       3   0.00000000e+00   0.00000000e+00
   127       1   2.32018454e-02   1.83116083e-03
   127       2   2.44897997e-07   8.21867568e-13
   127       3   1.24340405e-16   0.00000000e+00
   128       1   2.15714982e-02   2.21640571e-03
   128       2   2.92071476e-07   1.03847614e-12
   128       3   1.21658161e-16   0.00000000e+00
   129       1   2.00275281e-02   2.60526763e-03
   129       2   3.37756713e-07   1.26235625e-12
   129       3   0.00000000e+00   0.00000000e+00
   130       1   1.85605015e-02   2.99802273e-03
   130       2   3.82165895e-07   1.43522265e-12
   130       3   0.00000000e+00   0.00000000e+00
   131       1   1.71621574e-02   3.39495918e-03
   131       2   4.25487399e-07   1.62265484e-12
   131       3   0.00000000e+00   0.00000000e+00
   132       1   1.58252217e-02   3.79637823e-03
   132       2   4.67889761e-07   1.88330820e-12
   132       3   0.00000000e+00   0.00000000e+00
   133       1   1.45432536e-02   4.20259525e-03
   133       2   5.09524950e-07   2.11515443e-12
   133       3   0.00000000e+00   0.00000000e+00
   134       1   1.33105205e-02   4.61394103e-03
   134       2   5.50531086e-07   2.25083443e-12
   134       3   0.00000000e+00   0.00000000e+00
   135       1   1.21218923e-02   5.03076304e-03
   135       2   5.91034718e-07   2.48273241e-12
   135       3   2.17431649e-16   0.00000000e+00
   136       1   1.09727545e-02   5.45342686e-03
   136       2   6.31152747e-07   2.77236824e-12
   136       3   0.00000000e+00   0.00000000e+00
   137       1   9.85893398e-03   5.88231778e-03
   137       2   6.70994074e-07   2.91772567e-12
   137       3   0.00000000e+00   0.00000000e+00
   138       1   8.77663674e-03   6.31784247e-03
   138       2   7.10661007e-07   3.13665241e-12
   138       3   0.00000000e+00   0.00000000e+00
   139       1   7.72239443e-03   6.76043088e-03
   139       2   7.50250500e-07   3.32254750e-12
   139       3   2.09426488e-16   0.00000000e+00
   140       1   6.69301860e-03   7.21053828e-03
   140       2   7.89855234e-07   3.62496955e-12
   140       3   0.00000000e+00   0.00000000e+00
   141       1   5.68556113e-03   7.66864751e-03
   141       2   8.29564589e-07   3.81914169e-12
   141       3   0.00000000e+00   0.00000000e+00
   142       1   4.69727976e-03   8.13527149e-03
   142       2   8.69465509e-07   4.05924438e-12
   142       3   0.00000000e+00   0.00000000e+00
   143       1   3.72560776e-03   8.61095592e-03
   143       2   9.09643315e-07   4.24001393e-12
   143       3   2.05102770e-16   0.00000000e+00
   144       1   2.76812721e-03   9.09628237e-03
   144       2   9.50182445e-07   4.62907953e-12
   144       3   0.00000000e+00   0.00000000e+00
   145       1   1.82254497e-03   9.59187159e-03
   145       2   9.91167159e-07   4.76479956e-12
   145       3   0.00000000e+00   0.00000000e+00
   146       1   8.86671082e-04   1.00983872e-02
   146       2   1.03268223e-06   5.12081827e-12
   146       3   0.00000000e+00   0.00000000e+00
   147       1   4.16010233e-05   1.06165401e-02
   147       2   1.07481359e-06   5.30171987e-12
   147       3   2.03988880e-16   0.00000000e+00
   148       1   9.64312800e-04   1.11470925e-02
   148       2   1.11764903e-06   5.65488037e-12
   148       3   0.00000000e+00   0.00000000e+00
   149       1   1.88345775e-03   1.16908638e-02
   149       2   1.16127885e-06   5.86101036e-12
   149       3   0.00000000e+00   0.00000000e+00
   150       1   2.80099776e-03   1.22487359e-02
   150       2   1.20579653e-06   6.11583172e-12
   150       3   2.05142450e-16   0.00000000e+00
   151       1   3.71887885e-03   1.28216597e-02
   151       2   1.25129953e-06   6.41680390e-12
   151       3   2.05905092e-16   0.00000000e+00
   152       1   4.63904677e-03   1.34106626e-02
   152       2   1.29788997e-06   6.73520208e-12
   152       3   0.00000000e+00   0.00000000e+00
   153       1   5.56346245e-03   1.40168564e-02
   153       2   1.34567555e-06   7.08484322e-12
   153       3   0.00000000e+00   0.00000000e+00
   154       1   6.49411776e-03   1.46414471e-02
   154       2   1.39477036e-06   7.39675801e-12
   154       3   2.09361159e-16   0.00000000e+00
   155       1   7.43305189e-03   1.52857447e-02
   155       2   1.44529592e-06   7.68984735e-12
   155       3   4.21834092e-16   0.00000000e+00
   156       1   8.38236836e-03   1.59511757e-02
   156       2   1.49738225e-06   7.98485376e-12
   156       3   2.12684712e-16   0.00000000e+00
   157       1   9.34425327e-03   1.66392963e-02
   157       2   1.55116911e-06   8.37705242e-12
   157       3   0.00000000e+00   0.00000000e+00
   158       1   1.03209950e-02   1.73518085e-02
   158       2   1.60680731e-06   8.77514084e-12
   158       3   0.00000000e+00   0.00000000e+00
   159       1   1.13150058e-02   1.80905771e-02
   159       2   1.66446030e-06   9.11107673e-12
   159       3   2.19340750e-16   0.00000000e+00
   160       1   1.23288455e-02   1.88576510e-02
   160       2   1.72430590e-06   9.45368858e-12
   160       3   0.00000000e+00   0.00000000e+00
   161       1   1.33652483e-02   1.96552862e-02
   161       2   1.78653833e-06   9.88190360e-12
   161       3   2.25011864e-16   0.00000000e+00
   162       1   1.44271525e-02   2.04859735e-02
   162       2   1.85137047e-06   1.03563018e-11
   162       3   2.28257722e-16   0.00000000e+00
   163       1   1.55177354e-02   2.13524702e-02
   163       2   1.91903658e-06   1.07747825e-11
   163       3   1.15899660e-16   0.00000000e+00
   164       1   1.66404521e-02   2.22578371e-02
   164       2   1.98979536e-06   1.11878655e-11
   164       3   1.17828048e-16   0.00000000e+00
   165       1   1.77990812e-02   2.32054821e-02
   165       2   2.06393356e-06   1.17249960e-11
   165       3   2.39850063e-16   0.00000000e+00
   166       1   1.89977774e-02   2.41992111e-02
   166       2   2.14177026e-06   1.22608497e-11
   166       3   1.22203079e-16   0.00000000e+00
   167       1   2.02411342e-02   2.52432885e-02
   167       2   2.22366181e-06   1.27568552e-11
   167       3   1.24676331e-16   0.00000000e+00
   168       1   2.15342567e-02   2.63425087e-02
   168       2   2.31000783e-06   1.33214341e-11
   168       3   1.27360849e-16   0.00000000e+00
   169       1   2.28828485e-02   2.75022822e-02
   169       2   2.40125819e-06   1.38887608e-11
   169       3   1.30274915e-16   0.00000000e+00
   170       1   2.42933161e-02   2.87287377e-02
   170       2   2.49792158e-06   1.44657011e-11
   170       3   2.66878782e-16   0.00000000e+00
   171       1   2.57728937e-02   3.00288462e-02
   171       2   2.60057564e-06   1.51973478e-11
   171       3   1.36878154e-16   0.00000000e+00
   172       1   2.73297947e-02   3.14105716e-02
   172       2   2.70987941e-06   1.59043511e-11
   172       3   1.40618625e-16   0.00000000e+00
   173       1   2.89733971e-02   3.28830547e-02
   173       2   2.82658844e-06   1.65818787e-11
   173       3   1.44692416e-16   0.00000000e+00
   174       1   3.07144701e-02   3.44568391e-02
   174       2   2.95157346e-06   1.73609249e-11
   174       3   1.49136126e-16   0.00000000e+00
   175       1   3.25654562e-02   3.61441526e-02
   175       2   3.08584347e-06   1.82828887e-11
   175       3   4.61977011e-16   0.00000000e+00
   176       1   3.45408227e-02   3.79592572e-02
   176       2   3.23057459e-06   1.91976461e-11
   176       3   3.18621689e-16   0.00000000e+00
   177       1   3.66575047e-02   3.99188922e-02
   177       2   3.38714646e-06   2.01795112e-11
   177       3   3.30300446e-16   0.00000000e+00
   178       1   3.89354689e-02   4.20428368e-02
   178       2   3.55718859e-06   2.12212179e-11
   178       3   3.43159628e-16   0.00000000e+00
   179       1   4.13984381e-02   4.43546342e-02
   179       2   3.74263986e-06   2.24340205e-11
   179       3   1.78682282e-16   0.00000000e+00
   180       1   4.40748329e-02   4.68825325e-02
   180       2   3.94582595e-06   2.37082198e-11
   180       3   3.73113874e-16   0.00000000e+00
   181       1   4.69990104e-02   4.96607228e-02
   181       2   4.16956118e-06   2.51849328e-11
   181       3   5.85972342e-16   0.00000000e+00
   182       1   5.02129159e-02   5.27309902e-02
   182       2   4.41728426e-06   2.66536424e-11
   182       3   4.10262003e-16   0.00000000e+00
   183       1   5.37683168e-02   5.61449477e-02
   183       2   4.69324204e-06   2.84022744e-11
   183       3   2.16159535e-16   0.00000000e+00
   184       1   5.77298747e-02   5.99671069e-02
   184       2   5.00274208e-06   3.03302401e-11
   184       3   3.42955882e-16   0.00000000e+00
   185       1   6.21794452e-02   6.42791780e-02
   185       2   5.35250623e-06   3.26001081e-11
   185       3   2.42852492e-16   0.00000000e+00
   186       1   6.72222217e-02   6.91862119e-02
   186       2   5.75117585e-06   3.50141887e-11
   186       3   2.59176086e-16   0.00000000e+00
   187       1   7.29957128e-02   7.48255778e-02
   187       2   6.21005006e-06   3.78918459e-11
   187       3   5.56186204e-16   0.00000000e+00
   188       1   7.96832099e-02   8.13804289e-02
   188       2   6.74419323e-06   4.12392942e-11
   188       3   4.50375642e-16   0.00000000e+00
   189       1   8.75345995e-02   8.91005137e-02
   189       2   7.37414650e-06   4.51141806e-11
   189       3   4.89795482e-16   0.00000000e+00
   190       1   9.68996632e-02   9.83354732e-02
   190       2   8.12866619e-06   4.98457651e-11
   190       3   5.37252132e-16   0.00000000e+00
   191       1   1.08283577e-01   1.09590337e-01
   191       2   9.04928784e-06   5.55210644e-11
   191       3   5.95422326e-16   0.00000000e+00
   192       1   1.22444039e-01   1.23622643e-01
   192       2   1.01983133e-05   6.26545458e-11
   192       3   6.68321425e-16   0.00000000e+00
   193       1   1.40571639e-01   1.41622795e-01
   193       2   1.16736436e-05   7.18277850e-11
   193       3   8.89302825e-16   0.00000000e+00
   194       1   1.64650618e-01   1.65574791e-01
   194       2   1.36384457e-05   8.39279279e-11
   194       3   1.03571296e-15   0.00000000e+00
   195       1   1.98252530e-01   1.99049814e-01
   195       2   1.63864173e-05   1.00935401e-10
   195       3   1.24102534e-15   0.00000000e+00
   196       1   2.48520424e-01   2.49190211e-01
   196       2   2.05049513e-05   1.26338272e-10
   196       3   1.32806889e-15   0.00000000e+00
   197       1   3.32121494e-01   3.32661432e-01
   197       2   2.73646267e-05   1.68738037e-10
   197       3   2.06395082e-15   0.00000000e+00
   198       1   4.99058408e-01   4.99459759e-01
   198       2   4.10771719e-05   2.53367183e-10
   198       3   2.87286605e-15   0.00000000e+00
   199       1   9.99359953e-01   9.99566111e-01
   199       2   8.22011779e-05   5.07028216e-10
   199       3   6.18522280e-15   0.00000000e+00
   200       1   1.25408670e+04   4.71715318e+05
   200       2   3.28994764e+01   2.39437139e-04
   200       3   2.43000123e-09   1.98785947e-16
   200       4   0.00000000e+00   0.00000000e+00
   201       1   1.00000250e+00   1.00000212e+00
   201       2   8.22548579e-05   5.07560054e-10
   201       3   5.74344988e-15   0.00000000e+00
   202       1   4.99820643e-01   4.99892565e-01
   202       2   4.11305506e-05   2.53745078e-10
   202       3   2.87287322e-15   0.00000000e+00
   203       1   3.32906029e-01   3.33093611e-01
   203       2   2.74179600e-05   1.69103392e-10
   203       3   1.91652895e-15   0.00000000e+00
   204       1   2.49312924e-01   2.49622131e-01
   204       2   2.05582811e-05   1.26723387e-10
   204       3   1.54941564e-15   0.00000000e+00
   205       1   1.99048894e-01   1.99481569e-01
   205       2   1.64397591e-05   1.01313238e-10
   205       3   1.24102657e-15   0.00000000e+00
   206       1   1.65449267e-01   1.66006411e-01
   206       2   1.36918085e-05   8.43906595e-11
   206       3   1.03571381e-15   0.00000000e+00
   207       1   1.41371862e-01   1.42054284e-01
   207       2   1.17270341e-05   7.21074903e-11
   207       3   7.62260102e-16   0.00000000e+00
   208       1   1.23245487e-01   1.24053997e-01
   208       2   1.02517374e-05   6.30479934e-11
   208       3   7.79708809e-16   0.00000000e+00
   209       1   1.09086074e-01   1.10021548e-01
   209       2   9.10275115e-06   5.58751704e-11
   209       3   5.95422651e-16   0.00000000e+00
   210       1   9.77031232e-02   9.87665280e-02
   210       2   8.18217397e-06   5.02045833e-11
   210       3   7.16336525e-16   0.00000000e+00
   211       1   8.83389903e-02   8.95313998e-02
   211       2   7.42770399e-06   4.55539757e-11
   211       3   6.53060931e-16   0.00000000e+00
   212       1   8.04885309e-02   8.18111325e-02
   212       2   6.79780566e-06   4.15684183e-11
   212       3   6.00501098e-16   0.00000000e+00
   213       1   7.38019837e-02   7.52560843e-02
   213       2   6.26372267e-06   3.82976018e-11
   213       3   5.56186409e-16   0.00000000e+00
   214       1   6.80294762e-02   6.96165064e-02
   214       2   5.80491394e-06   3.54103857e-11
   214       3   3.88764261e-16   0.00000000e+00
   215       1   6.29877269e-02   6.47092452e-02
   215       2   5.40631516e-06   3.29251711e-11
   215       3   3.64278854e-16   0.00000000e+00
   216       1   5.85392342e-02   6.03969312e-02
   216       2   5.05662727e-06   3.06858421e-11
   216       3   4.57274643e-16   0.00000000e+00
   217       1   5.45788108e-02   5.65745133e-02
   217       2   4.74720903e-06   2.87427460e-11
   217       3   6.48478784e-16   0.00000000e+00
   218       1   5.10246053e-02   5.31602810e-02
   218       2   4.47133866e-06   2.70069643e-11
   218       3   4.10262108e-16   0.00000000e+00
   219       1   4.78119602e-02   5.00897226e-02
   219       2   4.22370873e-06   2.54495383e-11
   219       3   1.95324161e-16   0.00000000e+00
   220       1   4.48891115e-02   4.73112250e-02
   220       2   4.00007252e-06   2.40903483e-11
   220       3   3.73113959e-16   0.00000000e+00
   221       1   4.22141170e-02   4.47830027e-02
   221       2   3.79699144e-06   2.28492444e-11
   221       3   1.78682320e-16   0.00000000e+00
   222       1   3.97526227e-02   4.24708644e-02
   222       2   3.61165131e-06   2.16535745e-11
   222       3   3.43159697e-16   0.00000000e+00
   223       1   3.74762107e-02   4.03465620e-02
   223       2   3.44172663e-06   2.05209883e-11
   223       3   1.65150254e-16   0.00000000e+00
   224       1   3.53611612e-02   3.83865519e-02
   224       2   3.28527865e-06   1.95726831e-11
   224       3   1.59310873e-16   0.00000000e+00
   225       1   3.33875104e-02   3.65710548e-02
   225       2   3.14067808e-06   1.86446536e-11
   225       3   1.53992363e-16   0.00000000e+00
   226       1   3.15383259e-02   3.48833313e-02
   226       2   3.00654544e-06   1.78428186e-11
   226       3   1.49136150e-16   0.00000000e+00
   227       1   2.97991437e-02   3.33091189e-02
   227       2   2.88170483e-06   1.69737605e-11
   227       3   1.44692438e-16   0.00000000e+00
   228       1   2.81575245e-02   3.18361898e-02
   228       2   2.76514746e-06   1.61963870e-11
   228       3   1.40618646e-16   0.00000000e+00
   229       1   2.66027020e-02   3.04540000e-02
   229       2   2.65600285e-06   1.55490083e-11
   229       3   1.36878173e-16   0.00000000e+00
   230       1   2.51253021e-02   2.91534085e-02
   230       2   2.55351569e-06   1.48707381e-11
   230       3   1.33439408e-16   0.00000000e+00
   231       1   2.37171147e-02   2.79264512e-02
   231       2   2.45702720e-06   1.42316360e-11
   231       3   2.60549862e-16   0.00000000e+00
   232       1   2.23709096e-02   2.67661568e-02
   232       2   2.36596003e-06   1.36610799e-11
   232       3   2.54721727e-16   0.00000000e+00
   233       1   2.10802844e-02   2.56663962e-02
   233       2   2.27980582e-06   1.30351598e-11
   233       3   2.49352689e-16   0.00000000e+00
   234       1   1.98395398e-02   2.46217588e-02
   234       2   2.19811498e-06   1.25111601e-11
   234       3   1.22203092e-16   0.00000000e+00
   235       1   1.86435754e-02   2.36274497e-02
   235       2   2.12048828e-06   1.20358446e-11
   235       3   3.59775131e-16   0.00000000e+00
   236       1   1.74878025e-02   2.26792043e-02
   236       2   2.04656971e-06   1.15734392e-11
   236       3   1.17828059e-16   0.00000000e+00
   237       1   1.63680716e-02   2.17732163e-02
   237       2   1.97604061e-06   1.11418298e-11
   237       3   1.15899670e-16   0.00000000e+00
   238       1   1.52806097e-02   2.09060775e-02
   238       2   1.90861464e-06   1.06974899e-11
   238       3   1.14128870e-16   0.00000000e+00
   239       1   1.42219677e-02   2.00747267e-02
   239       2   1.84403356e-06   1.01783737e-11
   239       3   1.12505941e-16   0.00000000e+00
   240       1   1.31889748e-02   1.92764063e-02
   240       2   1.78206361e-06   9.87572016e-12
   240       3   2.22044601e-16   0.00000000e+00
   241       1   1.21786992e-02   1.85086251e-02
   241       2   1.72249242e-06   9.41204452e-12
   241       3   0.00000000e+00   0.00000000e+00
   242       1   1.11884142e-02   1.77691265e-02
   242       2   1.66512632e-06   9.07899358e-12
   242       3   0.00000000e+00   0.00000000e+00
   243       1   1.02155678e-02   1.70558615e-02
   243       2   1.60978812e-06   8.71881990e-12
   243       3   2.14671771e-16   0.00000000e+00
   244       1   9.25775608e-03   1.63669645e-02
   244       2   1.55631499e-06   8.39026141e-12
   244       3   2.12684724e-16   0.00000000e+00
   245       1   8.31269983e-03   1.57007334e-02
   245       2   1.50455682e-06   8.01527656e-12
   245       3   2.10917057e-16   0.00000000e+00
   246       1   7.37822261e-03   1.50556113e-02
   246       2   1.45437461e-06   7.72644050e-12
   246       3   2.09361168e-16   0.00000000e+00
   247       1   6.45223138e-03   1.44301712e-02
   247       2   1.40563915e-06   7.34043217e-12
   247       3   2.08010614e-16   0.00000000e+00
   248       1   5.53269830e-03   1.38231026e-02
   248       2   1.35822978e-06   7.12523438e-12
   248       3   0.00000000e+00   0.00000000e+00
   249       1   4.61764368e-03   1.32331992e-02
   249       2   1.31203334e-06   6.75571754e-12
   249       3   0.00000000e+00   0.00000000e+00
   250       1   3.70511981e-03   1.26593483e-02
   250       2   1.26694317e-06   6.46659974e-12
   250       3   2.05142456e-16   0.00000000e+00
   251       1   2.79319527e-03   1.21005222e-02
   251       2   1.22285824e-06   6.22533013e-12
   251       3   2.04569703e-16   0.00000000e+00
   252       1   1.87993955e-03   1.15557693e-02
   252       2   1.17968229e-06   5.92687116e-12
   252       3   4.08370730e-16   0.00000000e+00
   253       1   9.63407637e-04   1.10242070e-02
   253       2   1.13732314e-06   5.61650152e-12
   253       3   2.03988884e-16   0.00000000e+00
   254       1   4.16243718e-05   1.05050154e-02
   254       2   1.09569190e-06   5.41231847e-12
   254       3   0.00000000e+00   0.00000000e+00
   255       1   8.87431698e-04   9.99743151e-03
   255       2   1.05470232e-06   5.13650460e-12
   255       3   0.00000000e+00   0.00000000e+00
   256       1   1.82584530e-03   9.50074383e-03
   256       2   1.01427016e-06   4.87224612e-12
   256       3   0.00000000e+00   0.00000000e+00
   257       1   2.77578250e-03   9.01428798e-03
   257       2   9.74312483e-07   4.66483609e-12
   257       3   0.00000000e+00   0.00000000e+00
   258       1   3.73951026e-03   8.53744246e-03
   258       2   9.34747045e-07   4.34118865e-12
   258       3   0.00000000e+00   0.00000000e+00
   259       1   4.71941775e-03   8.06962493e-03
   259       2   8.95491628e-07   4.20977818e-12
   259       3   0.00000000e+00   0.00000000e+00
   260       1   5.71804002e-03   7.61028889e-03
   260       2   8.56463352e-07   3.89896782e-12
   260       3   2.08024625e-16   0.00000000e+00
   261       1   6.73808443e-03   7.15892058e-03
   261       2   8.17577963e-07   3.79368019e-12
   261       3   0.00000000e+00   0.00000000e+00
   262       1   7.78246049e-03   6.71503628e-03
   262       2   7.78749059e-07   3.43921467e-12
   262       3   0.00000000e+00   0.00000000e+00
   263       1   8.85431383e-03   6.27817983e-03
   263       2   7.39887261e-07   3.24857539e-12
   263       3   0.00000000e+00   0.00000000e+00
   264       1   9.95706522e-03   5.84792033e-03
   264       2   7.00899282e-07   3.06527060e-12
   264       3   2.15045682e-16   0.00000000e+00
   265       1   1.10944556e-02   5.42385015e-03
   265       2   6.61686904e-07   2.78747757e-12
   265       3   0.00000000e+00   0.00000000e+00
   266       1   1.22705989e-02   5.00558297e-03
   266       2   6.22145799e-07   2.63795186e-12
   266       3   0.00000000e+00   0.00000000e+00
   267       1   1.34900430e-02   4.59275215e-03
   267       2   5.82164194e-07   2.40604362e-12
   267       3   1.11534540e-16   0.00000000e+00
   268       1   1.47578430e-02   4.18500914e-03
   268       2   5.41621313e-07   2.17857327e-12
   268       3   0.00000000e+00   0.00000000e+00
   269       1   1.60796474e-02   3.78202201e-03
   269       2   5.00385552e-07   1.97296413e-12
   269       3   0.00000000e+00   0.00000000e+00
   270       1   1.74618007e-02   3.38347418e-03
   270       2   4.58312330e-07   1.78902310e-12
   270       3   0.00000000e+00   0.00000000e+00
   271       1   1.89114684e-02   2.98906318e-03
   271       2   4.15241521e-07   1.52811547e-12
   271       3   1.19221600e-16   0.00000000e+00
   272       1   2.04367866e-02   2.59849956e-03
   272       2   3.70994359e-07   1.42474393e-12
   272       3   0.00000000e+00   0.00000000e+00
   273       1   2.20470457e-02   2.21150582e-03
   273       2   3.25369695e-07   1.21061615e-12
   273       3   0.00000000e+00   0.00000000e+00
   274       1   2.37529162e-02   1.82781549e-03
   274       2   2.78139401e-07   9.89127875e-13
   274       3   1.27293877e-16   0.00000000e+00
   275       1   2.55667276e-02   1.44717222e-03
   275       2   2.29042705e-07   7.85214332e-13
   275       3   0.00000000e+00   0.00000000e+00
   276       1   2.75028172e-02   1.06932898e-03
   276       2   1.77779126e-07   5.99289397e-13
   276       3   0.00000000e+00   0.00000000e+00
   277       1   2.95779702e-02   6.94047274e-04
   277       2   1.23999591e-07   4.53735735e-13
   277       3   0.00000000e+00   0.00000000e+00
   278       1   3.18119784e-02   3.21096423e-04
   278       2   6.72951505e-08   2.22107684e-13
   278       3   0.00000000e+00   0.00000000e+00
   279       1   3.42283593e-02   4.97470857e-05
   279       2   7.18248208e-09   2.66830945e-14
   279       3   0.00000000e+00   0.00000000e+00
   280       1   3.68552904e-02   4.18700239e-04
   280       2   5.69149280e-08   1.49487894e-13
   280       3   0.00000000e+00   0.00000000e+00
   281       1   3.97268378e-02   7.85974089e-04
   281       2   1.25691532e-07   3.33146360e-13
   281       3   0.00000000e+00   0.00000000e+00
   282       1   4.28845951e-02   1.15177431e-03
   282       2   1.99992699e-07   5.32607185e-13
   282       3   0.00000000e+00   0.00000000e+00
   283       1   4.63798997e-02   1.51630171e-03
   283       2   2.80859320e-07   7.05862389e-13
   283       3   0.00000000e+00   0.00000000e+00
   284       1   5.02768805e-02   1.87975275e-03
   284       2   3.69589112e-07   9.06362738e-13
   284       3   0.00000000e+00   0.00000000e+00
   285       1   5.46567240e-02   2.24232003e-03
   285       2   4.67822445e-07   1.09304006e-12
   285       3   0.00000000e+00   0.00000000e+00
   286       1   5.96237693e-02   2.60419271e-03
   286       2   5.77664919e-07   1.28640580e-12
   286       3   0.00000000e+00   0.00000000e+00
   287       1   6.53144152e-02   2.96555694e-03
   287       2   7.01866514e-07   1.40601162e-12
   287       3   0.00000000e+00   0.00000000e+00
   288       1   7.19104812e-02   3.32659633e-03
   288       2   8.44090287e-07   1.69526163e-12
   288       3   2.32378200e-16   0.00000000e+00
   289       1   7.96598557e-02   3.68749230e-03
   289       2   1.00932763e-06   1.79897777e-12
   289       3   0.00000000e+00   0.00000000e+00
   290       1   8.89095335e-02   4.04842451e-03
   290       2   1.20456264e-06   1.98882337e-12
   290       3   1.36597635e-16   0.00000000e+00
   291       1   1.00160678e-01   4.40957118e-03
   291       2   1.43987942e-06   2.19699620e-12
   291       3   1.50279130e-16   0.00000000e+00
   292       1   1.14164977e-01   4.77110954e-03
   292       2   1.73039985e-06   2.38157625e-12
   292       3   1.67435454e-16   0.00000000e+00
   293       1   1.32103600e-01   5.13321611e-03
   293       2   2.09988217e-06   2.56339482e-12
   293       3   1.89553882e-16   0.00000000e+00
   294       1   1.55945092e-01   5.49606715e-03
   294       2   2.58791832e-06   2.77740988e-12
   294       3   0.00000000e+00   0.00000000e+00
   295       1   1.89232767e-01   5.85983890e-03
   295       2   3.26576787e-06   2.88801609e-12
   295       3   2.60575880e-16   0.00000000e+00
   296       1   2.39053172e-01   6.22470802e-03
   296       2   4.27594291e-06   3.09964464e-12
   296       3   3.22865990e-16   0.00000000e+00
   297       1   3.21941517e-01   6.59085192e-03
   297       2   5.95096253e-06   3.27583186e-12
   297       3   4.26807416e-16   0.00000000e+00
   298       1   4.87503518e-01   6.95844907e-03
   298       2   9.28836970e-06   3.48563021e-12
   298       3   7.93589546e-16   0.00000000e+00
   299       1   9.83770411e-01   7.32767938e-03
   299       2   1.92758358e-05   3.70624554e-12
   299       3   1.41684220e-15   0.00000000e+00
   300       1   6.60274075e+04   7.69872455e-03
   300       2   4.05063191e+00   3.94517130e-12
   300       3   3.01238208e-10   0.00000000e+00
   300       4   0.00000000e+00   0.00000000e+00
   301       1   1.00000489e+00   8.07176845e-03
   301       2   2.06021754e-05   4.07008244e-12
   301       3   1.54974802e-15   0.00000000e+00
   302       1   5.03766171e-01   8.44699743e-03
   302       2   1.06150402e-05   4.23231287e-12
   302       3   6.15236446e-16   0.00000000e+00
   303       1   3.38218013e-01   8.82460074e-03
   303       2   7.27840363e-06   4.42134413e-12
   303       3   4.07155361e-16   0.00000000e+00
   304       1   2.55344716e-01   9.20477089e-03
   304       2   5.60449287e-06   4.61024547e-12
   304       3   3.03192091e-16   0.00000000e+00
   305       1   2.05542495e-01   9.58770406e-03
   305       2   4.59575373e-06   4.82950160e-12
   305       3   2.40874339e-16   0.00000000e+00
   306       1   1.72276635e-01   9.97360047e-03
   306       2   3.91966580e-06   5.04933285e-12
   306       3   1.99378100e-16   0.00000000e+00
   307       1   1.48460775e-01   1.03626649e-02
   307       2   3.43371813e-06   5.24513261e-12
   307       3   1.69778855e-16   0.00000000e+00
   308       1   1.30551703e-01   1.07551068e-02
   308       2   3.06665331e-06   5.39867469e-12
   308       3   2.95228779e-16   0.00000000e+00
   309       1   1.16580940e-01   1.11511414e-02
   309       2   2.77888223e-06   5.59302097e-12
   309       3   1.30405728e-16   0.00000000e+00
   310       1   1.05367378e-01   1.15509894e-02
   310       2   2.54664999e-06   5.77653158e-12
   310       3   2.33331030e-16   0.00000000e+00
   311       1   9.61593858e-02   1.19548781e-02
   311       2   2.35483857e-06   6.03842808e-12
   311       3   2.10894558e-16   0.00000000e+00
   312       1   8.84558587e-02   1.23630414e-02
   312       2   2.19336819e-06   6.24801746e-12
   312       3   0.00000000e+00   0.00000000e+00
   313       1   8.19098646e-02   1.27757209e-02
   313       2   2.05525957e-06   6.37309440e-12
   313       3   0.00000000e+00   0.00000000e+00
   314       1   7.62735819e-02   1.31931661e-02
   314       2   1.93552661e-06   6.69607427e-12
   314       3   1.63032598e-16   0.00000000e+00
   315       1   7.13652637e-02   1.36156349e-02
   315       2   1.83051207e-06   6.88665119e-12
   315       3   1.51398011e-16   0.00000000e+00
   316       1   6.70485895e-02   1.40433948e-02
   316       2   1.73747230e-06   7.09445063e-12
   316       3   1.41247233e-16   0.00000000e+00
   317       1   6.32193047e-02   1.44767229e-02
   317       2   1.65430859e-06   7.25710761e-12
   317       3   1.32317900e-16   0.00000000e+00
   318       1   5.97963138e-02   1.49159074e-02
   318       2   1.57938801e-06   7.52459548e-12
   318       3   1.24405974e-16   0.00000000e+00
   319       1   5.67155863e-02   1.53612475e-02
   319       2   1.51142088e-06   7.77234815e-12
   319       3   1.17350394e-16   0.00000000e+00
   320       1   5.39258904e-02   1.58130550e-02
   320       2   1.44937496e-06   8.02831655e-12
   320       3   1.11022330e-16   0.00000000e+00
   321       1   5.13857458e-02   1.62716548e-02
   321       2   1.39241419e-06   8.29074835e-12
   321       3   0.00000000e+00   0.00000000e+00
   322       1   4.90612079e-02   1.67373860e-02
   322       2   1.33985409e-06   8.45516537e-12
   322       3   4.00602565e-16   0.00000000e+00
   323       1   4.69242296e-02   1.72106029e-02
   323       2   1.29112885e-06   8.73887261e-12
   323       3   1.90902546e-16   0.00000000e+00
   324       1   4.49514329e-02   1.76916760e-02
   324       2   1.24576661e-06   8.86586106e-12
   324       3   1.82321430e-16   0.00000000e+00
   325       1   4.31231750e-02   1.81809933e-02
   325       2   1.20337067e-06   9.20225397e-12
   325       3   0.00000000e+00   0.00000000e+00
   326       1   4.14228302e-02   1.86789615e-02
   326       2   1.16360505e-06   9.40873589e-12
   326       3   1.67232955e-16   0.00000000e+00
   327       1   3.98362312e-02   1.91860076e-02
   327       2   1.12618328e-06   9.77261123e-12
   327       3   1.60571205e-16   0.00000000e+00
   328       1   3.83512304e-02   1.97025800e-02
   328       2   1.09085951e-06   1.00304196e-11
   328       3   1.54413270e-16   0.00000000e+00
   329       1   3.69573514e-02   2.02291507e-02
   329       2   1.05742159e-06   1.02434891e-11
   329       3   0.00000000e+00   0.00000000e+00
   330       1   3.56455110e-02   2.07662162e-02
   330       2   1.02568538e-06   1.05827190e-11
   330       3   2.86812284e-16   0.00000000e+00
   331       1   3.44077941e-02   2.13143004e-02
   331       2   9.95490323e-07   1.07925727e-11
   331       3   0.00000000e+00   0.00000000e+00
   332       1   3.32372714e-02   2.18739557e-02
   332       2   9.66695682e-07   1.10415911e-11
   332       3   0.00000000e+00   0.00000000e+00
   333       1   3.21278502e-02   2.24457662e-02
   333       2   9.39177602e-07   1.13718772e-11
   333       3   1.29568866e-16   0.00000000e+00
   334       1   3.10741511e-02   2.30303492e-02
   334       2   9.12826609e-07   1.16795942e-11
   334       3   1.25542738e-16   0.00000000e+00
   335       1   3.00714067e-02   2.36283587e-02
   335       2   8.87545561e-07   1.19672891e-11
   335       3   0.00000000e+00   0.00000000e+00
   336       1   2.91153758e-02   2.42404879e-02
   336       2   8.63247943e-07   1.23155192e-11
   336       3   1.18222392e-16   0.00000000e+00
   337       1   2.82022732e-02   2.48674722e-02
   337       2   8.39856431e-07   1.26111452e-11
   337       3   1.14888348e-16   0.00000000e+00
   338       1   2.73287090e-02   2.55100935e-02
   338       2   8.17301691e-07   1.29767475e-11
   338       3   1.11748689e-16   0.00000000e+00
   339       1   2.64916385e-02   2.61691831e-02
   339       2   7.95521351e-07   1.32621734e-11
   339       3   0.00000000e+00   0.00000000e+00
   340       1   2.56883185e-02   2.68456266e-02
   340       2   7.74459141e-07   1.35932669e-11
   340       3   0.00000000e+00   0.00000000e+00
   341       1   2.49162712e-02   2.75403684e-02
   341       2   7.54064144e-07   1.40249366e-11
   341       3   0.00000000e+00   0.00000000e+00
   342       1   2.41732519e-02   2.82544168e-02
   342       2   7.34290167e-07   1.43563692e-11
   342       3   0.00000000e+00   0.00000000e+00
   343       1   2.34572224e-02   2.89888497e-02
   343       2   7.15095190e-07   1.46785538e-11
   343       3   0.00000000e+00   0.00000000e+00
   344       1   2.27663274e-02   2.97448213e-02
   344       2   6.96440896e-07   1.50686331e-11
   344       3   0.00000000e+00   0.00000000e+00
   345       1   2.20988741e-02   3.05235684e-02
   345       2   6.78292261e-07   1.54848145e-11
   345       3   0.00000000e+00   0.00000000e+00
   346       1   2.14533147e-02   3.13264187e-02
   346       2   6.60617196e-07   1.58745867e-11
   346       3   0.00000000e+00   0.00000000e+00
   347       1   2.08282306e-02   3.21547997e-02
   347       2   6.43386237e-07   1.63685111e-11
   347       3   0.00000000e+00   0.00000000e+00
   348       1   2.02223195e-02   3.30102478e-02
   348       2   6.26572272e-07   1.67882335e-11
   348       3   1.76717821e-16   0.00000000e+00
   349       1   1.96343829e-02   3.38944196e-02
   349       2   6.10150307e-07   1.72317738e-11
   349       3   0.00000000e+00   0.00000000e+00
   350       1   1.90633162e-02   3.48091039e-02
   350       2   5.94097246e-07   1.76693288e-11
   350       3   0.00000000e+00   0.00000000e+00
   351       1   1.85080993e-02   3.57562353e-02
   351       2   5.78391713e-07   1.82293000e-11
   351       3   0.00000000e+00   0.00000000e+00
   352       1   1.79677881e-02   3.67379099e-02
   352       2   5.63013886e-07   1.86906182e-11
   352       3   0.00000000e+00   0.00000000e+00
   353       1   1.74415081e-02   3.77564024e-02
   353       2   5.47945349e-07   1.92118280e-11
   353       3   0.00000000e+00   0.00000000e+00
   354       1   1.69284472e-02   3.88141857e-02
   354       2   5.33168963e-07   1.97867759e-11
   354       3   0.00000000e+00   0.00000000e+00
   355       1   1.64278503e-02   3.99139536e-02
   355       2   5.18668751e-07   2.03633012e-11
   355       3   0.00000000e+00   0.00000000e+00
   356       1   1.59390141e-02   4.10586456e-02
   356       2   5.04429793e-07   2.09159472e-11
   356       3   0.00000000e+00   0.00000000e+00
   357       1   1.54612827e-02   4.22514764e-02
   357       2   4.90438135e-07   2.16356890e-11
   357       3   0.00000000e+00   0.00000000e+00
   358       1   1.49940434e-02   4.34959689e-02
   358       2   4.76680706e-07   2.21616746e-11
   358       3   0.00000000e+00   0.00000000e+00
   359       1   1.45367228e-02   4.47959921e-02
   359       2   4.63145241e-07   2.28624404e-11
   359       3   0.00000000e+00   0.00000000e+00
   360       1   1.40887836e-02   4.61558049e-02
   360       2   4.49820214e-07   2.34859891e-11
   360       3   1.44293340e-16   0.00000000e+00
   361       1   1.36497220e-02   4.75801071e-02
   361       2   4.36694781e-07   2.42813746e-11
   361       3   0.00000000e+00   0.00000000e+00
   362       1   1.32190641e-02   4.90740976e-02
   362       2   4.23758719e-07   2.50643740e-11
   362       3   0.00000000e+00   0.00000000e+00
   363       1   1.27963645e-02   5.06435433e-02
   363       2   4.11002380e-07   2.58206342e-11
   363       3   0.00000000e+00   0.00000000e+00
   364       1   1.23812032e-02   5.22948587e-02
   364       2   3.98416645e-07   2.66839153e-11
   364       3   0.00000000e+00   0.00000000e+00
   365       1   1.19731840e-02   5.40351999e-02
   365       2   3.85992882e-07   2.75737168e-11
   365       3   0.00000000e+00   0.00000000e+00
   366       1   1.15719326e-02   5.58725748e-02
   366       2   3.73722908e-07   2.85878277e-11
   366       3   0.00000000e+00   0.00000000e+00
   367       1   1.11770948e-02   5.78159746e-02
   367       2   3.61598958e-07   2.95287429e-11
   367       3   0.00000000e+00   0.00000000e+00
   368       1   1.07883351e-02   5.98755294e-02
   368       2   3.49613648e-07   3.06076941e-11
   368       3   0.00000000e+00   0.00000000e+00
   369       1   1.04053353e-02   6.20626945e-02
   369       2   3.37759950e-07   3.17748098e-11
   369       3   1.29441848e-16   0.00000000e+00
   370       1   1.00277931e-02   6.43904750e-02
   370       2   3.26031170e-07   3.29539506e-11
   370       3   0.00000000e+00   0.00000000e+00
   371       1   9.65542086e-03   6.68736975e-02
   371       2   3.14420911e-07   3.42307835e-11
   371       3   1.26906631e-16   0.00000000e+00
   372       1   9.28794473e-03   6.95293402e-02
   372       2   3.02923064e-07   3.56829609e-11
   372       3   0.00000000e+00   0.00000000e+00
   373       1   8.92510350e-03   7.23769387e-02
   373       2   2.91531781e-07   3.70609823e-11
   373       3   1.24605868e-16   0.00000000e+00
   374       1   8.56664769e-03   7.54390861e-02
   374       2   2.80241455e-07   3.87181609e-11
   374       3   0.00000000e+00   0.00000000e+00
   375       1   8.21233873e-03   7.87420562e-02
   375       2   2.69046709e-07   4.04580911e-11
   375       3   0.00000000e+00   0.00000000e+00
   376       1   7.86194814e-03   8.23165849e-02
   376       2   2.57942370e-07   4.22791612e-11
   376       3   1.21560696e-16   0.00000000e+00
   377       1   7.51525679e-03   8.61988590e-02
   377       2   2.46923462e-07   4.43857905e-11
   377       3   0.00000000e+00   0.00000000e+00
   378       1   7.17205425e-03   9.04317813e-02
   378       2   2.35985189e-07   4.64665443e-11
   378       3   0.00000000e+00   0.00000000e+00
   379       1   6.83213814e-03   9.50666036e-02
   379       2   2.25122921e-07   4.88347671e-11
   379       3   0.00000000e+00   0.00000000e+00
   380       1   6.49531351e-03   1.00165062e-01
   380       2   2.14332184e-07   5.16123797e-11
   380       3   0.00000000e+00   0.00000000e+00
   381       1   6.16139234e-03   1.05802198e-01
   381       2   2.03608646e-07   5.46683583e-11
   381       3   0.00000000e+00   0.00000000e+00
   382       1   5.83019299e-03   1.12070153e-01
   382       2   1.92948108e-07   5.77785620e-11
   382       3   0.00000000e+00   0.00000000e+00
   383       1   5.50153973e-03   1.19083321e-01
   383       2   1.82346495e-07   6.14808605e-11
   383       3   0.00000000e+00   0.00000000e+00
   384       1   5.17526225e-03   1.26985499e-01
   384       2   1.71799842e-07   6.56338299e-11
   384       3   0.00000000e+00   0.00000000e+00
   385       1   4.85119530e-03   1.35959974e-01
   385       2   1.61304292e-07   7.04283706e-11
   385       3   0.00000000e+00   0.00000000e+00
   386       1   4.52917820e-03   1.46244067e-01
   386       2   1.50856080e-07   7.58346333e-11
   386       3   0.00000000e+00   0.00000000e+00
   387       1   4.20905455e-03   1.58150601e-01
   387       2   1.40451531e-07   8.21397381e-11
   387       3   0.00000000e+00   0.00000000e+00
   388       1   3.89067177e-03   1.72100489e-01
   388       2   1.30087049e-07   8.95544006e-11
   388       3   0.00000000e+00   0.00000000e+00
   389       1   3.57388083e-03   1.88673750e-01
   389       2   1.19759111e-07   9.85055789e-11
   389       3   1.13122394e-16   0.00000000e+00
   390       1   3.25853590e-03   2.08692401e-01
   390       2   1.09464261e-07   1.09187909e-10
   390       3   0.00000000e+00   0.00000000e+00
   391       1   2.94449398e-03   2.33361058e-01
   391       2   9.91991009e-08   1.22413848e-10
   391       3   0.00000000e+00   0.00000000e+00
   392       1   2.63161471e-03   2.64518205e-01
   392       2   8.89602852e-08   1.39456183e-10
   392       3   0.00000000e+00   0.00000000e+00
   393       1   2.31975996e-03   3.05114723e-01
   393       2   7.87445160e-08   1.61599626e-10
   393       3   0.00000000e+00   0.00000000e+00
   394       1   2.00879363e-03   3.60201006e-01
   394       2   6.85485354e-08   1.92091859e-10
   394       3   0.00000000e+00   0.00000000e+00
   395       1   1.69858133e-03   4.39185196e-01
   395       2   5.83691207e-08   2.36168134e-10
   395       3   0.00000000e+00   0.00000000e+00
   396       1   1.38899014e-03   5.61776366e-01
   396       2   4.82030786e-08   3.05998508e-10
   396       3   0.00000000e+00   0.00000000e+00
   397       1   1.07988836e-03   7.77136715e-01
   397       2   3.80472391e-08   4.31652295e-10
   397       3   0.00000000e+00   0.00000000e+00
   398       1   7.71145219e-04   1.24941826e+00
   398       2   2.78984509e-08   7.18237083e-10
   398       3   0.00000000e+00   0.00000000e+00
   399       1   4.62630647e-04   2.99936470e+00
   399       2   1.77535748e-08   1.85897531e-09
   399       3   0.00000000e+00   0.00000000e+00
   400       1   1.54215031e-04              inf
   400       2   7.60948027e-09   1.04651504e+00
   400       3   0.00000000e+00   0.00000000e+00
   401       1   1.54231035e-04   1.00000000e+00
   401       2   2.53696128e-09   1.70525605e-10
   401       3   0.00000000e+00   0.00000000e+00
   402       1   4.62836995e-04   7.49962598e-01
   402       2   1.26888819e-08   2.96416207e-10
   402       3   0.00000000e+00   0.00000000e+00
   403       1   7.71732576e-04   5.55441983e-01
   403       2   2.28494207e-08   2.44456397e-10
   403       3   0.00000000e+00   0.00000000e+00
   404       1   1.08104803e-03   4.37297957e-01
   404       2   3.30217311e-08   2.00911712e-10
   404       3   0.00000000e+00   0.00000000e+00
   405       1   1.39091440e-03   3.59704054e-01
   405       2   4.32089851e-08   1.69146283e-10
   405       3   0.00000000e+00   0.00000000e+00
   406       1   1.70146372e-03   3.05162820e-01
   406       2   5.34143789e-08   1.45600148e-10
   406       3   0.00000000e+00   0.00000000e+00
   407       1   2.01282935e-03   2.64814866e-01
   407       2   6.36411384e-08   1.27603002e-10
   407       3   0.00000000e+00   0.00000000e+00
   408       1   2.32514615e-03   2.33784087e-01
   408       2   7.38925245e-08   1.13435859e-10
   408       3   0.00000000e+00   0.00000000e+00
   409       1   2.63855082e-03   2.09185175e-01
   409       2   8.41718399e-08   1.02072790e-10
   409       3   0.00000000e+00   0.00000000e+00
   410       1   2.95318214e-03   1.89207583e-01
   410       2   9.44824335e-08   9.27493801e-11
   410       3   1.12753790e-16   0.00000000e+00
   411       1   3.26918123e-03   1.72659785e-01
   411       2   1.04827708e-07   8.49371270e-11
   411       3   0.00000000e+00   0.00000000e+00
   412       1   3.58669191e-03   1.58726388e-01
   412       2   1.15211126e-07   7.83280032e-11
   412       3   0.00000000e+00   0.00000000e+00
   413       1   3.90586095e-03   1.46830933e-01
   413       2   1.25636216e-07   7.26295365e-11
   413       3   0.00000000e+00   0.00000000e+00
   414       1   4.22683839e-03   1.36554524e-01
   414       2   1.36106578e-07   6.76757037e-11
   414       3   0.00000000e+00   0.00000000e+00
   415       1   4.54977790e-03   1.27585529e-01
   415       2   1.46625893e-07   6.33107810e-11
   415       3   0.00000000e+00   0.00000000e+00
   416       1   4.87483713e-03   1.19687362e-01
   416       2   1.57197932e-07   5.94891197e-11
   416       3   0.00000000e+00   0.00000000e+00
   417       1   5.20217805e-03   1.12677197e-01
   417       2   1.67826559e-07   5.61490159e-11
   417       3   0.00000000e+00   0.00000000e+00
   418       1   5.53196735e-03   1.06411542e-01
   418       2   1.78515742e-07   5.30901653e-11
   418       3   0.00000000e+00   0.00000000e+00
   419       1   5.86437685e-03   1.00776204e-01
   419       2   1.89269563e-07   5.03103788e-11
   419       3   0.00000000e+00   0.00000000e+00
   420       1   6.19958396e-03   9.56791803e-02
   420       2   2.00092225e-07   4.76341905e-11
   420       3   0.00000000e+00   0.00000000e+00
   421       1   6.53777209e-03   9.10455258e-02
   421       2   2.10988066e-07   4.55337335e-11
   421       3   0.00000000e+00   0.00000000e+00
   422       1   6.87913117e-03   8.68135730e-02
   422       2   2.21961562e-07   4.34848499e-11
   422       3   0.00000000e+00   0.00000000e+00
   423       1   7.22385818e-03   8.29321194e-02
   423       2   2.33017347e-07   4.15539103e-11
   423       3   0.00000000e+00   0.00000000e+00
   424       1   7.57215769e-03   7.93582986e-02
   424       2   2.44160218e-07   3.98174718e-11
   424       3   0.00000000e+00   0.00000000e+00
   425       1   7.92424250e-03   7.60559505e-02
   425       2   2.55395153e-07   3.81356692e-11
   425       3   0.00000000e+00   0.00000000e+00
   426       1   8.28033421e-03   7.29943596e-02
   426       2   2.66727321e-07   3.65950732e-11
   426       3   0.00000000e+00   0.00000000e+00
   427       1   8.64066399e-03   7.01472676e-02
   427       2   2.78162098e-07   3.52496160e-11
   427       3   0.00000000e+00   0.00000000e+00
   428       1   9.00547327e-03   6.74920930e-02
   428       2   2.89705084e-07   3.38944864e-11
   428       3   0.00000000e+00   0.00000000e+00
   429       1   9.37501456e-03   6.50093095e-02
   429       2   3.01362121e-07   3.26532939e-11
   429       3   0.00000000e+00   0.00000000e+00
   430       1   9.74955235e-03   6.26819462e-02
   430       2   3.13139307e-07   3.14850308e-11
   430       3   0.00000000e+00   0.00000000e+00
   431       1   1.01293640e-02   6.04951823e-02
   431       2   3.25043020e-07   3.04570022e-11
   431       3   0.00000000e+00   0.00000000e+00
   432       1   1.05147407e-02   5.84360173e-02
   432       2   3.37079939e-07   2.93890181e-11
   432       3   1.30802840e-16   0.00000000e+00
   433       1   1.09059888e-02   5.64929996e-02
   433       2   3.49257068e-07   2.84636135e-11
   433       3   0.00000000e+00   0.00000000e+00
   434       1   1.13034308e-02   5.46560020e-02
   434       2   3.61581759e-07   2.75149975e-11
   434       3   0.00000000e+00   0.00000000e+00
   435       1   1.17074067e-02   5.29160361e-02
   435       2   3.74061744e-07   2.66580504e-11
   435       3   0.00000000e+00   0.00000000e+00
   436       1   1.21182755e-02   5.12650958e-02
   436       2   3.86705159e-07   2.58216889e-11
   436       3   0.00000000e+00   0.00000000e+00
   437       1   1.25364166e-02   4.96960269e-02
   437       2   3.99520586e-07   2.50693628e-11
   437       3   0.00000000e+00   0.00000000e+00
   438       1   1.29622318e-02   4.82024163e-02
   438       2   4.12517082e-07   2.42566152e-11
   438       3   0.00000000e+00   0.00000000e+00
   439       1   1.33961468e-02   4.67784984e-02
   439       2   4.25704222e-07   2.35379746e-11
   439       3   0.00000000e+00   0.00000000e+00
   440       1   1.38386137e-02   4.54190754e-02
   440       2   4.39092140e-07   2.29338997e-11
   440       3   1.44293322e-16   0.00000000e+00
   441       1   1.42901129e-02   4.41194485e-02
   441       2   4.52691582e-07   2.23215627e-11
   441       3   0.00000000e+00   0.00000000e+00
   442       1   1.47511556e-02   4.28753595e-02
   442       2   4.66513954e-07   2.16427288e-11
   442       3   0.00000000e+00   0.00000000e+00
   443       1   1.52222868e-02   4.16829403e-02
   443       2   4.80571382e-07   2.10407050e-11
   443       3   0.00000000e+00   0.00000000e+00
   444       1   1.57040884e-02   4.05386686e-02
   444       2   4.94876778e-07   2.04668159e-11
   444       3   0.00000000e+00   0.00000000e+00
   445       1   1.61971820e-02   3.94393304e-02
   445       2   5.09443909e-07   1.99775694e-11
   445       3   0.00000000e+00   0.00000000e+00
   446       1   1.67022333e-02   3.83819866e-02
   446       2   5.24287479e-07   1.94428024e-11
   446       3   0.00000000e+00   0.00000000e+00
   447       1   1.72199561e-02   3.73639442e-02
   447       2   5.39423212e-07   1.88882503e-11
   447       3   1.60946469e-16   0.00000000e+00
   448       1   1.77511167e-02   3.63827306e-02
   448       2   5.54867957e-07   1.83769407e-11
   448       3   1.63803358e-16   0.00000000e+00
   449       1   1.82965394e-02   3.54360716e-02
   449       2   5.70639794e-07   1.78770182e-11
   449       3   0.00000000e+00   0.00000000e+00
   450       1   1.88571121e-02   3.45218717e-02
   450       2   5.86758156e-07   1.75039896e-11
   450       3   0.00000000e+00   0.00000000e+00
   451       1   1.94337930e-02   3.36381966e-02
   451       2   6.03243970e-07   1.70045941e-11
   451       3   0.00000000e+00   0.00000000e+00
   452       1   2.00276177e-02   3.27832581e-02
   452       2   6.20119806e-07   1.66143278e-11
   452       3   0.00000000e+00   0.00000000e+00
   453       1   2.06397078e-02   3.19553999e-02
   453       2   6.37410059e-07   1.61600696e-11
   453       3   0.00000000e+00   0.00000000e+00
   454       1   2.12712801e-02   3.11530860e-02
   454       2   6.55141139e-07   1.58299927e-11
   454       3   0.00000000e+00   0.00000000e+00
   455       1   2.19236569e-02   3.03748895e-02
   455       2   6.73341699e-07   1.53179461e-11
   455       3   0.00000000e+00   0.00000000e+00
   456       1   2.25982786e-02   2.96194831e-02
   456       2   6.92042885e-07   1.50481633e-11
   456       3   0.00000000e+00   0.00000000e+00
   457       1   2.32967169e-02   2.88856302e-02
   457       2   7.11278628e-07   1.46427363e-11
   457       3   0.00000000e+00   0.00000000e+00
   458       1   2.40206908e-02   2.81721774e-02
   458       2   7.31085971e-07   1.42888245e-11
   458       3   0.00000000e+00   0.00000000e+00
   459       1   2.47720845e-02   2.74780470e-02
   459       2   7.51505449e-07   1.39356420e-11
   459       3   0.00000000e+00   0.00000000e+00
   460       1   2.55529677e-02   2.68022313e-02
   460       2   7.72581520e-07   1.36132206e-11
   460       3   2.11987676e-16   0.00000000e+00
   461       1   2.63656199e-02   2.61437863e-02
   461       2   7.94363071e-07   1.32081589e-11
   461       3   0.00000000e+00   0.00000000e+00
   462       1   2.72125579e-02   2.55018270e-02
   462       2   8.16903993e-07   1.29579607e-11
   462       3   0.00000000e+00   0.00000000e+00
   463       1   2.80965673e-02   2.48755224e-02
   463       2   8.40263861e-07   1.25908676e-11
   463       3   1.14888320e-16   0.00000000e+00
   464       1   2.90207408e-02   2.42640913e-02
   464       2   8.64508712e-07   1.23122467e-11
   464       3   1.18222362e-16   0.00000000e+00
   465       1   2.99885210e-02   2.36667987e-02
   465       2   8.89711972e-07   1.19990035e-11
   465       3   0.00000000e+00   0.00000000e+00
   466       1   3.10037528e-02   2.30829519e-02
   466       2   9.15955538e-07   1.17465024e-11
   466       3   1.25542704e-16   0.00000000e+00
   467       1   3.20707437e-02   2.25118976e-02
   467       2   9.43331051e-07   1.14394421e-11
   467       3   0.00000000e+00   0.00000000e+00
   468       1   3.31943360e-02   2.19530190e-02
   468       2   9.71941426e-07   1.10949795e-11
   468       3   0.00000000e+00   0.00000000e+00
   469       1   3.43799937e-02   2.14057327e-02
   469       2   1.00190265e-06   1.08700266e-11
   469       3   0.00000000e+00   0.00000000e+00
   470       1   3.56339054e-02   2.08694868e-02
   470       2   1.03334598e-06   1.05564887e-11
   470       3   0.00000000e+00   0.00000000e+00
   471       1   3.69631094e-02   2.03437582e-02
   471       2   1.06642054e-06   1.03506078e-11
   471       3   0.00000000e+00   0.00000000e+00
   472       1   3.83756455e-02   1.98280508e-02
   472       2   1.10129652e-06   1.00835476e-11
   472       3   0.00000000e+00   0.00000000e+00
   473       1   3.98807403e-02   1.93218936e-02
   473       2   1.13816907e-06   9.84020781e-12
   473       3   0.00000000e+00   0.00000000e+00
   474       1   4.14890354e-02   1.88248387e-02
   474       2   1.17726312e-06   9.54975514e-12
   474       3   0.00000000e+00   0.00000000e+00
   475       1   4.32128701e-02   1.83364600e-02
   475       2   1.21883925e-06   9.30283493e-12
   475       3   1.74459296e-16   0.00000000e+00
   476       1   4.50666355e-02   1.78563515e-02
   476       2   1.26320120e-06   9.14670480e-12
   476       3   0.00000000e+00   0.00000000e+00
   477       1   4.70672199e-02   1.73841260e-02
   477       2   1.31070519e-06   8.85013479e-12
   477       3   1.90902468e-16   0.00000000e+00
   478       1   4.92345765e-02   1.69194139e-02
   478       2   1.36177183e-06   8.55715735e-12
   478       3   0.00000000e+00   0.00000000e+00
   479       1   5.15924530e-02   1.64618617e-02
   479       2   1.41690147e-06   8.34080456e-12
   479       3   0.00000000e+00   0.00000000e+00
   480       1   5.41693401e-02   1.60111313e-02
   480       2   1.47669412e-06   8.21341553e-12
   480       3   2.22044556e-16   0.00000000e+00
   481       1   5.69997195e-02   1.55668988e-02
   481       2   1.54187561e-06   7.92465247e-12
   481       3   1.17350336e-16   0.00000000e+00
   482       1   6.01257277e-02   1.51288534e-02
   482       2   1.61333260e-06   7.73621260e-12
   482       3   1.24405910e-16   0.00000000e+00
   483       1   6.35994074e-02   1.46966967e-02
   483       2   1.69215979e-06   7.51152766e-12
   483       3   1.32317828e-16   0.00000000e+00
   484       1   6.74858028e-02   1.42701419e-02
   484       2   1.77972499e-06   7.27697920e-12
   484       3   1.41247151e-16   0.00000000e+00
   485       1   7.18672934e-02   1.38489129e-02
   485       2   1.87776003e-06   7.07882401e-12
   485       3   1.51397917e-16   0.00000000e+00
   486       1   7.68497848e-02   1.34327434e-02
   486       2   1.98849085e-06   6.87274729e-12
   486       3   1.63032491e-16   0.00000000e+00
   487       1   8.25717565e-02   1.30213766e-02
   487       2   2.11482744e-06   6.65180250e-12
   487       3   1.76493996e-16   0.00000000e+00
   488       1   8.92178346e-02   1.26145645e-02
   488       2   2.26064883e-06   6.42994251e-12
   488       3   1.92239974e-16   0.00000000e+00
   489       1   9.70397665e-02   1.22120668e-02
   489       2   2.43124355e-06   6.24808185e-12
   489       3   2.10894384e-16   0.00000000e+00
   490       1   1.06389981e-01   1.18136509e-02
   490       2   2.63401433e-06   6.01832446e-12
   490       3   2.33330819e-16   0.00000000e+00
   491       1   1.17777524e-01   1.14190912e-02
   491       2   2.87965257e-06   5.84266116e-12
   491       3   1.30405597e-16   0.00000000e+00
   492       1   1.31965938e-01   1.10281683e-02
   492       2   3.18419371e-06   5.72678557e-12
   492       3   1.47614224e-16   0.00000000e+00
   493       1   1.50155054e-01   1.06406688e-02
   493       2   3.57283433e-06   5.45155668e-12
   493       3   3.39557278e-16   0.00000000e+00
   494       1   1.74344553e-01   1.02563849e-02
   494       2   4.08756630e-06   5.25513100e-12
   494       3   5.98133414e-16   0.00000000e+00
   495       1   2.08133831e-01   9.87511349e-03
   495       2   4.80397196e-06   5.08609550e-12
   495       3   4.81747828e-16   0.00000000e+00
   496       1   2.58721638e-01   9.49665636e-03
   496       2   5.87321200e-06   4.82978915e-12
   496       3   3.03191427e-16   0.00000000e+00
   497       1   3.42905041e-01   9.12081924e-03
   497       2   7.64798895e-06   4.65353838e-12
   497       3   8.14308362e-16   0.00000000e+00
   498       1   5.11075418e-01   8.74741170e-03
   498       2   1.11864006e-05   4.52839639e-12
   498       3   7.69042240e-16   0.00000000e+00
   499       1   1.01519297e+00   8.37624665e-03
   499       2   2.17789028e-05   4.35640514e-12
   499       3   1.54973476e-15   0.00000000e+00
   500       1   5.72290323e+04   8.00714000e-03
   500       2   5.95780796e+00   4.16529858e-12
   500       3   4.06721960e-10   0.00000000e+00
   500       4   0.00000000e+00   0.00000000e+00
   501       1   1.00000358e+00   7.63991030e-03
   501       2   2.05213957e-05   3.94852994e-12
   501       3   1.57428233e-15   0.00000000e+00
   502       1   4.95906834e-01   7.27437836e-03
   502       2   9.92830238e-06   3.78106219e-12
   502       3   7.93592844e-16   0.00000000e+00
   503       1   3.27731685e-01   6.91036691e-03
   503       2   6.38907199e-06   3.57736348e-12
   503       3   4.26808586e-16   0.00000000e+00
   504       1   2.43536408e-01   6.54770027e-03
   504       2   4.61316932e-06   3.42880661e-12
   504       3   3.22866646e-16   0.00000000e+00
   505       1   1.92931885e-01   6.18620397e-03
   505       2   3.54248558e-06   3.13794805e-12
   505       3   2.60576298e-16   0.00000000e+00
   506       1   1.59121591e-01   5.82570445e-03
   506       2   2.82431405e-06   3.09765427e-12
   506       3   2.19113602e-16   0.00000000e+00
   507       1   1.34906940e-01   5.46602872e-03
   507       2   2.30749105e-06   2.84530093e-12
   507       3   1.89554094e-16   0.00000000e+00
   508       1   1.16688587e-01   5.10700398e-03
   508       2   1.91643127e-06   2.62146455e-12
   508       3   1.67435615e-16   0.00000000e+00
   509       1   1.02466850e-01   4.74845734e-03
   509       2   1.60913964e-06   2.45415639e-12
   509       3   1.50279257e-16   0.00000000e+00
   510       1   9.10418782e-02   4.39021543e-03
   510       2   1.36041605e-06   2.23450687e-12
   510       3   0.00000000e+00   0.00000000e+00
   511       1   8.16500909e-02   4.03210405e-03
   511       2   1.15422108e-06   2.09372812e-12
   511       3   1.25444664e-16   0.00000000e+00
   512       1   7.37823975e-02   3.67394786e-03
   512       2   9.79858936e-07   1.99641011e-12
   512       3   1.16189170e-16   0.00000000e+00
   513       1   6.70863145e-02   3.31556997e-03
   513       2   8.29922046e-07   1.73189293e-12
   513       3   2.16789113e-16   0.00000000e+00
   514       1   6.13100324e-02   2.95679161e-03
   514       2   6.99116546e-07   1.54383278e-12
   514       3   0.00000000e+00   0.00000000e+00
   515       1   5.62688565e-02   2.59743170e-03
   515       2   5.83557564e-07   1.38178413e-12
   515       3   0.00000000e+00   0.00000000e+00
   516       1   5.18242314e-02   2.23730649e-03
   516       2   4.80328765e-07   1.20998268e-12
   516       3   0.00000000e+00   0.00000000e+00
   517       1   4.78701689e-02   1.87622913e-03
   517       2   3.87197337e-07   1.02541899e-12
   517       3   0.00000000e+00   0.00000000e+00
   518       1   4.43241995e-02   1.51400924e-03
   518       2   3.02423972e-07   8.17849866e-13
   518       3   0.00000000e+00   0.00000000e+00
   519       1   4.11211817e-02   1.15045248e-03
   519       2   2.24632841e-07   6.42176804e-13
   519       3   0.00000000e+00   0.00000000e+00
   520       1   3.82089681e-02   7.85360065e-04
   520       2   1.52720572e-07   5.12241342e-13
   520       3   0.00000000e+00   0.00000000e+00
   521       1   3.55453092e-02   4.18528263e-04
   521       2   8.57912138e-08   2.80965777e-13
   521       3   0.00000000e+00   0.00000000e+00
   522       1   3.30956023e-02   4.97478869e-05
   522       2   2.31089317e-08   9.11506864e-14
   522       3   0.00000000e+00   0.00000000e+00
   523       1   3.08312268e-02   3.21196265e-04
   523       2   3.59369711e-08   8.91601544e-14
   523       3   0.00000000e+00   0.00000000e+00
   524       1   2.87282957e-02   6.94525997e-04
   524       2   9.18583018e-08   2.53517750e-13
   524       3   0.00000000e+00   0.00000000e+00
   525       1   2.67667069e-02   1.07047034e-03
   525       2   1.45087935e-07   4.82141543e-13
   525       3   1.30548421e-16   0.00000000e+00
   526       1   2.49294129e-02   1.44926621e-03
   526       2   1.95995188e-07   6.77221144e-13
   526       3   0.00000000e+00   0.00000000e+00
   527       1   2.32018527e-02   1.83115913e-03
   527       2   2.44897781e-07   8.96108247e-13
   527       3   0.00000000e+00   0.00000000e+00
   528       1   2.15715051e-02   2.21640401e-03
   528       2   2.92071266e-07   1.05591485e-12
   528       3   1.21658171e-16   0.00000000e+00
   529       1   2.00275347e-02   2.60526591e-03
   529       2   3.37756508e-07   1.25754810e-12
   529       3   2.38443234e-16   0.00000000e+00
   530       1   1.85605077e-02   2.99802099e-03
   530       2   3.82165695e-07   1.43507650e-12
   530       3   0.00000000e+00   0.00000000e+00
   531       1   1.71621634e-02   3.39495743e-03
   531       2   4.25487203e-07   1.63174614e-12
   531       3   1.15000586e-16   0.00000000e+00
   532       1   1.58252274e-02   3.79637645e-03
   532       2   4.67889568e-07   1.88684076e-12
   532       3   0.00000000e+00   0.00000000e+00
   533       1   1.45432592e-02   4.20259346e-03
   533       2   5.09524760e-07   2.04287553e-12
   533       3   0.00000000e+00   0.00000000e+00
   534       1   1.33105258e-02   4.61393922e-03
   534       2   5.50530898e-07   2.31216139e-12
   534       3   0.00000000e+00   0.00000000e+00
   535       1   1.21218974e-02   5.03076120e-03
   535       2   5.91034531e-07   2.48004607e-12
   535       3   0.00000000e+00   0.00000000e+00
   536       1   1.09727595e-02   5.45342499e-03
   536       2   6.31152562e-07   2.69899256e-12
   536       3   2.15045697e-16   0.00000000e+00
   537       1   9.85893883e-03   5.88231589e-03
   537       2   6.70993888e-07   2.87772781e-12
   537       3   0.00000000e+00   0.00000000e+00
   538       1   8.77664147e-03   6.31784055e-03
   538       2   7.10660822e-07   3.10035095e-12
   538       3   2.11056511e-16   0.00000000e+00
   539       1   7.72239906e-03   6.76042893e-03
   539       2   7.50250314e-07   3.36092920e-12
   539       3   2.09426492e-16   0.00000000e+00
   540       1   6.69302313e-03   7.21053629e-03
   540       2   7.89855048e-07   3.59693815e-12
   540       3   0.00000000e+00   0.00000000e+00
   541       1   5.68556559e-03   7.66864549e-03
   541       2   8.29564401e-07   3.81603759e-12
   541       3   0.00000000e+00   0.00000000e+00
   542       1   4.69728414e-03   8.13526943e-03
   542       2   8.69465320e-07   4.10727802e-12
   542       3   0.00000000e+00   0.00000000e+00
   543       1   3.72561209e-03   8.61095383e-03
   543       2   9.09643124e-07   4.26952408e-12
   543       3   0.00000000e+00   0.00000000e+00
   544       1   2.76813149e-03   9.09628023e-03
   544       2   9.50182251e-07   4.57095510e-12
   544       3   0.00000000e+00   0.00000000e+00
   545       1   1.82254922e-03   9.59186940e-03
   545       2   9.91166963e-07   4.80467082e-12
   545       3   0.00000000e+00   0.00000000e+00
   546       1   8.86675302e-04   1.00983850e-02
   546       2   1.03268203e-06   5.09597155e-12
   546       3   0.00000000e+00   0.00000000e+00
   547       1   4.15968208e-05   1.06165378e-02
   547       2   1.07481339e-06   5.29515485e-12
   547       3   0.00000000e+00   0.00000000e+00
   548       1   9.64308607e-04   1.11470902e-02
   548       2   1.11764883e-06   5.53788603e-12
   548       3   0.00000000e+00   0.00000000e+00
   549       1   1.88345356e-03   1.16908614e-02
   549       2   1.16127864e-06   5.88669712e-12
   549       3   0.00000000e+00   0.00000000e+00
   550       1   2.80099355e-03   1.22487334e-02
   550       2   1.20579631e-06   6.15814787e-12
   550       3   2.05142444e-16   0.00000000e+00
   551       1   3.71887463e-03   1.28216572e-02
   551       2   1.25129930e-06   6.43384390e-12
   551       3   0.00000000e+00   0.00000000e+00
   552       1   4.63904253e-03   1.34106600e-02
   552       2   1.29788975e-06   6.71217657e-12
   552       3   0.00000000e+00   0.00000000e+00
   553       1   5.56345816e-03   1.40168538e-02
   553       2   1.34567531e-06   7.04752158e-12
   553       3   2.08010597e-16   0.00000000e+00
   554       1   6.49411343e-03   1.46414444e-02
   554       2   1.39477012e-06   7.21980250e-12
   554       3   2.09361149e-16   0.00000000e+00
   555       1   7.43304751e-03   1.52857419e-02
   555       2   1.44529567e-06   7.68693149e-12
   555       3   2.10917036e-16   0.00000000e+00
   556       1   8.38236390e-03   1.59511727e-02
   556       2   1.49738200e-06   8.01002919e-12
   556       3   2.12684701e-16   0.00000000e+00
   557       1   9.34424874e-03   1.66392933e-02
   557       2   1.55116884e-06   8.35729109e-12
   557       3   2.14671746e-16   0.00000000e+00
   558       1   1.03209904e-02   1.73518053e-02
   558       2   1.60680703e-06   8.66753790e-12
   558       3   2.16887023e-16   0.00000000e+00
   559       1   1.13150011e-02   1.80905738e-02
   559       2   1.66446001e-06   9.14538316e-12
   559       3   2.19340735e-16   0.00000000e+00
   560       1   1.23288407e-02   1.88576476e-02
   560       2   1.72430560e-06   9.47930758e-12
   560       3   2.22044569e-16   0.00000000e+00
   561       1   1.33652433e-02   1.96552827e-02
   561       2   1.78653801e-06   9.89769828e-12
   561       3   1.12505923e-16   0.00000000e+00
   562       1   1.44271474e-02   2.04859698e-02
   562       2   1.85137014e-06   1.02897581e-11
   562       3   1.14128851e-16   0.00000000e+00
   563       1   1.55177302e-02   2.13524664e-02
   563       2   1.91903624e-06   1.07517752e-11
   563       3   1.15899650e-16   0.00000000e+00
   564       1   1.66404467e-02   2.22578332e-02
   564       2   1.98979500e-06   1.12282125e-11
   564       3   2.35656075e-16   0.00000000e+00
   565       1   1.77990755e-02   2.32054780e-02
   565       2   2.06393319e-06   1.17861488e-11
   565       3   2.39850040e-16   0.00000000e+00
   566       1   1.89977716e-02   2.41992068e-02
   566       2   2.14176986e-06   1.22319058e-11
   566       3   1.22203066e-16   0.00000000e+00
   567       1   2.02411282e-02   2.52432839e-02
   567       2   2.22366140e-06   1.27011005e-11
   567       3   1.24676317e-16   0.00000000e+00
   568       1   2.15342503e-02   2.63425039e-02
   568       2   2.31000739e-06   1.32926431e-11
   568       3   2.54721668e-16   0.00000000e+00
   569       1   2.28828419e-02   2.75022771e-02
   569       2   2.40125773e-06   1.38423093e-11
   569       3   2.60549798e-16   0.00000000e+00
   570       1   2.42933092e-02   2.87287323e-02
   570       2   2.49792109e-06   1.45080765e-11
   570       3   1.33439374e-16   0.00000000e+00
   571       1   2.57728864e-02   3.00288404e-02
   571       2   2.60057512e-06   1.51706638e-11
   571       3   2.73756271e-16   0.00000000e+00
   572       1   2.73297870e-02   3.14105655e-02
   572       2   2.70987885e-06   1.59647329e-11
   572       3   2.81237210e-16   0.00000000e+00
   573       1   2.89733889e-02   3.28830482e-02
   573       2   2.82658784e-06   1.65970549e-11
   573       3   1.44692394e-16   0.00000000e+00
   574       1   3.07144613e-02   3.44568322e-02
   574       2   2.95157282e-06   1.73888995e-11
   574       3   1.49136102e-16   0.00000000e+00
   575       1   3.25654469e-02   3.61441451e-02
   575       2   3.08584278e-06   1.82365934e-11
   575       3   1.53992311e-16   0.00000000e+00
   576       1   3.45408127e-02   3.79592491e-02
   576       2   3.23057384e-06   1.91901209e-11
   576       3   4.77932447e-16   0.00000000e+00
   577       1   3.66574939e-02   3.99188835e-02
   577       2   3.38714565e-06   2.02160658e-11
   577       3   1.65150192e-16   0.00000000e+00
   578       1   3.89354573e-02   4.20428274e-02
   578       2   3.55718771e-06   2.13205271e-11
   578       3   1.71579780e-16   0.00000000e+00
   579       1   4.13984255e-02   4.43546240e-02
   579       2   3.74263890e-06   2.23480189e-11
   579       3   5.36046730e-16   0.00000000e+00
   580       1   4.40748191e-02   4.68825212e-02
   580       2   3.94582489e-06   2.37184002e-11
   580       3   1.86556895e-16   0.00000000e+00
   581       1   4.69989953e-02   4.96607103e-02
   581       2   4.16956001e-06   2.51257456e-11
   581       3   3.90648134e-16   0.00000000e+00
   582       1   5.02128993e-02   5.27309765e-02
   582       2   4.41728296e-06   2.67054883e-11
   582       3   2.05130949e-16   0.00000000e+00
   583       1   5.37682983e-02   5.61449324e-02
   583       2   4.69324059e-06   2.84553326e-11
   583       3   4.32318953e-16   0.00000000e+00
   584       1   5.77298539e-02   5.99670897e-02
   584       2   5.00274045e-06   3.04249525e-11
   584       3   3.42955781e-16   0.00000000e+00
   585       1   6.21794218e-02   6.42791585e-02
   585       2   5.35250438e-06   3.25085094e-11
   585       3   3.64278624e-16   0.00000000e+00
   586       1   6.72221950e-02   6.91861896e-02
   586       2   5.75117372e-06   3.49759039e-11
   586       3   3.88763996e-16   0.00000000e+00
   587       1   7.29956821e-02   7.48255520e-02
   587       2   6.21004760e-06   3.79038039e-11
   587       3   4.17139499e-16   0.00000000e+00
   588       1   7.96831741e-02   8.13803988e-02
   588       2   6.74419035e-06   4.12690367e-11
   588       3   6.00500614e-16   0.00000000e+00
   589       1   8.75345571e-02   8.91004780e-02
   589       2   7.37414308e-06   4.51311777e-11
   589       3   6.53060354e-16   0.00000000e+00
   590       1   9.68996120e-02   9.83354301e-02
   590       2   8.12866206e-06   4.97903941e-11
   590       3   5.37251869e-16   0.00000000e+00
   591       1   1.08283515e-01   1.09590284e-01
   591       2   9.04928274e-06   5.55178789e-11
   591       3   7.93896003e-16   0.00000000e+00
   592       1   1.22443959e-01   1.23622576e-01
   592       2   1.01983068e-05   6.26866872e-11
   592       3   6.68321013e-16   0.00000000e+00
   593       1   1.40571535e-01   1.41622707e-01
   593       2   1.16736352e-05   7.17744186e-11
   593       3   8.89302197e-16   0.00000000e+00
   594       1   1.64650478e-01   1.65574672e-01
   594       2   1.36384343e-05   8.39423367e-11
   594       3   8.87753232e-16   0.00000000e+00
   595       1   1.98252330e-01   1.99049643e-01
   595       2   1.63864009e-05   1.01040640e-10
   595       3   1.24102410e-15   0.00000000e+00
   596       1   2.48520110e-01   2.49189945e-01
   596       2   2.05049256e-05   1.26439193e-10
   596       3   1.54941178e-15   0.00000000e+00
   597       1   3.32120938e-01   3.32660960e-01
   597       2   2.73645810e-05   1.68647920e-10
   597       3   1.91652258e-15   0.00000000e+00
   598       1   4.99057158e-01   4.99458698e-01
   598       2   4.10770692e-05   2.53307657e-10
   598       3   3.09384802e-15   0.00000000e+00
   599       1   9.99354955e-01   9.99561870e-01
   599       2   8.22007670e-05   5.07183337e-10
   599       3   6.40609162e-15   0.00000000e+00
   600       1   1.33791866e+04   1.57210330e+05
   600       2   1.09709795e+01   7.97865581e-05
   600       3   7.95598549e-10   0.00000000e+00
   600       4   0.00000000e+00   0.00000000e+00
   601       1   1.00000750e+00   1.00000636e+00
   601       2   8.22552688e-05   5.07547407e-10
   601       3   5.96438159e-15   0.00000000e+00
   602       1   4.99821893e-01   4.99893625e-01
   602       2   4.11306534e-05   2.53706068e-10
   602       3   2.87288039e-15   0.00000000e+00
   603       1   3.32906585e-01   3.33094083e-01
   603       2   2.74180057e-05   1.69091401e-10
   603       3   1.91653214e-15   0.00000000e+00
   604       1   2.49313237e-01   2.49622396e-01
   604       2   2.05583069e-05   1.26757353e-10
   604       3   1.32807220e-15   0.00000000e+00
   605       1   1.99049095e-01   1.99481740e-01
   605       2   1.64397756e-05   1.01348373e-10
   605       3   1.06373812e-15   0.00000000e+00
   606       1   1.65449407e-01   1.66006529e-01
   606       2   1.36918199e-05   8.43452487e-11
   606       3   8.87755431e-16   0.00000000e+00
   607       1   1.41371965e-01   1.42054371e-01
   607       2   1.17270426e-05   7.22119004e-11
   607       3   8.89304080e-16   0.00000000e+00
   608       1   1.23245566e-01   1.24054064e-01
   608       2   1.02517439e-05   6.30116362e-11
   608       3   8.91096330e-16   0.00000000e+00
   609       1   1.09086137e-01   1.10021601e-01
   609       2   9.10275625e-06   5.58986965e-11
   609       3   5.95422975e-16   0.00000000e+00
   610       1   9.77031743e-02   9.87665711e-02
   610       2   8.18217811e-06   5.01727467e-11
   610       3   5.37252656e-16   0.00000000e+00
   611       1   8.83390328e-02   8.95314355e-02
   611       2   7.42770742e-06   4.55471872e-11
   611       3   4.89795914e-16   0.00000000e+00
   612       1   8.04885668e-02   8.18111626e-02
   612       2   6.79780854e-06   4.16081579e-11
   612       3   6.00501340e-16   0.00000000e+00
   613       1   7.38020145e-02   7.52561101e-02
   613       2   6.26372513e-06   3.82534485e-11
   613       3   2.78093307e-16   0.00000000e+00
   614       1   6.80295029e-02   6.96165287e-02
   614       2   5.80491607e-06   3.54832330e-11
   614       3   3.88764394e-16   0.00000000e+00
   615       1   6.29877503e-02   6.47092647e-02
   615       2   5.40631702e-06   3.29002772e-11
   615       3   3.64278968e-16   0.00000000e+00
   616       1   5.85392550e-02   6.03969484e-02
   616       2   5.05662891e-06   3.07353474e-11
   616       3   3.42956083e-16   0.00000000e+00
   617       1   5.45788293e-02   5.65745286e-02
   617       2   4.74721048e-06   2.88074922e-11
   617       3   6.48478962e-16   0.00000000e+00
   618       1   5.10246220e-02   5.31602948e-02
   618       2   4.47133996e-06   2.70210387e-11
   618       3   2.05131107e-16   0.00000000e+00
   619       1   4.78119753e-02   5.00897350e-02
   619       2   4.22370990e-06   2.55274346e-11
   619       3   1.95324208e-16   0.00000000e+00
   620       1   4.48891252e-02   4.73112362e-02
   620       2   4.00007358e-06   2.40667090e-11
   620       3   3.73114043e-16   0.00000000e+00
   621       1   4.22141296e-02   4.47830130e-02
   621       2   3.79699240e-06   2.27807982e-11
   621       3   1.78682358e-16   0.00000000e+00
   622       1   3.97526343e-02   4.24708739e-02
   622       2   3.61165220e-06   2.15752258e-11
   622       3   3.43159766e-16   0.00000000e+00
   623       1   3.74762215e-02   4.03465706e-02
   623       2   3.44172744e-06   2.05516430e-11
   623       3   3.30300571e-16   0.00000000e+00
   624       1   3.53611712e-02   3.83865599e-02
   624       2   3.28527940e-06   1.95593305e-11
   624       3   1.59310901e-16   0.00000000e+00
   625       1   3.33875197e-02   3.65710623e-02
   625       2   3.14067877e-06   1.85939269e-11
   625       3   4.61977168e-16   0.00000000e+00
   626       1   3.15383347e-02   3.48833383e-02
   626       2   3.00654608e-06   1.77813001e-11
   626       3   4.47408522e-16   0.00000000e+00
   627       1   2.97991520e-02   3.33091254e-02
   627       2   2.88170542e-06   1.69261577e-11
   627       3   2.89384919e-16   0.00000000e+00
   628       1   2.81575322e-02   3.18361959e-02
   628       2   2.76514802e-06   1.62277835e-11
   628       3   1.40618666e-16   0.00000000e+00
   629       1   2.66027094e-02   3.04540057e-02
   629       2   2.65600337e-06   1.54987548e-11
   629       3   1.36878192e-16   0.00000000e+00
   630       1   2.51253090e-02   2.91534139e-02
   630       2   2.55351618e-06   1.48735063e-11
   630       3   2.66878851e-16   0.00000000e+00
   631       1   2.37171213e-02   2.79264564e-02
   631       2   2.45702767e-06   1.42371383e-11
   631       3   1.30274947e-16   0.00000000e+00
   632       1   2.23709159e-02   2.67661616e-02
   632       2   2.36596047e-06   1.36954623e-11
   632       3   2.54721756e-16   0.00000000e+00
   633       1   2.10802905e-02   2.56664008e-02
   633       2   2.27980623e-06   1.31290494e-11
   633       3   1.24676358e-16   0.00000000e+00
   634       1   1.98395457e-02   2.46217632e-02
   634       2   2.19811538e-06   1.24821056e-11
   634       3   3.66609313e-16   0.00000000e+00
   635       1   1.86435810e-02   2.36274539e-02
   635       2   2.12048865e-06   1.20676370e-11
   635       3   1.19925055e-16   0.00000000e+00
   636       1   1.74878079e-02   2.26792083e-02
   636       2   2.04657007e-06   1.15574737e-11
   636       3   1.17828070e-16   0.00000000e+00
   637       1   1.63680769e-02   2.17732201e-02
   637       2   1.97604095e-06   1.11426751e-11
   637       3   1.15899680e-16   0.00000000e+00
   638       1   1.52806148e-02   2.09060812e-02
   638       2   1.90861497e-06   1.06894313e-11
   638       3   1.14128880e-16   0.00000000e+00
   639       1   1.42219727e-02   2.00747302e-02
   639       2   1.84403387e-06   1.02933981e-11
   639       3   1.12505949e-16   0.00000000e+00
   640       1   1.31889796e-02   1.92764097e-02
   640       2   1.78206391e-06   9.79052035e-12
   640       3   1.11022309e-16   0.00000000e+00
   641       1   1.21787039e-02   1.85086283e-02
   641       2   1.72249270e-06   9.44986105e-12
   641       3   4.38681558e-16   0.00000000e+00
   642       1   1.11884188e-02   1.77691296e-02
   642       2   1.66512660e-06   9.08971618e-12
   642       3   2.16887064e-16   0.00000000e+00
   643       1   1.02155723e-02   1.70558645e-02
   643       2   1.60978838e-06   8.73237074e-12
   643       3   2.14671784e-16   0.00000000e+00
   644       1   9.25776053e-03   1.63669674e-02
   644       2   1.55631525e-06   8.37249069e-12
   644       3   0.00000000e+00   0.00000000e+00
   645       1   8.31270421e-03   1.57007362e-02
   645       2   1.50455707e-06   8.05682117e-12
   645       3   0.00000000e+00   0.00000000e+00
   646       1   7.37822693e-03   1.50556140e-02
   646       2   1.45437486e-06   7.74133679e-12
   646       3   0.00000000e+00   0.00000000e+00
   647       1   6.45223566e-03   1.44301739e-02
   647       2   1.40563938e-06   7.41985077e-12
   647       3   2.08010622e-16   0.00000000e+00
   648       1   5.53270254e-03   1.38231052e-02
   648       2   1.35823001e-06   7.11965292e-12
   648       3   2.06860042e-16   0.00000000e+00
   649       1   4.61764789e-03   1.32332017e-02
   649       2   1.31203356e-06   6.77895471e-12
   649       3   0.00000000e+00   0.00000000e+00
   650       1   3.70512400e-03   1.26593508e-02
   650       2   1.26694339e-06   6.48376457e-12
   650       3   2.05142462e-16   0.00000000e+00
   651       1   2.79319945e-03   1.21005246e-02
   651       2   1.22285845e-06   6.17261322e-12
   651       3   2.04569708e-16   0.00000000e+00
   652       1   1.87994373e-03   1.15557716e-02
   652       2   1.17968250e-06   5.94280254e-12
   652       3   0.00000000e+00   0.00000000e+00
   653       1   9.63411824e-04   1.10242092e-02
   653       2   1.13732334e-06   5.55249511e-12
   653       3   2.03988887e-16   0.00000000e+00
   654       1   4.16285756e-05   1.05050176e-02
   654       2   1.09569209e-06   5.36376243e-12
   654       3   0.00000000e+00   0.00000000e+00
   655       1   8.87427468e-04   9.99743370e-03
   655       2   1.05470252e-06   5.10692275e-12
   655       3   0.00000000e+00   0.00000000e+00
   656       1   1.82584103e-03   9.50074597e-03
   656       2   1.01427035e-06   4.83195743e-12
   656       3   0.00000000e+00   0.00000000e+00
   657       1   2.77577819e-03   9.01429008e-03
   657       2   9.74312671e-07   4.63706186e-12
   657       3   2.05102769e-16   0.00000000e+00
   658       1   3.73950589e-03   8.53744452e-03
   658       2   9.34747232e-07   4.46354191e-12
   658       3   2.05869945e-16   0.00000000e+00
   659       1   4.71941331e-03   8.06962696e-03
   659       2   8.95491814e-07   4.20543273e-12
   659       3   0.00000000e+00   0.00000000e+00
   660       1   5.71803551e-03   7.61029088e-03
   660       2   8.56463537e-07   3.96704393e-12
   660       3   0.00000000e+00   0.00000000e+00
   661       1   6.73807983e-03   7.15892253e-03
   661       2   8.17578146e-07   3.73083202e-12
   661       3   0.00000000e+00   0.00000000e+00
   662       1   7.78245579e-03   6.71503821e-03
   662       2   7.78749242e-07   3.45303662e-12
   662       3   2.11056496e-16   0.00000000e+00
   663       1   8.85430901e-03   6.27818173e-03
   663       2   7.39887443e-07   3.26698954e-12
   663       3   0.00000000e+00   0.00000000e+00
   664       1   9.95706026e-03   5.84792221e-03
   664       2   7.00899465e-07   3.08927905e-12
   664       3   0.00000000e+00   0.00000000e+00
   665       1   1.10944505e-02   5.42385199e-03
   665       2   6.61687087e-07   2.82195173e-12
   665       3   0.00000000e+00   0.00000000e+00
   666       1   1.22705936e-02   5.00558479e-03
   666       2   6.22145984e-07   2.58330703e-12
   666       3   0.00000000e+00   0.00000000e+00
   667       1   1.34900375e-02   4.59275396e-03
   667       2   5.82164381e-07   2.38919337e-12
   667       3   1.11534535e-16   0.00000000e+00
   668       1   1.47578373e-02   4.18501092e-03
   668       2   5.41621502e-07   2.15104859e-12
   668       3   0.00000000e+00   0.00000000e+00
   669       1   1.60796414e-02   3.78202377e-03
   669       2   5.00385743e-07   1.98146894e-12
   669       3   0.00000000e+00   0.00000000e+00
   670       1   1.74617945e-02   3.38347592e-03
   670       2   4.58312525e-07   1.74678919e-12
   670       3   0.00000000e+00   0.00000000e+00
   671       1   1.89114619e-02   2.98906491e-03
   671       2   4.15241720e-07   1.65516704e-12
   671       3   1.19221591e-16   0.00000000e+00
   672       1   2.04367797e-02   2.59850127e-03
   672       2   3.70994563e-07   1.40425343e-12
   672       3   0.00000000e+00   0.00000000e+00
   673       1   2.20470385e-02   2.21150752e-03
   673       2   3.25369905e-07   1.16537574e-12
   673       3   0.00000000e+00   0.00000000e+00
   674       1   2.37529086e-02   1.82781718e-03
   674       2   2.78139619e-07   9.38614909e-13
   674       3   0.00000000e+00   0.00000000e+00
   675       1   2.55667195e-02   1.44717390e-03
   675       2   2.29042931e-07   7.88972031e-13
   675       3   0.00000000e+00   0.00000000e+00
   676       1   2.75028086e-02   1.06933065e-03
   676       2   1.77779361e-07   5.49047838e-13
   676       3   0.00000000e+00   0.00000000e+00
   677       1   2.95779609e-02   6.94048929e-04
   677       2   1.23999838e-07   4.60227979e-13
   677       3   0.00000000e+00   0.00000000e+00
   678       1   3.18119684e-02   3.21098069e-04
   678       2   6.72954100e-08   2.36097582e-13
   678       3   0.00000000e+00   0.00000000e+00
   679       1   3.42283485e-02   4.97454473e-05
   679       2   7.18275667e-09   2.00483790e-14
   679       3   0.00000000e+00   0.00000000e+00
   680       1   3.68552786e-02   4.18698608e-04
   680       2   5.69146352e-08   1.65504453e-13
   680       3   0.00000000e+00   0.00000000e+00
   681       1   3.97268249e-02   7.85972463e-04
   681       2   1.25691218e-07   3.35890085e-13
   681       3   0.00000000e+00   0.00000000e+00
   682       1   4.28845809e-02   1.15177268e-03
   682       2   1.99992360e-07   4.73332222e-13
   682       3   1.65693084e-16   0.00000000e+00
   683       1   4.63798839e-02   1.51630009e-03
   683       2   2.80858950e-07   7.07599888e-13
   683       3   0.00000000e+00   0.00000000e+00
   684       1   5.02768629e-02   1.87975114e-03
   684       2   3.69588706e-07   9.03026243e-13
   684       3   0.00000000e+00   0.00000000e+00
   685       1   5.46567041e-02   2.24231842e-03
   685       2   4.67821995e-07   1.02834161e-12
   685       3   0.00000000e+00   0.00000000e+00
   686       1   5.96237467e-02   2.60419110e-03
   686       2   5.77664414e-07   1.24180066e-12
   686       3   2.03497756e-16   0.00000000e+00
   687       1   6.53143892e-02   2.96555533e-03
   687       2   7.01865942e-07   1.46376085e-12
   687       3   0.00000000e+00   0.00000000e+00
   688       1   7.19104509e-02   3.32659472e-03
   688       2   8.44089629e-07   1.65228231e-12
   688       3   0.00000000e+00   0.00000000e+00
   689       1   7.96598198e-02   3.68749070e-03
   689       2   1.00932686e-06   1.82577321e-12
   689       3   1.25444538e-16   0.00000000e+00
   690       1   8.89094903e-02   4.04842290e-03
   690       2   1.20456172e-06   2.10190864e-12
   690       3   0.00000000e+00   0.00000000e+00
   691       1   1.00160624e-01   4.40956957e-03
   691       2   1.43987831e-06   2.15349275e-12
   691       3   0.00000000e+00   0.00000000e+00
   692       1   1.14164910e-01   4.77110792e-03
   692       2   1.73039846e-06   2.39201908e-12
   692       3   1.67435373e-16   0.00000000e+00
   693       1   1.32103513e-01   5.13321449e-03
   693       2   2.09988038e-06   2.54420115e-12
   693       3   1.89553776e-16   0.00000000e+00
   694       1   1.55944974e-01   5.49606552e-03
   694       2   2.58791591e-06   2.72237725e-12
   694       3   2.19113167e-16   0.00000000e+00
   695       1   1.89232597e-01   5.85983727e-03
   695       2   3.26576442e-06   2.90712486e-12
   695       3   2.60575670e-16   0.00000000e+00
   696       1   2.39052908e-01   6.22470639e-03
   696       2   4.27593756e-06   3.16678926e-12
   696       3   4.84298492e-16   0.00000000e+00
   697       1   3.21941049e-01   6.59085028e-03
   697       2   5.95095306e-06   3.31669132e-12
   697       3   4.26806831e-16   0.00000000e+00
   698       1   4.87502465e-01   6.95844741e-03
   698       2   9.28834848e-06   3.51610131e-12
   698       3   7.93587895e-16   0.00000000e+00
   699       1   9.83766201e-01   7.32767772e-03
   699       2   1.92757511e-05   3.67259051e-12
   699       3   1.41683625e-15   0.00000000e+00
   700       1   9.20071249e+04   7.69872288e-03
   700       2   2.17612628e+00   3.88393754e-12
   700       3   1.53317014e-10   0.00000000e+00
   700       4   0.00000000e+00   0.00000000e+00
   701       1   1.00000910e+00   8.07176677e-03
   701       2   2.06022601e-05   4.03146279e-12
   701       3   1.54975465e-15   0.00000000e+00
   702       1   5.03767224e-01   8.44699574e-03
   702       2   1.06150614e-05   4.25194515e-12
   702       3   7.69047218e-16   0.00000000e+00
   703       1   3.38218481e-01   8.82459903e-03
   703       2   7.27841309e-06   4.46369274e-12
   703       3   4.07155952e-16   0.00000000e+00
   704       1   2.55344980e-01   9.20476917e-03
   704       2   5.60449821e-06   4.57335679e-12
   704       3   4.54788634e-16   0.00000000e+00
   705       1   2.05542664e-01   9.58770233e-03
   705       2   4.59575717e-06   4.84623572e-12
   705       3   2.40874552e-16   0.00000000e+00
   706       1   1.72276753e-01   9.97359873e-03
   706       2   3.91966821e-06   5.05993730e-12
   706       3   1.99378247e-16   0.00000000e+00
   707       1   1.48460862e-01   1.03626631e-02
   707       2   3.43371991e-06   5.23475257e-12
   707       3   3.39557928e-16   0.00000000e+00
   708       1   1.30551769e-01   1.07551050e-02
   708       2   3.06665469e-06   5.46094597e-12
   708       3   1.47614472e-16   0.00000000e+00
   709       1   1.16580992e-01   1.11511396e-02
   709       2   2.77888333e-06   5.62073938e-12
   709       3   2.60811586e-16   0.00000000e+00
   710       1   1.05367421e-01   1.15509876e-02
   710       2   2.54665089e-06   5.79401229e-12
   710       3   1.16665568e-16   0.00000000e+00
   711       1   9.61594215e-02   1.19548762e-02
   711       2   2.35483932e-06   6.11689436e-12
   711       3   2.10894646e-16   0.00000000e+00
   712       1   8.84558888e-02   1.23630396e-02
   712       2   2.19336883e-06   6.24642125e-12
   712       3   1.92240194e-16   0.00000000e+00
   713       1   8.19098903e-02   1.27757191e-02
   713       2   2.05526012e-06   6.48353535e-12
   713       3   0.00000000e+00   0.00000000e+00
   714       1   7.62736042e-02   1.31931642e-02
   714       2   1.93552709e-06   6.68079016e-12
   714       3   1.63032652e-16   0.00000000e+00
   715       1   7.13652833e-02   1.36156330e-02
   715       2   1.83051249e-06   6.87060568e-12
   715       3   1.51398057e-16   0.00000000e+00
   716       1   6.70486068e-02   1.40433928e-02
   716       2   1.73747268e-06   7.06153535e-12
   716       3   1.41247274e-16   0.00000000e+00
   717       1   6.32193201e-02   1.44767210e-02
   717       2   1.65430893e-06   7.30093319e-12
   717       3   0.00000000e+00   0.00000000e+00
   718       1   5.97963277e-02   1.49159053e-02
   718       2   1.57938832e-06   7.54808643e-12
   718       3   1.24406006e-16   0.00000000e+00
   719       1   5.67155988e-02   1.53612454e-02
   719       2   1.51142116e-06   7.78486029e-12
   719       3   1.17350422e-16   0.00000000e+00
   720       1   5.39259017e-02   1.58130529e-02
   720       2   1.44937522e-06   7.98025409e-12
   720       3   1.11022356e-16   0.00000000e+00
   721       1   5.13857561e-02   1.62716527e-02
   721       2   1.39241443e-06   8.19305991e-12
   721       3   0.00000000e+00   0.00000000e+00
   722       1   4.90612174e-02   1.67373839e-02
   722       2   1.33985431e-06   8.47896935e-12
   722       3   4.00602650e-16   0.00000000e+00
   723       1   4.69242384e-02   1.72106008e-02
   723       2   1.29112906e-06   8.72238110e-12
   723       3   0.00000000e+00   0.00000000e+00
   724       1   4.49514411e-02   1.76916738e-02
   724       2   1.24576680e-06   8.96655562e-12
   724       3   0.00000000e+00   0.00000000e+00
   725       1   4.31231826e-02   1.81809910e-02
   725       2   1.20337085e-06   9.22669504e-12
   725       3   1.74459393e-16   0.00000000e+00
   726       1   4.14228372e-02   1.86789592e-02
   726       2   1.16360522e-06   9.45743018e-12
   726       3   0.00000000e+00   0.00000000e+00
   727       1   3.98362377e-02   1.91860053e-02
   727       2   1.12618344e-06   9.69434862e-12
   727       3   1.60571233e-16   0.00000000e+00
   728       1   3.83512365e-02   1.97025777e-02
   728       2   1.09085966e-06   9.96011814e-12
   728       3   0.00000000e+00   0.00000000e+00
   729       1   3.69573572e-02   2.02291483e-02
   729       2   1.05742173e-06   1.02660329e-11
   729       3   0.00000000e+00   0.00000000e+00
   730       1   3.56455165e-02   2.07662138e-02
   730       2   1.02568552e-06   1.05081943e-11
   730       3   0.00000000e+00   0.00000000e+00
   731       1   3.44077993e-02   2.13142978e-02
   731       2   9.95490453e-07   1.08165622e-11
   731       3   0.00000000e+00   0.00000000e+00
   732       1   3.32372763e-02   2.18739532e-02
   732       2   9.66695806e-07   1.10960960e-11
   732       3   1.33869708e-16   0.00000000e+00
   733       1   3.21278548e-02   2.24457635e-02
   733       2   9.39177721e-07   1.13751842e-11
   733       3   0.00000000e+00   0.00000000e+00
   734       1   3.10741556e-02   2.30303465e-02
   734       2   9.12826723e-07   1.16135984e-11
   734       3   0.00000000e+00   0.00000000e+00
   735       1   3.00714109e-02   2.36283560e-02
   735       2   8.87545671e-07   1.20031300e-11
   735       3   1.21767615e-16   0.00000000e+00
   736       1   2.91153798e-02   2.42404850e-02
   736       2   8.63248049e-07   1.22975035e-11
   736       3   0.00000000e+00   0.00000000e+00
   737       1   2.82022770e-02   2.48674694e-02
   737       2   8.39856534e-07   1.26265290e-11
   737       3   1.14888362e-16   0.00000000e+00
   738       1   2.73287127e-02   2.55100905e-02
   738       2   8.17301790e-07   1.29605379e-11
   738       3   0.00000000e+00   0.00000000e+00
   739       1   2.64916420e-02   2.61691800e-02
   739       2   7.95521447e-07   1.32748299e-11
   739       3   0.00000000e+00   0.00000000e+00
   740       1   2.56883219e-02   2.68456234e-02
   740       2   7.74459234e-07   1.36243997e-11
   740       3   0.00000000e+00   0.00000000e+00
   741       1   2.49162745e-02   2.75403651e-02
   741       2   7.54064234e-07   1.40207416e-11
   741       3   0.00000000e+00   0.00000000e+00
   742       1   2.41732550e-02   2.82544135e-02
   742       2   7.34290254e-07   1.42685383e-11
   742       3   0.00000000e+00   0.00000000e+00
   743       1   2.34572254e-02   2.89888463e-02
   743       2   7.15095275e-07   1.46749368e-11
   743       3   0.00000000e+00   0.00000000e+00
   744       1   2.27663303e-02   2.97448178e-02
   744       2   6.96440979e-07   1.51305604e-11
   744       3   0.00000000e+00   0.00000000e+00
   745       1   2.20988769e-02   3.05235647e-02
   745       2   6.78292342e-07   1.55985020e-11
   745       3   1.88239853e-16   0.00000000e+00
   746       1   2.14533174e-02   3.13264150e-02
   746       2   6.60617274e-07   1.59369865e-11
   746       3   0.00000000e+00   0.00000000e+00
   747       1   2.08282333e-02   3.21547959e-02
   747       2   6.43386313e-07   1.63234041e-11
   747       3   1.80365127e-16   0.00000000e+00
   748       1   2.02223221e-02   3.30102438e-02
   748       2   6.26572347e-07   1.67995437e-11
   748       3   0.00000000e+00   0.00000000e+00
   749       1   1.96343854e-02   3.38944155e-02
   749       2   6.10150380e-07   1.72331588e-11
   749       3   0.00000000e+00   0.00000000e+00
   750       1   1.90633187e-02   3.48090996e-02
   750       2   5.94097317e-07   1.77460492e-11
   750       3   0.00000000e+00   0.00000000e+00
   751       1   1.85081016e-02   3.57562309e-02
   751       2   5.78391783e-07   1.82445954e-11
   751       3   0.00000000e+00   0.00000000e+00
   752       1   1.79677905e-02   3.67379053e-02
   752       2   5.63013955e-07   1.86646216e-11
   752       3   0.00000000e+00   0.00000000e+00
   753       1   1.74415104e-02   3.77563976e-02
   753       2   5.47945417e-07   1.91982229e-11
   753       3   0.00000000e+00   0.00000000e+00
   754       1   1.69284494e-02   3.88141808e-02
   754       2   5.33169030e-07   1.97621938e-11
   754       3   0.00000000e+00   0.00000000e+00
   755       1   1.64278524e-02   3.99139484e-02
   755       2   5.18668816e-07   2.03287242e-11
   755       3   0.00000000e+00   0.00000000e+00
   756       1   1.59390162e-02   4.10586402e-02
   756       2   5.04429857e-07   2.08967899e-11
   756       3   1.53142450e-16   0.00000000e+00
   757       1   1.54612848e-02   4.22514708e-02
   757       2   4.90438198e-07   2.15289050e-11
   757       3   1.50774745e-16   0.00000000e+00
   758       1   1.49940454e-02   4.34959631e-02
   758       2   4.76680768e-07   2.21724351e-11
   758       3   0.00000000e+00   0.00000000e+00
   759       1   1.45367247e-02   4.47959860e-02
   759       2   4.63145302e-07   2.28073683e-11
   759       3   0.00000000e+00   0.00000000e+00
   760       1   1.40887856e-02   4.61557985e-02
   760       2   4.49820275e-07   2.35710988e-11
   760       3   0.00000000e+00   0.00000000e+00
   761       1   1.36497238e-02   4.75801004e-02
   761       2   4.36694840e-07   2.42821697e-11
   761       3   1.42323847e-16   0.00000000e+00
   762       1   1.32190660e-02   4.90740906e-02
   762       2   4.23758778e-07   2.51045050e-11
   762       3   0.00000000e+00   0.00000000e+00
   763       1   1.27963663e-02   5.06435359e-02
   763       2   4.11002438e-07   2.59063782e-11
   763       3   0.00000000e+00   0.00000000e+00
   764       1   1.23812050e-02   5.22948510e-02
   764       2   3.98416702e-07   2.66861370e-11
   764       3   0.00000000e+00   0.00000000e+00
   765       1   1.19731858e-02   5.40351917e-02
   765       2   3.85992938e-07   2.76016950e-11
   765       3   0.00000000e+00   0.00000000e+00
   766       1   1.15719343e-02   5.58725661e-02
   766       2   3.73722964e-07   2.85733560e-11
   766       3   0.00000000e+00   0.00000000e+00
   767       1   1.11770965e-02   5.78159655e-02
   767       2   3.61599013e-07   2.95829432e-11
   767       3   1.32229347e-16   0.00000000e+00
   768       1   1.07883368e-02   5.98755196e-02
   768       2   3.49613702e-07   3.06028207e-11
   768       3   0.00000000e+00   0.00000000e+00
   769       1   1.04053370e-02   6.20626841e-02
   769       2   3.37760005e-07   3.17287901e-11
   769       3   0.00000000e+00   0.00000000e+00
   770       1   1.00277947e-02   6.43904640e-02
   770       2   3.26031223e-07   3.29858914e-11
   770       3   0.00000000e+00   0.00000000e+00
   771       1   9.65542248e-03   6.68736857e-02
   771       2   3.14420964e-07   3.41607826e-11
   771       3   0.00000000e+00   0.00000000e+00
   772       1   9.28794633e-03   6.95293276e-02
   772       2   3.02923116e-07   3.56236320e-11
   772       3   1.25727972e-16   0.00000000e+00
   773       1   8.92510507e-03   7.23769251e-02
   773       2   2.91531833e-07   3.71039115e-11
   773       3   0.00000000e+00   0.00000000e+00
   774       1   8.56664925e-03   7.54390715e-02
   774       2   2.80241507e-07   3.87836279e-11
   774       3   0.00000000e+00   0.00000000e+00
   775       1   8.21234027e-03   7.87420405e-02
   775       2   2.69046760e-07   4.04584484e-11
   775       3   1.22523946e-16   0.00000000e+00
   776       1   7.86194966e-03   8.23165678e-02
   776       2   2.57942421e-07   4.22811572e-11
   776       3   0.00000000e+00   0.00000000e+00
   777       1   7.51525830e-03   8.61988404e-02
   777       2   2.46923513e-07   4.42710457e-11
   777       3   0.00000000e+00   0.00000000e+00
   778       1   7.17205575e-03   9.04317609e-02
   778       2   2.35985239e-07   4.65333658e-11
   778       3   0.00000000e+00   0.00000000e+00
   779       1   6.83213962e-03   9.50665813e-02
   779       2   2.25122971e-07   4.88995907e-11
   779       3   0.00000000e+00   0.00000000e+00
   780       1   6.49531498e-03   1.00165037e-01
   780       2   2.14332233e-07   5.16463756e-11
   780       3   0.00000000e+00   0.00000000e+00
   781       1   6.16139380e-03   1.05802171e-01
   781       2   2.03608695e-07   5.44632562e-11
   781       3   0.00000000e+00   0.00000000e+00
   782       1   5.83019444e-03   1.12070123e-01
   782       2   1.92948157e-07   5.77831223e-11
   782       3   0.00000000e+00   0.00000000e+00
   783       1   5.50154116e-03   1.19083287e-01
   783       2   1.82346543e-07   6.15258660e-11
   783       3   0.00000000e+00   0.00000000e+00
   784       1   5.17526368e-03   1.26985460e-01
   784       2   1.71799891e-07   6.57448803e-11
   784       3   0.00000000e+00   0.00000000e+00
   785       1   4.85119671e-03   1.35959930e-01
   785       2   1.61304340e-07   7.04351558e-11
   785       3   0.00000000e+00   0.00000000e+00
   786       1   4.52917961e-03   1.46244016e-01
   786       2   1.50856128e-07   7.58403813e-11
   786       3   0.00000000e+00   0.00000000e+00
   787       1   4.20905595e-03   1.58150543e-01
   787       2   1.40451578e-07   8.22731271e-11
   787       3   0.00000000e+00   0.00000000e+00
   788       1   3.89067316e-03   1.72100420e-01
   788       2   1.30087097e-07   8.96141432e-11
   788       3   0.00000000e+00   0.00000000e+00
   789       1   3.57388222e-03   1.88673668e-01
   789       2   1.19759159e-07   9.83723101e-11
   789       3   0.00000000e+00   0.00000000e+00
   790       1   3.25853728e-03   2.08692300e-01
   790       2   1.09464309e-07   1.09172545e-10
   790       3   0.00000000e+00   0.00000000e+00
   791       1   2.94449536e-03   2.33360932e-01
   791       2   9.91991483e-08   1.22471946e-10
   791       3   0.00000000e+00   0.00000000e+00
   792       1   2.63161608e-03   2.64518044e-01
   792       2   8.89603324e-08   1.39456023e-10
   792       3   0.00000000e+00   0.00000000e+00
   793       1   2.31976133e-03   3.05114510e-01
   793       2   7.87445631e-08   1.61642567e-10
   793       3   0.00000000e+00   0.00000000e+00
   794       1   2.00879499e-03   3.60200711e-01
   794       2   6.85485825e-08   1.92135002e-10
   794       3   0.00000000e+00   0.00000000e+00
   795       1   1.69858269e-03   4.39184761e-01
   795       2   5.83691678e-08   2.36273297e-10
   795       3   0.00000000e+00   0.00000000e+00
   796       1   1.38899150e-03   5.61775662e-01
   796       2   4.82031256e-08   3.06096319e-10
   796       3   0.00000000e+00   0.00000000e+00
   797       1   1.07988972e-03   7.77135389e-01
   797       2   3.80472859e-08   4.31690067e-10
   797       3   0.00000000e+00   0.00000000e+00
   798       1   7.71146574e-04   1.24941495e+00
   798       2   2.78984976e-08   7.18197377e-10
   798       3   0.00000000e+00   0.00000000e+00
   799       1   4.62632001e-04   2.99934772e+00
   799       2   1.77536216e-08   1.85879340e-09
   799       3   0.00000000e+00   0.00000000e+00
   800       1   1.54216385e-04   2.01024913e+06
   800       2   7.60952723e-09   1.69468699e-03
   800       3   0.00000000e+00   0.00000000e+00