  TimeWindow  Iteration  ResRel(Mass-Left-Mesh:Displacement-Left)  ResRel(Mass-Left-Mesh:Displacement-Right)
     1       1   1.00000000e+00   1.00000000e+00
     1       2   2.53700836e-09   1.70461184e-10
     1       3   0.00000000e+00   0.00000000e+00
     2       1   4.62838350e-04   7.49961442e-01
     2       2   1.26889291e-08   2.96200349e-10
     2       3   0.00000000e+00   0.00000000e+00
     3       1   7.71733933e-04   5.55441299e-01
     3       2   2.28494686e-08   2.44307338e-10
     3       3   0.00000000e+00   0.00000000e+00
     4       1   1.08104939e-03   4.37297524e-01
     4       2   3.30217796e-08   2.00703888e-10
     4       3   0.00000000e+00   0.00000000e+00
     5       1   1.39091576e-03   3.59703758e-01
     5       2   4.32090343e-08   1.69254092e-10
     5       3   0.00000000e+00   0.00000000e+00
     6       1   1.70146509e-03   3.05162606e-01
     6       2   5.34144285e-08   1.45966967e-10
     6       3   0.00000000e+00   0.00000000e+00
     7       1   2.01283071e-03   2.64814704e-01
     7       2   6.36411885e-08   1.27420292e-10
     7       3   0.00000000e+00   0.00000000e+00
     8       1   2.32514752e-03   2.33783960e-01
     8       2   7.38925751e-08   1.13463718e-10
     8       3   0.00000000e+00   0.00000000e+00
     9       1   2.63855220e-03   2.09185074e-01
     9       2   8.41718909e-08   1.01594698e-10
     9       3   0.00000000e+00   0.00000000e+00
    10       1   2.95318352e-03   1.89207499e-01
    10       2   9.44824855e-08   9.30083608e-11
    10       3   0.00000000e+00   0.00000000e+00
    11       1   3.26918262e-03   1.72659715e-01
    11       2   1.04827761e-07   8.49102747e-11
    11       3   0.00000000e+00   0.00000000e+00
    12       1   3.58669331e-03   1.58726329e-01
    12       2   1.15211180e-07   7.82329116e-11
    12       3   0.00000000e+00   0.00000000e+00
    13       1   3.90586235e-03   1.46830882e-01
    13       2   1.25636269e-07   7.26459323e-11
    13       3   0.00000000e+00   0.00000000e+00
    14       1   4.22683980e-03   1.36554480e-01
    14       2   1.36106632e-07   6.69369181e-11
    14       3   0.00000000e+00   0.00000000e+00
    15       1   4.54977932e-03   1.27585490e-01
    15       2   1.46625948e-07   6.33280626e-11
    15       3   1.14973970e-16   0.00000000e+00
    16       1   4.87483856e-03   1.19687327e-01
    16       2   1.57197988e-07   5.93850080e-11
    16       3   0.00000000e+00   0.00000000e+00
    17       1   5.20217949e-03   1.12677167e-01
    17       2   1.67826615e-07   5.61017722e-11
    17       3   0.00000000e+00   0.00000000e+00
    18       1   5.53196880e-03   1.06411515e-01
    18       2   1.78515799e-07   5.31628610e-11
    18       3   0.00000000e+00   0.00000000e+00
    19       1   5.86437831e-03   1.00776179e-01
    19       2   1.89269620e-07   5.03332094e-11
    19       3   0.00000000e+00   0.00000000e+00
    20       1   6.19958543e-03   9.56791578e-02
    20       2   2.00092284e-07   4.81204832e-11
    20       3   0.00000000e+00   0.00000000e+00
    21       1   6.53777357e-03   9.10455053e-02
    21       2   2.10988125e-07   4.55344948e-11
    21       3   0.00000000e+00   0.00000000e+00
    22       1   6.87913266e-03   8.68135543e-02
    22       2   2.21961622e-07   4.35889632e-11
    22       3   1.19781903e-16   0.00000000e+00
    23       1   7.22385969e-03   8.29321022e-02
    23       2   2.33017408e-07   4.19022271e-11
    23       3   0.00000000e+00   0.00000000e+00
    24       1   7.57215922e-03   7.93582827e-02
    24       2   2.44160280e-07   4.00359439e-11
    24       3   0.00000000e+00   0.00000000e+00
    25       1   7.92424404e-03   7.60559358e-02
    25       2   2.55395216e-07   3.80902979e-11
    25       3   0.00000000e+00   0.00000000e+00
    26       1   8.28033577e-03   7.29943460e-02
    26       2   2.66727384e-07   3.66310733e-11
    26       3   0.00000000e+00   0.00000000e+00
    27       1   8.64066557e-03   7.01472548e-02
    27       2   2.78162162e-07   3.56934375e-11
    27       3   1.24605863e-16   0.00000000e+00
    28       1   9.00547486e-03   6.74920811e-02
    28       2   2.89705150e-07   3.40276029e-11
    28       3   0.00000000e+00   0.00000000e+00
    29       1   9.37501618e-03   6.50092984e-02
    29       2   3.01362187e-07   3.28485853e-11
    29       3   0.00000000e+00   0.00000000e+00
    30       1   9.74955398e-03   6.26819357e-02
    30       2   3.13139374e-07   3.13773836e-11
    30       3   0.00000000e+00   0.00000000e+00
    31       1   1.01293656e-02   6.04951725e-02
    31       2   3.25043088e-07   3.04804897e-11
    31       3   0.00000000e+00   0.00000000e+00
    32       1   1.05147424e-02   5.84360081e-02
    32       2   3.37080009e-07   2.92447951e-11
    32       3   1.30802846e-16   0.00000000e+00
    33       1   1.09059905e-02   5.64929908e-02
    33       2   3.49257139e-07   2.82653519e-11
    33       3   0.00000000e+00   0.00000000e+00
    34       1   1.13034325e-02   5.46559937e-02
    34       2   3.61581831e-07   2.69826997e-11
    34       3   0.00000000e+00   0.00000000e+00
    35       1   1.17074085e-02   5.29160282e-02
    35       2   3.74061816e-07   2.62975635e-11
    35       3   0.00000000e+00   0.00000000e+00
    36       1   1.21182773e-02   5.12650883e-02
    36       2   3.86705233e-07   2.57483430e-11
    36       3   0.00000000e+00   0.00000000e+00
    37       1   1.25364184e-02   4.96960197e-02
    37       2   3.99520661e-07   2.51632222e-11
    37       3   0.00000000e+00   0.00000000e+00
    38       1   1.29622336e-02   4.82024095e-02
    38       2   4.12517158e-07   2.52568328e-11
    38       3   0.00000000e+00   0.00000000e+00
    39       1   1.33961487e-02   4.67784919e-02
    39       2   4.25704299e-07   2.40588680e-11
    39       3   1.42323830e-16   0.00000000e+00
    40       1   1.38386156e-02   4.54190692e-02
    40       2   4.39092219e-07   2.24644644e-11
    40       3   0.00000000e+00   0.00000000e+00
    41       1   1.42901148e-02   4.41194426e-02
    41       2   4.52691662e-07   2.23628942e-11
    41       3   1.46355233e-16   0.00000000e+00
    42       1   1.47511576e-02   4.28753538e-02
    42       2   4.66514035e-07   2.21372123e-11
    42       3   0.00000000e+00   0.00000000e+00
    43       1   1.52222889e-02   4.16829348e-02
    43       2   4.80571465e-07   2.12677912e-11
    43       3   0.00000000e+00   0.00000000e+00
    44       1   1.57040904e-02   4.05386633e-02
    44       2   4.94876863e-07   2.06183667e-11
    44       3   0.00000000e+00   0.00000000e+00
    45       1   1.61971841e-02   3.94393253e-02
    45       2   5.09443996e-07   1.96038028e-11
    45       3   0.00000000e+00   0.00000000e+00
    46       1   1.67022355e-02   3.83819818e-02
    46       2   5.24287566e-07   1.92253909e-11
    46       3   0.00000000e+00   0.00000000e+00
    47       1   1.72199583e-02   3.73639395e-02
    47       2   5.39423301e-07   1.86731330e-11
    47       3   0.00000000e+00   0.00000000e+00
    48       1   1.77511190e-02   3.63827260e-02
    48       2   5.54868048e-07   1.84137242e-11
    48       3   0.00000000e+00   0.00000000e+00
    49       1   1.82965417e-02   3.54360672e-02
    49       2   5.70639887e-07   1.79231221e-11
    49       3   0.00000000e+00   0.00000000e+00
    50       1   1.88571145e-02   3.45218674e-02
    50       2   5.86758251e-07   1.76607149e-11
    50       3   0.00000000e+00   0.00000000e+00
    51       1   1.94337954e-02   3.36381925e-02
    51       2   6.03244066e-07   1.68569005e-11
    51       3   3.46496333e-16   0.00000000e+00
    52       1   2.00276202e-02   3.27832541e-02
    52       2   6.20119905e-07   1.67648428e-11
    52       3   0.00000000e+00   0.00000000e+00
    53       1   2.06397104e-02   3.19553960e-02
    53       2   6.37410160e-07   1.66367275e-11
    53       3   0.00000000e+00   0.00000000e+00
    54       1   2.12712827e-02   3.11530822e-02
    54       2   6.55141242e-07   1.57344984e-11
    54       3   0.00000000e+00   0.00000000e+00
    55       1   2.19236596e-02   3.03748858e-02
    55       2   6.73341804e-07   1.49247374e-11
    55       3   0.00000000e+00   0.00000000e+00
    56       1   2.25982814e-02   2.96194795e-02
    56       2   6.92042993e-07   1.51985847e-11
    56       3   0.00000000e+00   0.00000000e+00
    57       1   2.32967198e-02   2.88856268e-02
    57       2   7.11278739e-07   1.49176383e-11
    57       3   0.00000000e+00   0.00000000e+00
    58       1   2.40206938e-02   2.81721740e-02
    58       2   7.31086085e-07   1.46543504e-11
    58       3   0.00000000e+00   0.00000000e+00
    59       1   2.47720876e-02   2.74780437e-02
    59       2   7.51505566e-07   1.40965317e-11
    59       3   0.00000000e+00   0.00000000e+00
    60       1   2.55529709e-02   2.68022281e-02
    60       2   7.72581640e-07   1.35352308e-11
    60       3   0.00000000e+00   0.00000000e+00
    61       1   2.63656233e-02   2.61437832e-02
    61       2   7.94363194e-07   1.34729469e-11
    61       3   0.00000000e+00   0.00000000e+00
    62       1   2.72125614e-02   2.55018240e-02
    62       2   8.16904120e-07   1.29139245e-11
    62       3   1.11748675e-16   0.00000000e+00
    63       1   2.80965710e-02   2.48755194e-02
    63       2   8.40263992e-07   1.26075097e-11
    63       3   0.00000000e+00   0.00000000e+00
    64       1   2.90207446e-02   2.42640884e-02
    64       2   8.64508847e-07   1.20135072e-11
    64       3   1.18222376e-16   0.00000000e+00
    65       1   2.99885250e-02   2.36667958e-02
    65       2   8.89712112e-07   1.22728146e-11
    65       3   1.21767583e-16   0.00000000e+00
    66       1   3.10037570e-02   2.30829491e-02
    66       2   9.15955681e-07   1.15023080e-11
    66       3   1.25542720e-16   0.00000000e+00
    67       1   3.20707480e-02   2.25118949e-02
    67       2   9.43331200e-07   1.13516474e-11
    67       3   0.00000000e+00   0.00000000e+00
    68       1   3.31943406e-02   2.19530163e-02
    68       2   9.71941580e-07   1.16639320e-11
    68       3   1.33869669e-16   0.00000000e+00
    69       1   3.43799985e-02   2.14057301e-02
    69       2   1.00190281e-06   1.07756461e-11
    69       3   0.00000000e+00   0.00000000e+00
    70       1   3.56339104e-02   2.08694842e-02
    70       2   1.03334615e-06   1.05619723e-11
    70       3   0.00000000e+00   0.00000000e+00
    71       1   3.69631147e-02   2.03437556e-02
    71       2   1.06642071e-06   1.01357889e-11
    71       3   1.48706697e-16   0.00000000e+00
    72       1   3.83756512e-02   1.98280483e-02
    72       2   1.10129670e-06   1.06456070e-11
    72       3   1.54413244e-16   0.00000000e+00
    73       1   3.98807463e-02   1.93218911e-02
    73       2   1.13816926e-06   9.74319343e-12
    73       3   1.60571176e-16   0.00000000e+00
    74       1   4.14890418e-02   1.88248362e-02
    74       2   1.17726332e-06   9.53036403e-12
    74       3   0.00000000e+00   0.00000000e+00
    75       1   4.32128770e-02   1.83364576e-02
    75       2   1.21883946e-06   9.05560323e-12
    75       3   1.74459327e-16   0.00000000e+00
    76       1   4.50666429e-02   1.78563491e-02
    76       2   1.26320142e-06   9.25589651e-12
    76       3   1.82321393e-16   0.00000000e+00
    77       1   4.70672278e-02   1.73841237e-02
    77       2   1.31070542e-06   8.93342274e-12
    77       3   0.00000000e+00   0.00000000e+00
    78       1   4.92345851e-02   1.69194116e-02
    78       2   1.36177208e-06   8.02319342e-12
    78       3   2.00301238e-16   0.00000000e+00
    79       1   5.15924623e-02   1.64618594e-02
    79       2   1.41690174e-06   8.65667434e-12
    79       3   0.00000000e+00   0.00000000e+00
    80       1   5.41693503e-02   1.60111291e-02
    80       2   1.47669440e-06   8.26544853e-12
    80       3   1.11022303e-16   0.00000000e+00
    81       1   5.69997307e-02   1.55668966e-02
    81       2   1.54187592e-06   7.49433166e-12
    81       3   1.17350363e-16   0.00000000e+00
    82       1   6.01257400e-02   1.51288512e-02
    82       2   1.61333293e-06   7.79185966e-12
    82       3   1.24405940e-16   0.00000000e+00
    83       1   6.35994211e-02   1.46966946e-02
    83       2   1.69216015e-06   7.42083911e-12
    83       3   2.64635723e-16   0.00000000e+00
    84       1   6.74858181e-02   1.42701398e-02
    84       2   1.77972538e-06   7.24499872e-12
    84       3   1.41247189e-16   0.00000000e+00
    85       1   7.18673107e-02   1.38489107e-02
    85       2   1.87776047e-06   7.06628233e-12
    85       3   1.51397961e-16   0.00000000e+00
    86       1   7.68498045e-02   1.34327413e-02
    86       2   1.98849134e-06   6.88220795e-12
    86       3   1.63032540e-16   0.00000000e+00
    87       1   8.25717792e-02   1.30213745e-02
    87       2   2.11482799e-06   6.65557303e-12
    87       3   1.76494054e-16   0.00000000e+00
    88       1   8.92178610e-02   1.26145624e-02
    88       2   2.26064946e-06   6.67853630e-12
    88       3   3.84480082e-16   0.00000000e+00
    89       1   9.70397977e-02   1.22120647e-02
    89       2   2.43124428e-06   6.62973040e-12
    89       3   2.10894463e-16   0.00000000e+00
    90       1   1.06390019e-01   1.18136489e-02
    90       2   2.63401520e-06   5.85787913e-12
    90       3   1.16665457e-16   0.00000000e+00
    91       1   1.17777570e-01   1.14190892e-02
    91       2   2.87965362e-06   5.52783078e-12
    91       3   2.60811311e-16   0.00000000e+00
    92       1   1.31965996e-01   1.10281663e-02
    92       2   3.18419501e-06   5.23555035e-12
    92       3   2.95228596e-16   0.00000000e+00
    93       1   1.50155129e-01   1.06406668e-02
    93       2   3.57283599e-06   5.35077199e-12
    93       3   3.39557471e-16   0.00000000e+00
    94       1   1.74344655e-01   1.02563829e-02
    94       2   4.08756852e-06   5.09672273e-12
    94       3   1.99377935e-16   0.00000000e+00
    95       1   2.08133977e-01   9.87511151e-03
    95       2   4.80397512e-06   4.83540792e-12
    95       3   2.40874101e-16   0.00000000e+00
    96       1   2.58721866e-01   9.49665437e-03
    96       2   5.87321687e-06   5.19493582e-12
    96       3   6.06383434e-16   0.00000000e+00
    97       1   3.42905445e-01   9.12081727e-03
    97       2   7.64799752e-06   5.16204574e-12
    97       3   8.14309388e-16   0.00000000e+00
    98       1   5.11076326e-01   8.74740973e-03
    98       2   1.11864197e-05   4.47955431e-12
    98       3   7.69043671e-16   0.00000000e+00
    99       1   1.01519660e+00   8.37624468e-03
    99       2   2.17789790e-05   4.54364603e-12
    99       3   1.54974044e-15   0.00000000e+00
   100       1   4.75211077e+04   8.00713804e-03
   100       2   4.64940632e+02   3.83102561e-12
   100       3   3.25979722e-08   0.00000000e+00
   100       4   0.00000000e+00   0.00000000e+00
   101       1   9.99999954e-01   7.63990835e-03
   101       2   2.05213194e-05   3.66090495e-12
   101       3   1.10199374e-15   0.00000000e+00
   102       1   4.95905927e-01   7.27437641e-03
   102       2   9.92828321e-06   3.66892164e-12
   102       3   6.34873176e-16   0.00000000e+00
   103       1   3.27731281e-01   6.91036496e-03
   103       2   6.38906339e-06   3.74310566e-12
   103       3   2.13404052e-16   0.00000000e+00
   104       1   2.43536180e-01   6.54769831e-03
   104       2   4.61316442e-06   3.47397649e-12
   104       3   4.84299567e-16   0.00000000e+00
   105       1   1.92931739e-01   6.18620201e-03
   105       2   3.54248239e-06   2.90894485e-12
   105       3   3.90864194e-16   0.00000000e+00
   106       1   1.59121489e-01   5.82570249e-03
   106       2   2.82431179e-06   3.06222218e-12
   106       3   2.19113487e-16   0.00000000e+00
   107       1   1.34906865e-01   5.46602676e-03
   107       2   2.30748935e-06   2.97980590e-12
   107       3   1.89554011e-16   0.00000000e+00
   108       1   1.16688529e-01   5.10700202e-03
   108       2   1.91642993e-06   2.76572551e-12
   108       3   1.67435553e-16   0.00000000e+00
   109       1   1.02466804e-01   4.74845538e-03
   109       2   1.60913855e-06   2.66113150e-12
   109       3   0.00000000e+00   0.00000000e+00
   110       1   9.10418405e-02   4.39021345e-03
   110       2   1.36041514e-06   2.21277663e-12
   110       3   0.00000000e+00   0.00000000e+00
   111       1   8.16500594e-02   4.03210207e-03
   111       2   1.15422030e-06   2.07812186e-12
   111       3   0.00000000e+00   0.00000000e+00
   112       1   7.37823708e-02   3.67394587e-03
   112       2   9.79858252e-07   2.25047190e-12
   112       3   1.16189145e-16   0.00000000e+00
   113       1   6.70862915e-02   3.31556798e-03
   113       2   8.29921438e-07   1.85835641e-12
   113       3   0.00000000e+00   0.00000000e+00
   114       1   6.13100123e-02   2.95678961e-03
   114       2   6.99115997e-07   1.59135320e-12
   114       3   2.03497873e-16   0.00000000e+00
   115       1   5.62688388e-02   2.59742969e-03
   115       2   5.83557062e-07   1.30327361e-12
   115       3   1.92047396e-16   0.00000000e+00
   116       1   5.18242156e-02   2.23730447e-03
   116       2   4.80328301e-07   1.09596197e-12
   116       3   1.82094778e-16   0.00000000e+00
   117       1   4.78701547e-02   1.87622709e-03
   117       2   3.87196904e-07   1.21857186e-12
   117       3   0.00000000e+00   0.00000000e+00
   118       1   4.43241866e-02   1.51400719e-03
   118       2   3.02423564e-07   6.53903980e-13
   118       3   0.00000000e+00   0.00000000e+00
   119       1   4.11211700e-02   1.15045042e-03
   119       2   2.24632454e-07   5.91345611e-13
   119       3   0.00000000e+00   0.00000000e+00
   120       1   3.82089573e-02   7.85357985e-04
   120       2   1.52720202e-07   2.86855143e-13
   120       3   0.00000000e+00   0.00000000e+00
   121       1   3.55452992e-02   4.18526165e-04
   121       2   8.57908580e-08   5.78951025e-13
   121       3   1.47377457e-16   0.00000000e+00
   122       1   3.30955930e-02   4.97457708e-05
   122       2   2.31085878e-08   8.61027823e-14
   122       3   0.00000000e+00   0.00000000e+00
   123       1   3.08312180e-02   3.21198401e-04
   123       2   3.59373057e-08   7.09818688e-14
   123       3   0.00000000e+00   0.00000000e+00
   124       1   2.87282875e-02   6.94528155e-04
   124       2   9.18586283e-08   1.86240257e-13
   124       3   0.00000000e+00   0.00000000e+00
   125       1   2.67666991e-02   1.07047252e-03
   125       2   1.45088255e-07   4.19561413e-13
   125       3   0.00000000e+00   0.00000000e+00
   126       1   2.49294056e-02   1.44926841e-03
   126       2   1.95995503e-07   4.63735095e-13
   126       3   0.00000000e+00   0.00000000e+00
   127       1   2.32018457e-02   1.83116136e-03
   127       2   2.44898092e-07   8.89293172e-13
   127       3   0.00000000e+00   0.00000000e+00
   128       1   2.15714984e-02   2.21640626e-03
   128       2   2.92071575e-07   1.01188206e-12
   128       3   0.00000000e+00   0.00000000e+00
   129       1   2.00275283e-02   2.60526819e-03
   129       2   3.37756815e-07   1.44244306e-12
   129       3   0.00000000e+00   0.00000000e+00
   130       1   1.85605015e-02   2.99802331e-03
   130       2   3.82166001e-07   1.24246642e-12
   130       3   1.17008758e-16   0.00000000e+00
   131       1   1.71621574e-02   3.39495978e-03
   131       2   4.25487508e-07   1.96709870e-12
   131       3   0.00000000e+00   0.00000000e+00
   132       1   1.58252216e-02   3.79637883e-03
   132       2   4.67889874e-07   1.93276433e-12
   132       3   0.00000000e+00   0.00000000e+00
   133       1   1.45432535e-02   4.20259588e-03
   133       2   5.09525067e-07   2.26887630e-12
   133       3   0.00000000e+00   0.00000000e+00
   134       1   1.33105203e-02   4.61394167e-03
   134       2   5.50531206e-07   2.27474153e-12
   134       3   0.00000000e+00   0.00000000e+00
   135       1   1.21218921e-02   5.03076370e-03
   135       2   5.91034842e-07   1.86936197e-12
   135       3   0.00000000e+00   0.00000000e+00
   136       1   1.09727542e-02   5.45342754e-03
   136       2   6.31152875e-07   2.60596008e-12
   136       3   0.00000000e+00   0.00000000e+00
   137       1   9.85893366e-03   5.88231847e-03
   137       2   6.70994205e-07   2.87531288e-12
   137       3   0.00000000e+00   0.00000000e+00
   138       1   8.77663637e-03   6.31784318e-03
   138       2   7.10661141e-07   3.08941500e-12
   138       3   0.00000000e+00   0.00000000e+00
   139       1   7.72239402e-03   6.76043161e-03
   139       2   7.50250638e-07   3.68755670e-12
   139       3   0.00000000e+00   0.00000000e+00
   140       1   6.69301814e-03   7.21053903e-03
   140       2   7.89855377e-07   3.61711458e-12
   140       3   0.00000000e+00   0.00000000e+00
   141       1   5.68556063e-03   7.66864829e-03
   141       2   8.29564735e-07   4.06187319e-12
   141       3   0.00000000e+00   0.00000000e+00
   142       1   4.69727921e-03   8.13527229e-03
   142       2   8.69465660e-07   4.14279493e-12
   142       3   0.00000000e+00   0.00000000e+00
   143       1   3.72560717e-03   8.61095674e-03
   143       2   9.09643470e-07   4.68235270e-12
   143       3   2.05102783e-16   0.00000000e+00
   144       1   2.76812658e-03   9.09628322e-03
   144       2   9.50182604e-07   4.58576498e-12
   144       3   0.00000000e+00   0.00000000e+00
   145       1   1.82254430e-03   9.59187246e-03
   145       2   9.91167324e-07   4.71672870e-12
   145       3   0.00000000e+00   0.00000000e+00
   146       1   8.86670361e-04   1.00983881e-02
   146       2   1.03268240e-06   5.29311990e-12
   146       3   0.00000000e+00   0.00000000e+00
   147       1   4.16017893e-05   1.06165410e-02
   147       2   1.07481377e-06   5.08852847e-12
   147       3   0.00000000e+00   0.00000000e+00
   148       1   9.64313613e-04   1.11470935e-02
   148       2   1.11764921e-06   5.30937440e-12
   148       3   0.00000000e+00   0.00000000e+00
   149       1   1.88345861e-03   1.16908648e-02
   149       2   1.16127903e-06   5.49081476e-12
   149       3   0.00000000e+00   0.00000000e+00
   150       1   2.80099866e-03   1.22487369e-02
   150       2   1.20579672e-06   6.58301212e-12
   150       3   2.05142465e-16   0.00000000e+00
   151       1   3.71887981e-03   1.28216608e-02
   151       2   1.25129972e-06   6.77000351e-12
   151       3   0.00000000e+00   0.00000000e+00
   152       1   4.63904779e-03   1.34106637e-02
   152       2   1.29789018e-06   6.62775143e-12
   152       3   2.06860042e-16   0.00000000e+00
   153       1   5.56346351e-03   1.40168576e-02
   153       2   1.34567576e-06   7.19539190e-12
   153       3   0.00000000e+00   0.00000000e+00
   154       1   6.49411889e-03   1.46414483e-02
   154       2   1.39477057e-06   7.52507738e-12
   154       3   2.09361174e-16   0.00000000e+00
   155       1   7.43305307e-03   1.52857459e-02
   155       2   1.44529614e-06   8.05372259e-12
   155       3   0.00000000e+00   0.00000000e+00
   156       1   8.38236960e-03   1.59511769e-02
   156       2   1.49738249e-06   7.91561989e-12
   156       3   0.00000000e+00   0.00000000e+00
   157       1   9.34425458e-03   1.66392977e-02
   157       2   1.55116935e-06   8.17266986e-12
   157       3   0.00000000e+00   0.00000000e+00
   158       1   1.03209964e-02   1.73518099e-02
   158       2   1.60680756e-06   8.52623876e-12
   158       3   2.16887054e-16   0.00000000e+00
   159       1   1.13150073e-02   1.80905786e-02
   159       2   1.66446055e-06   9.29528270e-12
   159       3   2.19340767e-16   0.00000000e+00
   160       1   1.23288471e-02   1.88576525e-02
   160       2   1.72430617e-06   9.70134629e-12
   160       3   0.00000000e+00   0.00000000e+00
   161       1   1.33652499e-02   1.96552878e-02
   161       2   1.78653860e-06   9.92625261e-12
   161       3   1.12505941e-16   0.00000000e+00
   162       1   1.44271542e-02   2.04859752e-02
   162       2   1.85137076e-06   1.04718220e-11
   162       3   1.14128871e-16   0.00000000e+00
   163       1   1.55177372e-02   2.13524720e-02
   163       2   1.91903688e-06   1.07492435e-11
   163       3   2.31799340e-16   0.00000000e+00
   164       1   1.66404540e-02   2.22578390e-02
   164       2   1.98979567e-06   1.13663036e-11
   164       3   1.17828059e-16   0.00000000e+00
   165       1   1.77990832e-02   2.32054841e-02
   165       2   2.06393389e-06   1.19329638e-11
   165       3   1.19925043e-16   0.00000000e+00
   166       1   1.89977795e-02   2.41992132e-02
   166       2   2.14177060e-06   1.22674073e-11
   166       3   2.44406181e-16   0.00000000e+00
   167       1   2.02411365e-02   2.52432906e-02
   167       2   2.22366217e-06   1.28956014e-11
   167       3   1.24676343e-16   0.00000000e+00
   168       1   2.15342591e-02   2.63425110e-02
   168       2   2.31000820e-06   1.30943307e-11
   168       3   1.27360861e-16   0.00000000e+00
   169       1   2.28828511e-02   2.75022847e-02
   169       2   2.40125858e-06   1.40688156e-11
   169       3   2.60549856e-16   0.00000000e+00
   170       1   2.42933188e-02   2.87287403e-02
   170       2   2.49792199e-06   1.39979181e-11
   170       3   1.33439405e-16   0.00000000e+00
   171       1   2.57728966e-02   3.00288489e-02
   171       2   2.60057607e-06   1.48684860e-11
   171       3   1.36878169e-16   0.00000000e+00
   172       1   2.73297978e-02   3.14105746e-02
   172       2   2.70987986e-06   1.56051039e-11
   172       3   4.21855922e-16   0.00000000e+00
   173       1   2.89734004e-02   3.28830578e-02
   173       2   2.82658892e-06   1.62589928e-11
   173       3   2.89384864e-16   0.00000000e+00
   174       1   3.07144736e-02   3.44568425e-02
   174       2   2.95157397e-06   1.71775044e-11
   174       3   2.98272287e-16   0.00000000e+00
   175       1   3.25654600e-02   3.61441562e-02
   175       2   3.08584401e-06   1.82564155e-11
   175       3   3.07984711e-16   0.00000000e+00
   176       1   3.45408268e-02   3.79592611e-02
   176       2   3.23057516e-06   1.87628965e-11
   176       3   3.18621728e-16   0.00000000e+00
   177       1   3.66575092e-02   3.99188964e-02
   177       2   3.38714708e-06   1.94076446e-11
   177       3   1.65150244e-16   0.00000000e+00
   178       1   3.89354738e-02   4.20428415e-02
   178       2   3.55718925e-06   2.16405964e-11
   178       3   3.43159674e-16   0.00000000e+00
   179       1   4.13984434e-02   4.43546393e-02
   179       2   3.74264057e-06   2.25577191e-11
   179       3   1.78682306e-16   0.00000000e+00
   180       1   4.40748387e-02   4.68825381e-02
   180       2   3.94582672e-06   2.34119437e-11
   180       3   1.86556964e-16   0.00000000e+00
   181       1   4.69990169e-02   4.96607289e-02
   181       2   4.16956201e-06   2.49149890e-11
   181       3   3.90648287e-16   0.00000000e+00
   182       1   5.02129231e-02   5.27309970e-02
   182       2   4.41728517e-06   2.66178708e-11
   182       3   6.15393100e-16   0.00000000e+00
   183       1   5.37683248e-02   5.61449553e-02
   183       2   4.69324304e-06   2.80862220e-11
   183       3   4.32319142e-16   0.00000000e+00
   184       1   5.77298837e-02   5.99671155e-02
   184       2   5.00274318e-06   3.05572564e-11
   184       3   4.57274588e-16   0.00000000e+00
   185       1   6.21794554e-02   6.42791877e-02
   185       2   5.35250746e-06   3.23775422e-11
   185       3   4.85705073e-16   0.00000000e+00
   186       1   6.72222333e-02   6.91862230e-02
   186       2   5.75117722e-06   3.51341368e-11
   186       3   3.88764204e-16   0.00000000e+00
   187       1   7.29957263e-02   7.48255906e-02
   187       2   6.21005161e-06   3.79931147e-11
   187       3   4.17139739e-16   0.00000000e+00
   188       1   7.96832257e-02   8.13804439e-02
   188       2   6.74419501e-06   4.12647420e-11
   188       3   4.50375741e-16   0.00000000e+00
   189       1   8.75346182e-02   8.91005315e-02
   189       2   7.37414857e-06   4.52464127e-11
   189       3   4.89795598e-16   0.00000000e+00
   190       1   9.68996856e-02   9.83354947e-02
   190       2   8.12866863e-06   4.91545196e-11
   190       3   3.58168180e-16   0.00000000e+00
   191       1   1.08283605e-01   1.09590364e-01
   191       2   9.04929077e-06   5.55196932e-11
   191       3   7.93896660e-16   0.00000000e+00
   192       1   1.22444073e-01   1.23622676e-01
   192       2   1.01983169e-05   6.24080381e-11
   192       3   8.91095513e-16   0.00000000e+00
   193       1   1.40571684e-01   1.41622838e-01
   193       2   1.16736482e-05   7.15072316e-11
   193       3   8.89303139e-16   0.00000000e+00
   194       1   1.64650680e-01   1.65574850e-01
   194       2   1.36384518e-05   8.43120881e-11
   194       3   1.03571338e-15   0.00000000e+00
   195       1   1.98252619e-01   1.99049899e-01
   195       2   1.63864258e-05   1.00975269e-10
   195       3   1.24102593e-15   0.00000000e+00
   196       1   2.48520562e-01   2.49190344e-01
   196       2   2.05049642e-05   1.26257182e-10
   196       3   1.54941463e-15   0.00000000e+00
   197       1   3.32121740e-01   3.32661669e-01
   197       2   2.73646489e-05   1.69078072e-10
   197       3   2.21137760e-15   0.00000000e+00
   198       1   4.99058960e-01   4.99460290e-01
   198       2   4.10772203e-05   2.53733534e-10
   198       3   3.09385928e-15   0.00000000e+00
   199       1   9.99362158e-01   9.99568237e-01
   199       2   8.22013653e-05   5.07390870e-10
   199       3   6.18523670e-15   0.00000000e+00
   200       1   1.22034584e+04   1.71997494e+08
   200       2   2.78746440e+02   8.02673970e-02
   200       3   2.00270927e-08   2.73359862e-15
   200       4   0.00000000e+00   0.00000000e+00
   201       1   1.00000030e+00   9.99999994e-01
   201       2   8.22546827e-05   5.07391085e-10
   201       3   5.96433890e-15   0.00000000e+00
   202       1   4.99820092e-01   4.99892033e-01
   202       2   4.11305084e-05   2.53652891e-10
   202       3   2.87287018e-15   0.00000000e+00
   203       1   3.32905784e-01   3.33093375e-01
   203       2   2.74179419e-05   1.69144818e-10
   203       3   1.91652763e-15   0.00000000e+00
   204       1   2.49312786e-01   2.49621997e-01
   204       2   2.05582713e-05   1.26928963e-10
   204       3   1.54941485e-15   0.00000000e+00
   205       1   1.99048805e-01   1.99481484e-01
   205       2   1.64397531e-05   1.01364880e-10
   205       3   1.24102608e-15   0.00000000e+00
   206       1   1.65449206e-01   1.66006351e-01
   206       2   1.36918044e-05   8.43010156e-11
   206       3   1.03571348e-15   0.00000000e+00
   207       1   1.41371817e-01   1.42054240e-01
   207       2   1.17270313e-05   7.21998003e-11
   207       3   7.62259898e-16   0.00000000e+00
   208       1   1.23245452e-01   1.24053964e-01
   208       2   1.02517353e-05   6.33200145e-11
   208       3   7.79708631e-16   0.00000000e+00
   209       1   1.09086046e-01   1.10021521e-01
   209       2   9.10274958e-06   5.61458996e-11
   209       3   3.96948356e-16   0.00000000e+00
   210       1   9.77031004e-02   9.87665064e-02
   210       2   8.18217276e-06   4.99749836e-11
   210       3   7.16336403e-16   0.00000000e+00
   211       1   8.83389714e-02   8.95313819e-02
   211       2   7.42770304e-06   4.48627007e-11
   211       3   4.89795624e-16   0.00000000e+00
   212       1   8.04885148e-02   8.18111174e-02
   212       2   6.79780489e-06   4.20654964e-11
   212       3   6.00501018e-16   0.00000000e+00
   213       1   7.38019699e-02   7.52560714e-02
   213       2   6.26372205e-06   3.84918672e-11
   213       3   4.17139758e-16   0.00000000e+00
   214       1   6.80294642e-02   6.96164952e-02
   214       2   5.80491344e-06   3.52900512e-11
   214       3   3.88764220e-16   0.00000000e+00
   215       1   6.29877163e-02   6.47092354e-02
   215       2   5.40631474e-06   3.29116366e-11
   215       3   3.64278819e-16   0.00000000e+00
   216       1   5.85392248e-02   6.03969225e-02
   216       2   5.05662693e-06   3.06515265e-11
   216       3   4.57274605e-16   0.00000000e+00
   217       1   5.45788024e-02   5.65745056e-02
   217       2   4.74720874e-06   2.92203263e-11
   217       3   4.32319157e-16   0.00000000e+00
   218       1   5.10245977e-02   5.31602741e-02
   218       2   4.47133842e-06   2.65567741e-11
   218       3   2.05131040e-16   0.00000000e+00
   219       1   4.78119533e-02   5.00897163e-02
   219       2   4.22370853e-06   2.53615256e-11
   219       3   1.95324149e-16   0.00000000e+00
   220       1   4.48891051e-02   4.73112193e-02
   220       2   4.00007235e-06   2.40950739e-11
   220       3   3.73113939e-16   0.00000000e+00
   221       1   4.22141111e-02   4.47829975e-02
   221       2   3.79699130e-06   2.24715480e-11
   221       3   3.57364622e-16   0.00000000e+00
   222       1   3.97526172e-02   4.24708597e-02
   222       2   3.61165120e-06   2.12253779e-11
   222       3   3.43159683e-16   0.00000000e+00
   223       1   3.74762056e-02   4.03465575e-02
   223       2   3.44172653e-06   2.04414844e-11
   223       3   3.30300497e-16   0.00000000e+00
   224       1   3.53611564e-02   3.83865478e-02
   224       2   3.28527857e-06   1.96118268e-11
   224       3   1.59310868e-16   0.00000000e+00
   225       1   3.33875058e-02   3.65710510e-02
   225       2   3.14067801e-06   1.83892292e-11
   225       3   1.53992359e-16   0.00000000e+00
   226       1   3.15383217e-02   3.48833278e-02
   226       2   3.00654539e-06   1.81895328e-11
   226       3   1.49136147e-16   0.00000000e+00
   227       1   2.97991397e-02   3.33091156e-02
   227       2   2.88170478e-06   1.70902187e-11
   227       3   1.44692435e-16   0.00000000e+00
   228       1   2.81575206e-02   3.18361867e-02
   228       2   2.76514742e-06   1.63158174e-11
   228       3   2.81237287e-16   0.00000000e+00
   229       1   2.66026983e-02   3.04539970e-02
   229       2   2.65600282e-06   1.56593615e-11
   229       3   4.10634515e-16   0.00000000e+00
   230       1   2.51252985e-02   2.91534057e-02
   230       2   2.55351566e-06   1.45631565e-11
   230       3   1.33439408e-16   0.00000000e+00
   231       1   2.37171112e-02   2.79264486e-02
   231       2   2.45702718e-06   1.44174343e-11
   231       3   1.30274930e-16   0.00000000e+00
   232       1   2.23709062e-02   2.67661543e-02
   232       2   2.36596002e-06   1.36708339e-11
   232       3   1.27360863e-16   0.00000000e+00
   233       1   2.10802812e-02   2.56663938e-02
   233       2   2.27980581e-06   1.30317972e-11
   233       3   1.24676345e-16   0.00000000e+00
   234       1   1.98395367e-02   2.46217565e-02
   234       2   2.19811498e-06   1.24461511e-11
   234       3   1.22203093e-16   0.00000000e+00
   235       1   1.86435723e-02   2.36274476e-02
   235       2   2.12048827e-06   1.18702644e-11
   235       3   1.19925045e-16   0.00000000e+00
   236       1   1.74877995e-02   2.26792022e-02
   236       2   2.04656971e-06   1.20127366e-11
   236       3   2.35656121e-16   0.00000000e+00
   237       1   1.63680686e-02   2.17732143e-02
   237       2   1.97604061e-06   1.13512079e-11
   237       3   1.15899672e-16   0.00000000e+00
   238       1   1.52806068e-02   2.09060756e-02
   238       2   1.90861464e-06   1.06687641e-11
   238       3   1.14128872e-16   0.00000000e+00
   239       1   1.42219648e-02   2.00747249e-02
   239       2   1.84403357e-06   1.02413524e-11
   239       3   1.12505943e-16   0.00000000e+00
   240       1   1.31889719e-02   1.92764045e-02
   240       2   1.78206362e-06   9.79925742e-12
   240       3   1.11022303e-16   0.00000000e+00
   241       1   1.21786963e-02   1.85086233e-02
   241       2   1.72249242e-06   9.68377193e-12
   241       3   2.19340770e-16   0.00000000e+00
   242       1   1.11884114e-02   1.77691248e-02
   242       2   1.66512633e-06   9.03533937e-12
   242       3   2.16887057e-16   0.00000000e+00
   243       1   1.02155649e-02   1.70558599e-02
   243       2   1.60978812e-06   8.38138101e-12
   243       3   0.00000000e+00   0.00000000e+00
   244       1   9.25775324e-03   1.63669629e-02
   244       2   1.55631500e-06   8.19144480e-12
   244       3   0.00000000e+00   0.00000000e+00
   245       1   8.31269698e-03   1.57007318e-02
   245       2   1.50455683e-06   7.68328778e-12
   245       3   4.21834130e-16   0.00000000e+00
   246       1   7.37821974e-03   1.50556097e-02
   246       2   1.45437462e-06   7.57784085e-12
   246       3   2.09361177e-16   0.00000000e+00
   247       1   6.45222850e-03   1.44301698e-02
   247       2   1.40563915e-06   7.15488685e-12
   247       3   0.00000000e+00   0.00000000e+00
   248       1   5.53269538e-03   1.38231012e-02
   248       2   1.35822978e-06   7.08947523e-12
   248       3   0.00000000e+00   0.00000000e+00
   249       1   4.61764073e-03   1.32331977e-02
   249       2   1.31203334e-06   6.76174152e-12
   249       3   0.00000000e+00   0.00000000e+00
   250       1   3.70511682e-03   1.26593469e-02
   250       2   1.26694317e-06   6.50279779e-12
   250       3   0.00000000e+00   0.00000000e+00
   251       1   2.79319223e-03   1.21005209e-02
   251       2   1.22285824e-06   6.35594756e-12
   251       3   0.00000000e+00   0.00000000e+00
   252       1   1.87993646e-03   1.15557679e-02
   252       2   1.17968229e-06   5.60841460e-12
   252       3   0.00000000e+00   0.00000000e+00
   253       1   9.63404481e-04   1.10242057e-02
   253       2   1.13732314e-06   5.56201353e-12
   253       3   0.00000000e+00   0.00000000e+00
   254       1   4.16211465e-05   1.05050141e-02
   254       2   1.09569189e-06   5.39039481e-12
   254       3   2.03980630e-16   0.00000000e+00
   255       1   8.87435001e-04   9.99743025e-03
   255       2   1.05470231e-06   5.24357850e-12
   255       3   2.04161865e-16   0.00000000e+00
   256       1   1.82584869e-03   9.50074259e-03
   256       2   1.01427015e-06   4.61936557e-12
   256       3   0.00000000e+00   0.00000000e+00
   257       1   2.77578599e-03   9.01428675e-03
   257       2   9.74312470e-07   4.63516778e-12
   257       3   0.00000000e+00   0.00000000e+00
   258       1   3.73951385e-03   8.53744124e-03
   258       2   9.34747030e-07   4.69979885e-12
   258       3   2.05869963e-16   0.00000000e+00
   259       1   4.71942145e-03   8.06962374e-03
   259       2   8.95491611e-07   4.01329583e-12
   259       3   0.00000000e+00   0.00000000e+00
   260       1   5.71804385e-03   7.61028771e-03
   260       2   8.56463332e-07   4.09102820e-12
   260       3   0.00000000e+00   0.00000000e+00
   261       1   6.73808840e-03   7.15891941e-03
   261       2   8.17577939e-07   3.63587126e-12
   261       3   0.00000000e+00   0.00000000e+00
   262       1   7.78246462e-03   6.71503512e-03
   262       2   7.78749032e-07   3.75939580e-12
   262       3   0.00000000e+00   0.00000000e+00
   263       1   8.85431813e-03   6.27817868e-03
   263       2   7.39887230e-07   3.33762695e-12
   263       3   0.00000000e+00   0.00000000e+00
   264       1   9.95706969e-03   5.84791919e-03
   264       2   7.00899247e-07   2.97748983e-12
   264       3   0.00000000e+00   0.00000000e+00
   265       1   1.10944603e-02   5.42384901e-03
   265       2   6.61686864e-07   2.69121861e-12
   265       3   0.00000000e+00   0.00000000e+00
   266       1   1.22706038e-02   5.00558184e-03
   266       2   6.22145754e-07   2.69645743e-12
   266       3   0.00000000e+00   0.00000000e+00
   267       1   1.34900481e-02   4.59275103e-03
   267       2   5.82164144e-07   1.95404200e-12
   267       3   0.00000000e+00   0.00000000e+00
   268       1   1.47578484e-02   4.18500802e-03
   268       2   5.41621257e-07   2.43115287e-12
   268       3   0.00000000e+00   0.00000000e+00
   269       1   1.60796531e-02   3.78202090e-03
   269       2   5.00385489e-07   1.92574784e-12
   269       3   0.00000000e+00   0.00000000e+00
   270       1   1.74618068e-02   3.38347307e-03
   270       2   4.58312260e-07   1.77192488e-12
   270       3   0.00000000e+00   0.00000000e+00
   271       1   1.89114748e-02   2.98906207e-03
   271       2   4.15241443e-07   1.50422041e-12
   271       3   0.00000000e+00   0.00000000e+00
   272       1   2.04367934e-02   2.59849846e-03
   272       2   3.70994273e-07   1.32665105e-12
   272       3   1.21658169e-16   0.00000000e+00
   273       1   2.20470530e-02   2.21150472e-03
   273       2   3.25369599e-07   1.03037946e-12
   273       3   0.00000000e+00   0.00000000e+00
   274       1   2.37529240e-02   1.82781439e-03
   274       2   2.78139295e-07   1.07698278e-12
   274       3   0.00000000e+00   0.00000000e+00
   275       1   2.55667360e-02   1.44717112e-03
   275       2   2.29042587e-07   5.59174337e-13
   275       3   0.00000000e+00   0.00000000e+00
   276       1   2.75028262e-02   1.06932788e-03
   276       2   1.77778994e-07   7.24315787e-13
   276       3   0.00000000e+00   0.00000000e+00
   277       1   2.95779799e-02   6.94046173e-04
   277       2   1.23999444e-07   2.43098473e-13
   277       3   0.00000000e+00   0.00000000e+00
   278       1   3.18119890e-02   3.21095319e-04
   278       2   6.72949861e-08   1.18986257e-13
   278       3   0.00000000e+00   0.00000000e+00
   279       1   3.42283709e-02   4.97481926e-05
   279       2   7.18229775e-09   3.33178093e-14
   279       3   0.00000000e+00   0.00000000e+00
   280       1   3.68553031e-02   4.18701350e-04
   280       2   5.69151351e-08   5.26670658e-14
   280       3   0.00000000e+00   0.00000000e+00
   281       1   3.97268518e-02   7.85975202e-04
   281       2   1.25691765e-07   3.09896868e-13
   281       3   0.00000000e+00   0.00000000e+00
   282       1   4.28846106e-02   1.15177542e-03
   282       2   1.99992964e-07   3.77335703e-13
   282       3   0.00000000e+00   0.00000000e+00
   283       1   4.63799170e-02   1.51630283e-03
   283       2   2.80859620e-07   4.67389489e-13
   283       3   0.00000000e+00   0.00000000e+00
   284       1   5.02769000e-02   1.87975388e-03
   284       2   3.69589456e-07   1.31965136e-12
   284       3   0.00000000e+00   0.00000000e+00
   285       1   5.46567461e-02   2.24232117e-03
   285       2   4.67822842e-07   9.55501356e-13
   285       3   0.00000000e+00   0.00000000e+00
   286       1   5.96237946e-02   2.60419384e-03
   286       2   5.77665379e-07   1.69397412e-12
   286       3   0.00000000e+00   0.00000000e+00
   287       1   6.53144445e-02   2.96555809e-03
   287       2   7.01867054e-07   1.62867519e-12
   287       3   0.00000000e+00   0.00000000e+00
   288       1   7.19105154e-02   3.32659748e-03
   288       2   8.44090927e-07   1.45953561e-12
   288       3   0.00000000e+00   0.00000000e+00
   289       1   7.96598963e-02   3.68749347e-03
   289       2   1.00932839e-06   1.87200279e-12
   289       3   0.00000000e+00   0.00000000e+00
   290       1   8.89095825e-02   4.04842568e-03
   290       2   1.20456357e-06   1.53929073e-12
   290       3   0.00000000e+00   0.00000000e+00
   291       1   1.00160738e-01   4.40957236e-03
   291       2   1.43988059e-06   2.15052327e-12
   291       3   0.00000000e+00   0.00000000e+00
   292       1   1.14165054e-01   4.77111072e-03
   292       2   1.73040133e-06   2.28072773e-12
   292       3   1.67435554e-16   0.00000000e+00
   293       1   1.32103699e-01   5.13321731e-03
   293       2   2.09988412e-06   2.55019921e-12
   293       3   3.79108024e-16   0.00000000e+00
   294       1   1.55945227e-01   5.49606835e-03
   294       2   2.58792098e-06   2.81118327e-12
   294       3   2.19113488e-16   0.00000000e+00
   295       1   1.89232961e-01   5.85984012e-03
   295       2   3.26577172e-06   2.73014050e-12
   295       3   2.60576131e-16   0.00000000e+00
   296       1   2.39053475e-01   6.22470925e-03
   296       2   4.27594895e-06   3.42499135e-12
   296       3   3.22866381e-16   0.00000000e+00
   297       1   3.21942057e-01   6.59085316e-03
   297       2   5.95097330e-06   3.05248667e-12
   297       3   2.13404054e-16   0.00000000e+00
   298       1   4.87504732e-01   6.95845032e-03
   298       2   9.28839400e-06   3.39251509e-12
   298       3   4.76154887e-16   0.00000000e+00
   299       1   9.83775264e-01   7.32768065e-03
   299       2   1.92759332e-05   3.45523611e-12
   299       3   1.10199376e-15   0.00000000e+00
   300       1   4.98109931e+04   7.69872584e-03
   300       2   5.92201192e+02   3.86949286e-12
   300       3   3.94050412e-08   0.00000000e+00
   300       4   0.00000000e+00   0.00000000e+00
   301       1   1.00000003e+00   8.07176975e-03
   301       2   2.06020777e-05   3.89914375e-12
   301       3   1.54974042e-15   0.00000000e+00
   302       1   5.03764957e-01   8.44699874e-03
   302       2   1.06150158e-05   4.15218689e-12
   302       3   7.69043670e-16   0.00000000e+00
   303       1   3.38217473e-01   8.82460207e-03
   303       2   7.27839275e-06   4.28415336e-12
   303       3   4.07154694e-16   0.00000000e+00
   304       1   2.55344412e-01   9.20477224e-03
   304       2   5.60448675e-06   4.48397971e-12
   304       3   3.03191717e-16   0.00000000e+00
   305       1   2.05542300e-01   9.58770542e-03
   305       2   4.59574981e-06   4.78274390e-12
   305       3   2.40874101e-16   0.00000000e+00
   306       1   1.72276499e-01   9.97360186e-03
   306       2   3.91966308e-06   5.10782451e-12
   306       3   1.99377936e-16   0.00000000e+00
   307       1   1.48460676e-01   1.03626663e-02
   307       2   3.43371614e-06   5.78153246e-12
   307       3   3.39557472e-16   0.00000000e+00
   308       1   1.30551626e-01   1.07551082e-02
   308       2   3.06665178e-06   5.47922170e-12
   308       3   1.47614298e-16   0.00000000e+00
   309       1   1.16580879e-01   1.11511428e-02
   309       2   2.77888103e-06   5.97150132e-12
   309       3   1.30405656e-16   0.00000000e+00
   310       1   1.05367329e-01   1.15509909e-02
   310       2   2.54664901e-06   5.72910788e-12
   310       3   1.16665458e-16   0.00000000e+00
   311       1   9.61593452e-02   1.19548796e-02
   311       2   2.35483776e-06   5.72333560e-12
   311       3   2.10894464e-16   0.00000000e+00
   312       1   8.84558245e-02   1.23630429e-02
   312       2   2.19336752e-06   6.13950135e-12
   312       3   1.92240042e-16   0.00000000e+00
   313       1   8.19098353e-02   1.27757225e-02
   313       2   2.05525899e-06   6.20770188e-12
   313       3   1.76494054e-16   0.00000000e+00
   314       1   7.62735566e-02   1.31931676e-02
   314       2   1.93552611e-06   6.45280908e-12
   314       3   0.00000000e+00   0.00000000e+00
   315       1   7.13652416e-02   1.36156365e-02
   315       2   1.83051163e-06   6.66681557e-12
   315       3   1.51397961e-16   0.00000000e+00
   316       1   6.70485700e-02   1.40433964e-02
   316       2   1.73747192e-06   7.04526563e-12
   316       3   1.41247190e-16   0.00000000e+00
   317       1   6.32192874e-02   1.44767246e-02
   317       2   1.65430825e-06   7.54586675e-12
   317       3   2.64635724e-16   0.00000000e+00
   318       1   5.97962983e-02   1.49159090e-02
   318       2   1.57938771e-06   7.39404461e-12
   318       3   1.24405940e-16   0.00000000e+00
   319       1   5.67155724e-02   1.53612492e-02
   319       2   1.51142061e-06   7.78838031e-12
   319       3   2.34700727e-16   0.00000000e+00
   320       1   5.39258777e-02   1.58130567e-02
   320       2   1.44937472e-06   7.71452450e-12
   320       3   1.11022303e-16   0.00000000e+00
   321       1   5.13857342e-02   1.62716566e-02
   321       2   1.39241397e-06   8.74225204e-12
   321       3   2.10634974e-16   0.00000000e+00
   322       1   4.90611973e-02   1.67373878e-02
   322       2   1.33985389e-06   8.50318542e-12
   322       3   2.00301238e-16   0.00000000e+00
   323       1   4.69242199e-02   1.72106048e-02
   323       2   1.29112867e-06   9.06451412e-12
   323       3   0.00000000e+00   0.00000000e+00
   324       1   4.49514240e-02   1.76916779e-02
   324       2   1.24576644e-06   8.97675373e-12
   324       3   0.00000000e+00   0.00000000e+00
   325       1   4.31231667e-02   1.81809952e-02
   325       2   1.20337052e-06   9.44148183e-12
   325       3   0.00000000e+00   0.00000000e+00
   326       1   4.14228225e-02   1.86789635e-02
   326       2   1.16360491e-06   9.16834542e-12
   326       3   0.00000000e+00   0.00000000e+00
   327       1   3.98362240e-02   1.91860096e-02
   327       2   1.12618314e-06   9.85985613e-12
   327       3   0.00000000e+00   0.00000000e+00
   328       1   3.83512236e-02   1.97025821e-02
   328       2   1.09085939e-06   9.98691161e-12
   328       3   1.54413244e-16   0.00000000e+00
   329       1   3.69573451e-02   2.02291528e-02
   329       2   1.05742147e-06   1.00820553e-11
   329       3   0.00000000e+00   0.00000000e+00
   330       1   3.56455051e-02   2.07662184e-02
   330       2   1.02568528e-06   1.03468670e-11
   330       3   0.00000000e+00   0.00000000e+00
   331       1   3.44077886e-02   2.13143026e-02
   331       2   9.95490220e-07   1.10842349e-11
   331       3   0.00000000e+00   0.00000000e+00
   332       1   3.32372662e-02   2.18739580e-02
   332       2   9.66695585e-07   1.10529160e-11
   332       3   0.00000000e+00   0.00000000e+00
   333       1   3.21278452e-02   2.24457685e-02
   333       2   9.39177511e-07   1.15598060e-11
   333       3   0.00000000e+00   0.00000000e+00
   334       1   3.10741464e-02   2.30303516e-02
   334       2   9.12826522e-07   1.13618581e-11
   334       3   0.00000000e+00   0.00000000e+00
   335       1   3.00714022e-02   2.36283612e-02
   335       2   8.87545479e-07   1.20909388e-11
   335       3   0.00000000e+00   0.00000000e+00
   336       1   2.91153715e-02   2.42404904e-02
   336       2   8.63247865e-07   1.24451686e-11
   336       3   1.18222377e-16   0.00000000e+00
   337       1   2.82022691e-02   2.48674748e-02
   337       2   8.39856357e-07   1.25971595e-11
   337       3   0.00000000e+00   0.00000000e+00
   338       1   2.73287051e-02   2.55100961e-02
   338       2   8.17301620e-07   1.31827194e-11
   338       3   0.00000000e+00   0.00000000e+00
   339       1   2.64916348e-02   2.61691858e-02
   339       2   7.95521284e-07   1.34998821e-11
   339       3   0.00000000e+00   0.00000000e+00
   340       1   2.56883150e-02   2.68456294e-02
   340       2   7.74459076e-07   1.38424957e-11
   340       3   2.11987699e-16   0.00000000e+00
   341       1   2.49162678e-02   2.75403713e-02
   341       2   7.54064081e-07   1.40230741e-11
   341       3   2.06705913e-16   0.00000000e+00
   342       1   2.41732486e-02   2.82544197e-02
   342       2   7.34290106e-07   1.34945283e-11
   342       3   0.00000000e+00   0.00000000e+00
   343       1   2.34572192e-02   2.89888528e-02
   343       2   7.15095132e-07   1.48865820e-11
   343       3   0.00000000e+00   0.00000000e+00
   344       1   2.27663243e-02   2.97448245e-02
   344       2   6.96440840e-07   1.52527305e-11
   344       3   0.00000000e+00   0.00000000e+00
   345       1   2.20988712e-02   3.05235716e-02
   345       2   6.78292207e-07   1.58959820e-11
   345       3   0.00000000e+00   0.00000000e+00
   346       1   2.14533118e-02   3.13264221e-02
   346       2   6.60617143e-07   1.60689878e-11
   346       3   0.00000000e+00   0.00000000e+00
   347       1   2.08282279e-02   3.21548032e-02
   347       2   6.43386185e-07   1.64043365e-11
   347       3   0.00000000e+00   0.00000000e+00
   348       1   2.02223168e-02   3.30102514e-02
   348       2   6.26572223e-07   1.67082784e-11
   348       3   1.76717806e-16   0.00000000e+00
   349       1   1.96343804e-02   3.38944234e-02
   349       2   6.10150258e-07   1.72535823e-11
   349       3   0.00000000e+00   0.00000000e+00
   350       1   1.90633137e-02   3.48091078e-02
   350       2   5.94097199e-07   1.75813246e-11
   350       3   0.00000000e+00   0.00000000e+00
   351       1   1.85080968e-02   3.57562393e-02
   351       2   5.78391667e-07   1.82792343e-11
   351       3   1.66800311e-16   0.00000000e+00
   352       1   1.79677858e-02   3.67379141e-02
   352       2   5.63013841e-07   1.87492158e-11
   352       3   0.00000000e+00   0.00000000e+00
   353       1   1.74415058e-02   3.77564068e-02
   353       2   5.47945305e-07   1.92329759e-11
   353       3   0.00000000e+00   0.00000000e+00
   354       1   1.69284450e-02   3.88141903e-02
   354       2   5.33168920e-07   1.99660710e-11
   354       3   0.00000000e+00   0.00000000e+00
   355       1   1.64278481e-02   3.99139583e-02
   355       2   5.18668708e-07   2.05770409e-11
   355       3   0.00000000e+00   0.00000000e+00
   356       1   1.59390120e-02   4.10586505e-02
   356       2   5.04429751e-07   2.06673424e-11
   356       3   0.00000000e+00   0.00000000e+00
   357       1   1.54612807e-02   4.22514816e-02
   357       2   4.90438094e-07   2.20697778e-11
   357       3   0.00000000e+00   0.00000000e+00
   358       1   1.49940414e-02   4.34959743e-02
   358       2   4.76680665e-07   2.23403480e-11
   358       3   0.00000000e+00   0.00000000e+00
   359       1   1.45367208e-02   4.47959977e-02
   359       2   4.63145201e-07   2.33247466e-11
   359       3   0.00000000e+00   0.00000000e+00
   360       1   1.40887817e-02   4.61558108e-02
   360       2   4.49820175e-07   2.34114220e-11
   360       3   1.44293331e-16   0.00000000e+00
   361       1   1.36497201e-02   4.75801133e-02
   361       2   4.36694742e-07   2.43426891e-11
   361       3   0.00000000e+00   0.00000000e+00
   362       1   1.32190623e-02   4.90741041e-02
   362       2   4.23758681e-07   2.48102918e-11
   362       3   0.00000000e+00   0.00000000e+00
   363       1   1.27963627e-02   5.06435502e-02
   363       2   4.11002342e-07   2.59224448e-11
   363       3   0.00000000e+00   0.00000000e+00
   364       1   1.23812014e-02   5.22948660e-02
   364       2   3.98416607e-07   2.60270293e-11
   364       3   0.00000000e+00   0.00000000e+00
   365       1   1.19731822e-02   5.40352075e-02
   365       2   3.85992844e-07   2.76171674e-11
   365       3   0.00000000e+00   0.00000000e+00
   366       1   1.15719308e-02   5.58725829e-02
   366       2   3.73722871e-07   2.85756419e-11
   366       3   0.00000000e+00   0.00000000e+00
   367       1   1.11770931e-02   5.78159832e-02
   367       2   3.61598920e-07   2.93422995e-11
   367       3   0.00000000e+00   0.00000000e+00
   368       1   1.07883335e-02   5.98755385e-02
   368       2   3.49613610e-07   3.04843372e-11
   368       3   0.00000000e+00   0.00000000e+00
   369       1   1.04053337e-02   6.20627041e-02
   369       2   3.37759914e-07   3.15813013e-11
   369       3   0.00000000e+00   0.00000000e+00
   370       1   1.00277915e-02   6.43904854e-02
   370       2   3.26031132e-07   3.30009674e-11
   370       3   0.00000000e+00   0.00000000e+00
   371       1   9.65541927e-03   6.68737086e-02
   371       2   3.14420874e-07   3.41658306e-11
   371       3   0.00000000e+00   0.00000000e+00
   372       1   9.28794316e-03   6.95293521e-02
   372       2   3.02923027e-07   3.59716396e-11
   372       3   0.00000000e+00   0.00000000e+00
   373       1   8.92510194e-03   7.23769514e-02
   373       2   2.91531744e-07   3.70319907e-11
   373       3   0.00000000e+00   0.00000000e+00
   374       1   8.56664616e-03   7.54390998e-02
   374       2   2.80241419e-07   3.88939347e-11
   374       3   0.00000000e+00   0.00000000e+00
   375       1   8.21233722e-03   7.87420710e-02
   375       2   2.69046672e-07   4.04608912e-11
   375       3   0.00000000e+00   0.00000000e+00
   376       1   7.86194664e-03   8.23166010e-02
   376       2   2.57942333e-07   4.18234864e-11
   376       3   1.21560692e-16   0.00000000e+00
   377       1   7.51525531e-03   8.61988765e-02
   377       2   2.46923425e-07   4.41242260e-11
   377       3   0.00000000e+00   0.00000000e+00
   378       1   7.17205279e-03   9.04318004e-02
   378       2   2.35985152e-07   4.64449948e-11
   378       3   0.00000000e+00   0.00000000e+00
   379       1   6.83213668e-03   9.50666246e-02
   379       2   2.25122884e-07   4.92106748e-11
   379       3   0.00000000e+00   0.00000000e+00
   380       1   6.49531207e-03   1.00165085e-01
   380       2   2.14332146e-07   5.19879022e-11
   380       3   0.00000000e+00   0.00000000e+00
   381       1   6.16139091e-03   1.05802224e-01
   381       2   2.03608608e-07   5.44520345e-11
   381       3   0.00000000e+00   0.00000000e+00
   382       1   5.83019158e-03   1.12070182e-01
   382       2   1.92948070e-07   5.79912891e-11
   382       3   0.00000000e+00   0.00000000e+00
   383       1   5.50153832e-03   1.19083353e-01
   383       2   1.82346457e-07   6.14320972e-11
   383       3   0.00000000e+00   0.00000000e+00
   384       1   5.17526086e-03   1.26985535e-01
   384       2   1.71799804e-07   6.56290758e-11
   384       3   0.00000000e+00   0.00000000e+00
   385       1   4.85119391e-03   1.35960016e-01
   385       2   1.61304253e-07   7.02668121e-11
   385       3   0.00000000e+00   0.00000000e+00
   386       1   4.52917683e-03   1.46244115e-01
   386       2   1.50856041e-07   7.58282992e-11
   386       3   0.00000000e+00   0.00000000e+00
   387       1   4.20905318e-03   1.58150657e-01
   387       2   1.40451492e-07   8.20172527e-11
   387       3   0.00000000e+00   0.00000000e+00
   388       1   3.89067041e-03   1.72100555e-01
   388       2   1.30087010e-07   8.93813244e-11
   388       3   0.00000000e+00   0.00000000e+00
   389       1   3.57387948e-03   1.88673829e-01
   389       2   1.19759072e-07   9.89702282e-11
   389       3   0.00000000e+00   0.00000000e+00
   390       1   3.25853455e-03   2.08692497e-01
   390       2   1.09464222e-07   1.09416257e-10
   390       3   0.00000000e+00   0.00000000e+00
   391       1   2.94449264e-03   2.33361177e-01
   391       2   9.91990609e-08   1.22539644e-10
   391       3   0.00000000e+00   0.00000000e+00
   392       1   2.63161337e-03   2.64518358e-01
   392       2   8.89602449e-08   1.39188285e-10
   392       3   0.00000000e+00   0.00000000e+00
   393       1   2.31975863e-03   3.05114925e-01
   393       2   7.87444752e-08   1.61594208e-10
   393       3   0.00000000e+00   0.00000000e+00
   394       1   2.00879230e-03   3.60201287e-01
   394       2   6.85484941e-08   1.92027561e-10
   394       3   0.00000000e+00   0.00000000e+00
   395       1   1.69858000e-03   4.39185613e-01
   395       2   5.83690791e-08   2.35814581e-10
   395       3   0.00000000e+00   0.00000000e+00
   396       1   1.38898882e-03   5.61777044e-01
   396       2   4.82030369e-08   3.06189358e-10
   396       3   0.00000000e+00   0.00000000e+00
   397       1   1.07988704e-03   7.77138001e-01
   397       2   3.80471968e-08   4.31021652e-10
   397       3   0.00000000e+00   0.00000000e+00
   398       1   7.71143898e-04   1.24942152e+00
   398       2   2.78984083e-08   7.16679060e-10
   398       3   0.00000000e+00   0.00000000e+00
   399       1   4.62629326e-04   2.99938214e+00
   399       2   1.77535319e-08   1.85820196e-09
   399       3   0.00000000e+00   0.00000000e+00
   400       1   1.54213710e-04   2.26737812e+07
   400       2   7.60943675e-09   1.87844078e-02
   400       3   0.00000000e+00   0.00000000e+00
   401       1   1.54232356e-04   1.00000004e+00
   401       2   2.53700536e-09   1.70508969e-10
   401       3   0.00000000e+00   0.00000000e+00
   402       1   4.62838317e-04   7.49961524e-01
   402       2   1.26889262e-08   2.96486993e-10
   402       3   0.00000000e+00   0.00000000e+00
   403       1   7.71733900e-04   5.55441345e-01
   403       2   2.28494655e-08   2.44273976e-10
   403       3   0.00000000e+00   0.00000000e+00
   404       1   1.08104936e-03   4.37297553e-01
   404       2   3.30217767e-08   2.01096854e-10
   404       3   0.00000000e+00   0.00000000e+00
   405       1   1.39091572e-03   3.59703778e-01
   405       2   4.32090312e-08   1.69010823e-10
   405       3   0.00000000e+00   0.00000000e+00
   406       1   1.70146505e-03   3.05162620e-01
   406       2   5.34144254e-08   1.45570975e-10
   406       3   0.00000000e+00   0.00000000e+00
   407       1   2.01283068e-03   2.64814714e-01
   407       2   6.36411855e-08   1.27410521e-10
   407       3   0.00000000e+00   0.00000000e+00
   408       1   2.32514749e-03   2.33783968e-01
   408       2   7.38925721e-08   1.13101781e-10
   408       3   0.00000000e+00   0.00000000e+00
   409       1   2.63855217e-03   2.09185080e-01
   409       2   8.41718879e-08   1.02099184e-10
   409       3   0.00000000e+00   0.00000000e+00
   410       1   2.95318349e-03   1.89207504e-01
   410       2   9.44824824e-08   9.25167977e-11
   410       3   0.00000000e+00   0.00000000e+00
   411       1   3.26918259e-03   1.72659720e-01
   411       2   1.04827758e-07   8.46296390e-11
   411       3   0.00000000e+00   0.00000000e+00
   412       1   3.58669328e-03   1.58726333e-01
   412       2   1.15211176e-07   7.79521588e-11
   412       3   0.00000000e+00   0.00000000e+00
   413       1   3.90586232e-03   1.46830885e-01
   413       2   1.25636266e-07   7.27439644e-11
   413       3   0.00000000e+00   0.00000000e+00
   414       1   4.22683976e-03   1.36554482e-01
   414       2   1.36106629e-07   6.72875209e-11
   414       3   0.00000000e+00   0.00000000e+00
   415       1   4.54977929e-03   1.27585493e-01
   415       2   1.46625945e-07   6.32811542e-11
   415       3   0.00000000e+00   0.00000000e+00
   416       1   4.87483852e-03   1.19687329e-01
   416       2   1.57197985e-07   5.93367014e-11
   416       3   0.00000000e+00   0.00000000e+00
   417       1   5.20217945e-03   1.12677169e-01
   417       2   1.67826612e-07   5.59670541e-11
   417       3   0.00000000e+00   0.00000000e+00
   418       1   5.53196876e-03   1.06411517e-01
   418       2   1.78515795e-07   5.29835220e-11
   418       3   0.00000000e+00   0.00000000e+00
   419       1   5.86437828e-03   1.00776180e-01
   419       2   1.89269617e-07   5.05698740e-11
   419       3   1.17462687e-16   0.00000000e+00
   420       1   6.19958540e-03   9.56791592e-02
   420       2   2.00092281e-07   4.77444076e-11
   420       3   0.00000000e+00   0.00000000e+00
   421       1   6.53777354e-03   9.10455066e-02
   421       2   2.10988122e-07   4.57386849e-11
   421       3   0.00000000e+00   0.00000000e+00
   422       1   6.87913263e-03   8.68135554e-02
   422       2   2.21961619e-07   4.36735576e-11
   422       3   0.00000000e+00   0.00000000e+00
   423       1   7.22385965e-03   8.29321033e-02
   423       2   2.33017405e-07   4.13495690e-11
   423       3   0.00000000e+00   0.00000000e+00
   424       1   7.57215919e-03   7.93582837e-02
   424       2   2.44160277e-07   3.96082220e-11
   424       3   1.21560692e-16   0.00000000e+00
   425       1   7.92424401e-03   7.60559367e-02
   425       2   2.55395212e-07   3.80813763e-11
   425       3   0.00000000e+00   0.00000000e+00
   426       1   8.28033574e-03   7.29943468e-02
   426       2   2.66727381e-07   3.65387124e-11
   426       3   0.00000000e+00   0.00000000e+00
   427       1   8.64066553e-03   7.01472556e-02
   427       2   2.78162159e-07   3.47852597e-11
   427       3   0.00000000e+00   0.00000000e+00
   428       1   9.00547483e-03   6.74920818e-02
   428       2   2.89705146e-07   3.36319529e-11
   428       3   0.00000000e+00   0.00000000e+00
   429       1   9.37501614e-03   6.50092991e-02
   429       2   3.01362184e-07   3.29287747e-11
   429       3   0.00000000e+00   0.00000000e+00
   430       1   9.74955395e-03   6.26819364e-02
   430       2   3.13139371e-07   3.17970622e-11
   430       3   0.00000000e+00   0.00000000e+00
   431       1   1.01293656e-02   6.04951731e-02
   431       2   3.25043085e-07   3.04696642e-11
   431       3   0.00000000e+00   0.00000000e+00
   432       1   1.05147423e-02   5.84360086e-02
   432       2   3.37080005e-07   2.94554982e-11
   432       3   1.30802846e-16   0.00000000e+00
   433       1   1.09059905e-02   5.64929913e-02
   433       2   3.49257135e-07   2.83226206e-11
   433       3   0.00000000e+00   0.00000000e+00
   434       1   1.13034325e-02   5.46559942e-02
   434       2   3.61581828e-07   2.75773933e-11
   434       3   0.00000000e+00   0.00000000e+00
   435       1   1.17074084e-02   5.29160287e-02
   435       2   3.74061813e-07   2.66729163e-11
   435       3   0.00000000e+00   0.00000000e+00
   436       1   1.21182772e-02   5.12650888e-02
   436       2   3.86705230e-07   2.58578872e-11
   436       3   0.00000000e+00   0.00000000e+00
   437       1   1.25364184e-02   4.96960202e-02
   437       2   3.99520658e-07   2.51122314e-11
   437       3   0.00000000e+00   0.00000000e+00
   438       1   1.29622336e-02   4.82024099e-02
   438       2   4.12517155e-07   2.41642445e-11
   438       3   0.00000000e+00   0.00000000e+00
   439       1   1.33961487e-02   4.67784923e-02
   439       2   4.25704296e-07   2.38571678e-11
   439       3   0.00000000e+00   0.00000000e+00
   440       1   1.38386156e-02   4.54190696e-02
   440       2   4.39092215e-07   2.33392967e-11
   440       3   0.00000000e+00   0.00000000e+00
   441       1   1.42901148e-02   4.41194429e-02
   441       2   4.52691659e-07   2.23928383e-11
   441       3   0.00000000e+00   0.00000000e+00
   442       1   1.47511575e-02   4.28753542e-02
   442       2   4.66514032e-07   2.17807110e-11
   442       3   0.00000000e+00   0.00000000e+00
   443       1   1.52222888e-02   4.16829351e-02
   443       2   4.80571462e-07   2.07451468e-11
   443       3   0.00000000e+00   0.00000000e+00
   444       1   1.57040904e-02   4.05386636e-02
   444       2   4.94876860e-07   2.01125391e-11
   444       3   0.00000000e+00   0.00000000e+00
   445       1   1.61971840e-02   3.94393256e-02
   445       2   5.09443992e-07   2.00811615e-11
   445       3   0.00000000e+00   0.00000000e+00
   446       1   1.67022354e-02   3.83819820e-02
   446       2   5.24287563e-07   1.88185988e-11
   446       3   0.00000000e+00   0.00000000e+00
   447       1   1.72199583e-02   3.73639398e-02
   447       2   5.39423298e-07   1.86285561e-11
   447       3   0.00000000e+00   0.00000000e+00
   448       1   1.77511189e-02   3.63827263e-02
   448       2   5.54868045e-07   1.89340342e-11
   448       3   0.00000000e+00   0.00000000e+00
   449       1   1.82965417e-02   3.54360674e-02
   449       2   5.70639884e-07   1.77531402e-11
   449       3   0.00000000e+00   0.00000000e+00
   450       1   1.88571144e-02   3.45218677e-02
   450       2   5.86758248e-07   1.72100171e-11
   450       3   0.00000000e+00   0.00000000e+00
   451       1   1.94337954e-02   3.36381928e-02
   451       2   6.03244063e-07   1.69526515e-11
   451       3   0.00000000e+00   0.00000000e+00
   452       1   2.00276202e-02   3.27832543e-02
   452       2   6.20119902e-07   1.65982184e-11
   452       3   1.76717805e-16   0.00000000e+00
   453       1   2.06397104e-02   3.19553962e-02
   453       2   6.37410157e-07   1.62807169e-11
   453       3   0.00000000e+00   0.00000000e+00
   454       1   2.12712827e-02   3.11530824e-02
   454       2   6.55141239e-07   1.55755261e-11
   454       3   0.00000000e+00   0.00000000e+00
   455       1   2.19236596e-02   3.03748860e-02
   455       2   6.73341801e-07   1.53491558e-11
   455       3   0.00000000e+00   0.00000000e+00
   456       1   2.25982814e-02   2.96194797e-02
   456       2   6.92042990e-07   1.51916474e-11
   456       3   0.00000000e+00   0.00000000e+00
   457       1   2.32967198e-02   2.88856269e-02
   457       2   7.11278736e-07   1.56150054e-11
   457       3   1.96977908e-16   0.00000000e+00
   458       1   2.40206938e-02   2.81721742e-02
   458       2   7.31086081e-07   1.43279460e-11
   458       3   0.00000000e+00   0.00000000e+00
   459       1   2.47720875e-02   2.74780439e-02
   459       2   7.51505562e-07   1.42825826e-11
   459       3   0.00000000e+00   0.00000000e+00
   460       1   2.55529709e-02   2.68022283e-02
   460       2   7.72581636e-07   1.37642061e-11
   460       3   2.11987698e-16   0.00000000e+00
   461       1   2.63656232e-02   2.61437834e-02
   461       2   7.94363190e-07   1.36410350e-11
   461       3   4.35153427e-16   0.00000000e+00
   462       1   2.72125613e-02   2.55018241e-02
   462       2   8.16904117e-07   1.28889671e-11
   462       3   1.11748675e-16   0.00000000e+00
   463       1   2.80965709e-02   2.48755196e-02
   463       2   8.40263988e-07   1.24049840e-11
   463       3   1.14888333e-16   0.00000000e+00
   464       1   2.90207445e-02   2.42640885e-02
   464       2   8.64508843e-07   1.21550290e-11
   464       3   0.00000000e+00   0.00000000e+00
   465       1   2.99885250e-02   2.36667959e-02
   465       2   8.89712108e-07   1.20433715e-11
   465       3   0.00000000e+00   0.00000000e+00
   466       1   3.10037569e-02   2.30829492e-02
   466       2   9.15955678e-07   1.15750713e-11
   466       3   1.25542720e-16   0.00000000e+00
   467       1   3.20707480e-02   2.25118950e-02
   467       2   9.43331196e-07   1.17743267e-11
   467       3   1.29568847e-16   0.00000000e+00
   468       1   3.31943405e-02   2.19530165e-02
   468       2   9.71941576e-07   1.13952593e-11
   468       3   1.33869669e-16   0.00000000e+00
   469       1   3.43799985e-02   2.14057302e-02
   469       2   1.00190281e-06   1.07259602e-11
   469       3   2.76943938e-16   0.00000000e+00
   470       1   3.56339104e-02   2.08694843e-02
   470       2   1.03334614e-06   1.12169460e-11
   470       3   0.00000000e+00   0.00000000e+00
   471       1   3.69631147e-02   2.03437558e-02
   471       2   1.06642071e-06   1.07154108e-11
   471       3   2.97413394e-16   0.00000000e+00
   472       1   3.83756511e-02   1.98280484e-02
   472       2   1.10129669e-06   9.82925079e-12
   472       3   0.00000000e+00   0.00000000e+00
   473       1   3.98807463e-02   1.93218912e-02
   473       2   1.13816926e-06   1.02575651e-11
   473       3   0.00000000e+00   0.00000000e+00
   474       1   4.14890418e-02   1.88248363e-02
   474       2   1.17726331e-06   9.35365145e-12
   474       3   0.00000000e+00   0.00000000e+00
   475       1   4.32128770e-02   1.83364577e-02
   475       2   1.21883946e-06   9.32965501e-12
   475       3   0.00000000e+00   0.00000000e+00
   476       1   4.50666429e-02   1.78563492e-02
   476       2   1.26320142e-06   9.00755727e-12
   476       3   1.82321392e-16   0.00000000e+00
   477       1   4.70672278e-02   1.73841238e-02
   477       2   1.31070542e-06   8.63930202e-12
   477       3   1.90902504e-16   0.00000000e+00
   478       1   4.92345850e-02   1.69194117e-02
   478       2   1.36177207e-06   8.64108833e-12
   478       3   2.00301237e-16   0.00000000e+00
   479       1   5.15924623e-02   1.64618595e-02
   479       2   1.41690173e-06   8.17731786e-12
   479       3   0.00000000e+00   0.00000000e+00
   480       1   5.41693503e-02   1.60111292e-02
   480       2   1.47669440e-06   7.79495871e-12
   480       3   0.00000000e+00   0.00000000e+00
   481       1   5.69997307e-02   1.55668967e-02
   481       2   1.54187591e-06   7.95671547e-12
   481       3   1.17350363e-16   0.00000000e+00
   482       1   6.01257400e-02   1.51288513e-02
   482       2   1.61333292e-06   7.98479806e-12
   482       3   1.24405939e-16   0.00000000e+00
   483       1   6.35994210e-02   1.46966947e-02
   483       2   1.69216015e-06   7.24591422e-12
   483       3   1.32317861e-16   0.00000000e+00
   484       1   6.74858181e-02   1.42701399e-02
   484       2   1.77972538e-06   6.75183765e-12
   484       3   0.00000000e+00   0.00000000e+00
   485       1   7.18673107e-02   1.38489108e-02
   485       2   1.87776047e-06   7.12290116e-12
   485       3   3.02795920e-16   0.00000000e+00
   486       1   7.68498045e-02   1.34327414e-02
   486       2   1.98849134e-06   6.52449693e-12
   486       3   1.63032540e-16   0.00000000e+00
   487       1   8.25717792e-02   1.30213746e-02
   487       2   2.11482799e-06   6.64102714e-12
   487       3   1.76494053e-16   0.00000000e+00
   488       1   8.92178611e-02   1.26145625e-02
   488       2   2.26064945e-06   6.21007244e-12
   488       3   1.92240041e-16   0.00000000e+00
   489       1   9.70397978e-02   1.22120648e-02
   489       2   2.43124428e-06   6.51693464e-12
   489       3   2.10894463e-16   0.00000000e+00
   490       1   1.06390019e-01   1.18136490e-02
   490       2   2.63401519e-06   6.13463345e-12
   490       3   1.16665457e-16   0.00000000e+00
   491       1   1.17777570e-01   1.14190892e-02
   491       2   2.87965361e-06   5.38975053e-12
   491       3   3.91216966e-16   0.00000000e+00
   492       1   1.31965997e-01   1.10281663e-02
   492       2   3.18419501e-06   5.59445801e-12
   492       3   2.95228595e-16   0.00000000e+00
   493       1   1.50155129e-01   1.06406669e-02
   493       2   3.57283599e-06   5.48135624e-12
   493       3   1.69778735e-16   0.00000000e+00
   494       1   1.74344655e-01   1.02563829e-02
   494       2   4.08756852e-06   5.38586678e-12
   494       3   5.98133805e-16   0.00000000e+00
   495       1   2.08133978e-01   9.87511158e-03
   495       2   4.80397512e-06   4.64000975e-12
   495       3   3.61311151e-16   0.00000000e+00
   496       1   2.58721867e-01   9.49665445e-03
   496       2   5.87321688e-06   5.10994612e-12
   496       3   6.06383433e-16   0.00000000e+00
   497       1   3.42905447e-01   9.12081734e-03
   497       2   7.64799754e-06   4.62552021e-12
   497       3   6.10732041e-16   0.00000000e+00
   498       1   5.11076329e-01   8.74740980e-03
   498       2   1.11864198e-05   4.58458005e-12
   498       3   7.69043672e-16   0.00000000e+00
   499       1   1.01519661e+00   8.37624476e-03
   499       2   2.17789793e-05   4.44282387e-12
   499       3   1.85968854e-15   0.00000000e+00
   500       1   4.74925406e+04   8.00713811e-03
   500       2   3.63159195e+02   3.66302573e-12
   500       3   1.94314192e-08   0.00000000e+00
   500       4   0.00000000e+00   0.00000000e+00
   501       1   9.99999941e-01   7.63990841e-03
   501       2   2.05213191e-05   3.49122819e-12
   501       3   1.10199372e-15   0.00000000e+00
   502       1   4.95905923e-01   7.27437647e-03
   502       2   9.92828314e-06   3.80379938e-12
   502       3   7.93591461e-16   0.00000000e+00
   503       1   3.27731279e-01   6.91036502e-03
   503       2   6.38906336e-06   3.61745480e-12
   503       3   6.40212150e-16   0.00000000e+00
   504       1   2.43536179e-01   6.54769838e-03
   504       2   4.61316441e-06   3.30001063e-12
   504       3   3.22866375e-16   0.00000000e+00
   505       1   1.92931738e-01   6.18620208e-03
   505       2   3.54248239e-06   2.74621624e-12
   505       3   2.60576128e-16   0.00000000e+00
   506       1   1.59121489e-01   5.82570256e-03
   506       2   2.82431179e-06   2.88053938e-12
   506       3   0.00000000e+00   0.00000000e+00
   507       1   1.34906865e-01   5.46602682e-03
   507       2   2.30748935e-06   2.62742347e-12
   507       3   1.89554009e-16   0.00000000e+00
   508       1   1.16688529e-01   5.10700208e-03
   508       2   1.91642993e-06   2.25864849e-12
   508       3   0.00000000e+00   0.00000000e+00
   509       1   1.02466804e-01   4.74845544e-03
   509       2   1.60913856e-06   2.27271886e-12
   509       3   1.50279208e-16   0.00000000e+00
   510       1   9.10418404e-02   4.39021351e-03
   510       2   1.36041514e-06   2.20331591e-12
   510       3   0.00000000e+00   0.00000000e+00
   511       1   8.16500594e-02   4.03210213e-03
   511       2   1.15422030e-06   2.11816786e-12
   511       3   0.00000000e+00   0.00000000e+00
   512       1   7.37823708e-02   3.67394593e-03
   512       2   9.79858256e-07   2.12637471e-12
   512       3   0.00000000e+00   0.00000000e+00
   513       1   6.70862915e-02   3.31556804e-03
   513       2   8.29921442e-07   2.39505899e-12
   513       3   0.00000000e+00   0.00000000e+00
   514       1   6.13100124e-02   2.95678967e-03
   514       2   6.99116002e-07   1.72822970e-12
   514       3   0.00000000e+00   0.00000000e+00
   515       1   5.62688389e-02   2.59742974e-03
   515       2   5.83557067e-07   1.03677423e-12
   515       3   0.00000000e+00   0.00000000e+00
   516       1   5.18242157e-02   2.23730452e-03
   516       2   4.80328307e-07   1.25654833e-12
   516       3   1.82094777e-16   0.00000000e+00
   517       1   4.78701547e-02   1.87622714e-03
   517       2   3.87196910e-07   9.73872900e-13
   517       3   1.73377939e-16   0.00000000e+00
   518       1   4.43241866e-02   1.51400724e-03
   518       2   3.02423570e-07   5.27113403e-13
   518       3   0.00000000e+00   0.00000000e+00
   519       1   4.11211700e-02   1.15045047e-03
   519       2   2.24632461e-07   6.42176786e-13
   519       3   0.00000000e+00   0.00000000e+00
   520       1   3.82089574e-02   7.85358034e-04
   520       2   1.52720209e-07   4.36198743e-13
   520       3   1.52809088e-16   0.00000000e+00
   521       1   3.55452993e-02   4.18526215e-04
   521       2   8.57908656e-08   3.65630507e-13
   521       3   0.00000000e+00   0.00000000e+00
   522       1   3.30955931e-02   4.97458203e-05
   522       2   2.31085955e-08   1.48840991e-13
   522       3   0.00000000e+00   0.00000000e+00
   523       1   3.08312181e-02   3.21198352e-04
   523       2   3.59372976e-08   5.26593134e-14
   523       3   0.00000000e+00   0.00000000e+00
   524       1   2.87282875e-02   6.94528105e-04
   524       2   9.18586196e-08   3.28158221e-13
   524       3   0.00000000e+00   0.00000000e+00
   525       1   2.67666992e-02   1.07047247e-03
   525       2   1.45088247e-07   6.40398424e-13
   525       3   0.00000000e+00   0.00000000e+00
   526       1   2.49294057e-02   1.44926836e-03
   526       2   1.95995494e-07   6.29892366e-13
   526       3   0.00000000e+00   0.00000000e+00
   527       1   2.32018458e-02   1.83116131e-03
   527       2   2.44898083e-07   9.27863529e-13
   527       3   0.00000000e+00   0.00000000e+00
   528       1   2.15714985e-02   2.21640621e-03
   528       2   2.92071565e-07   8.34443028e-13
   528       3   0.00000000e+00   0.00000000e+00
   529       1   2.00275284e-02   2.60526814e-03
   529       2   3.37756805e-07   1.26221053e-12
   529       3   0.00000000e+00   0.00000000e+00
   530       1   1.85605017e-02   2.99802326e-03
   530       2   3.82165990e-07   1.48724780e-12
   530       3   0.00000000e+00   0.00000000e+00
   531       1   1.71621576e-02   3.39495973e-03
   531       2   4.25487497e-07   1.97560350e-12
   531       3   0.00000000e+00   0.00000000e+00
   532       1   1.58252217e-02   3.79637879e-03
   532       2   4.67889863e-07   1.78910597e-12
   532       3   0.00000000e+00   0.00000000e+00
   533       1   1.45432537e-02   4.20259583e-03
   533       2   5.09525055e-07   2.08248849e-12
   533       3   0.00000000e+00   0.00000000e+00
   534       1   1.33105205e-02   4.61394163e-03
   534       2   5.50531194e-07   2.15802721e-12
   534       3   0.00000000e+00   0.00000000e+00
   535       1   1.21218922e-02   5.03076365e-03
   535       2   5.91034829e-07   2.43736387e-12
   535       3   0.00000000e+00   0.00000000e+00
   536       1   1.09727544e-02   5.45342749e-03
   536       2   6.31152862e-07   2.69419090e-12
   536       3   0.00000000e+00   0.00000000e+00
   537       1   9.85893380e-03   5.88231843e-03
   537       2   6.70994191e-07   2.97025104e-12
   537       3   0.00000000e+00   0.00000000e+00
   538       1   8.77663653e-03   6.31784314e-03
   538       2   7.10661128e-07   3.06982137e-12
   538       3   2.11056518e-16   0.00000000e+00
   539       1   7.72239418e-03   6.76043157e-03
   539       2   7.50250625e-07   3.92518736e-12
   539       3   0.00000000e+00   0.00000000e+00
   540       1   6.69301831e-03   7.21053899e-03
   540       2   7.89855362e-07   3.36806736e-12
   540       3   2.08024639e-16   0.00000000e+00
   541       1   5.68556081e-03   7.66864824e-03
   541       2   8.29564720e-07   3.99172316e-12
   541       3   2.06841731e-16   0.00000000e+00
   542       1   4.69727939e-03   8.13527224e-03
   542       2   8.69465645e-07   4.34635172e-12
   542       3   0.00000000e+00   0.00000000e+00
   543       1   3.72560736e-03   8.61095670e-03
   543       2   9.09643454e-07   3.78015830e-12
   543       3   0.00000000e+00   0.00000000e+00
   544       1   2.76812677e-03   9.09628318e-03
   544       2   9.50182588e-07   4.75997851e-12
   544       3   0.00000000e+00   0.00000000e+00
   545       1   1.82254449e-03   9.59187242e-03
   545       2   9.91167306e-07   4.74775770e-12
   545       3   2.04161860e-16   0.00000000e+00
   546       1   8.86670567e-04   1.00983881e-02
   546       2   1.03268238e-06   4.82736953e-12
   546       3   0.00000000e+00   0.00000000e+00
   547       1   4.16015753e-05   1.06165410e-02
   547       2   1.07481375e-06   5.46928597e-12
   547       3   0.00000000e+00   0.00000000e+00
   548       1   9.64313390e-04   1.11470934e-02
   548       2   1.11764919e-06   5.48328903e-12
   548       3   0.00000000e+00   0.00000000e+00
   549       1   1.88345838e-03   1.16908648e-02
   549       2   1.16127901e-06   5.42886368e-12
   549       3   0.00000000e+00   0.00000000e+00
   550       1   2.80099842e-03   1.22487369e-02
   550       2   1.20579670e-06   5.94860527e-12
   550       3   0.00000000e+00   0.00000000e+00
   551       1   3.71887956e-03   1.28216607e-02
   551       2   1.25129970e-06   6.84504984e-12
   551       3   2.05905105e-16   0.00000000e+00
   552       1   4.63904753e-03   1.34106636e-02
   552       2   1.29789015e-06   6.83602430e-12
   552       3   0.00000000e+00   0.00000000e+00
   553       1   5.56346324e-03   1.40168576e-02
   553       2   1.34567573e-06   6.95094669e-12
   553       3   0.00000000e+00   0.00000000e+00
   554       1   6.49411860e-03   1.46414483e-02
   554       2   1.39477055e-06   7.18713986e-12
   554       3   2.09361172e-16   0.00000000e+00
   555       1   7.43305278e-03   1.52857459e-02
   555       2   1.44529612e-06   7.52749747e-12
   555       3   0.00000000e+00   0.00000000e+00
   556       1   8.38236929e-03   1.59511769e-02
   556       2   1.49738246e-06   8.33268940e-12
   556       3   0.00000000e+00   0.00000000e+00
   557       1   9.34425426e-03   1.66392976e-02
   557       2   1.55116932e-06   8.24286759e-12
   557       3   0.00000000e+00   0.00000000e+00
   558       1   1.03209961e-02   1.73518098e-02
   558       2   1.60680753e-06   8.85708717e-12
   558       3   0.00000000e+00   0.00000000e+00
   559       1   1.13150069e-02   1.80905785e-02
   559       2   1.66446052e-06   9.11731448e-12
   559       3   2.19340764e-16   0.00000000e+00
   560       1   1.23288467e-02   1.88576525e-02
   560       2   1.72430613e-06   9.60542118e-12
   560       3   2.22044600e-16   0.00000000e+00
   561       1   1.33652495e-02   1.96552877e-02
   561       2   1.78653857e-06   9.75533729e-12
   561       3   1.12505940e-16   0.00000000e+00
   562       1   1.44271538e-02   2.04859751e-02
   562       2   1.85137072e-06   1.01920114e-11
   562       3   2.28257738e-16   0.00000000e+00
   563       1   1.55177368e-02   2.13524719e-02
   563       2   1.91903684e-06   1.07631740e-11
   563       3   1.15899668e-16   0.00000000e+00
   564       1   1.66404536e-02   2.22578390e-02
   564       2   1.98979563e-06   1.11986539e-11
   564       3   1.17828057e-16   0.00000000e+00
   565       1   1.77990827e-02   2.32054841e-02
   565       2   2.06393384e-06   1.18916794e-11
   565       3   2.39850081e-16   0.00000000e+00
   566       1   1.89977790e-02   2.41992131e-02
   566       2   2.14177055e-06   1.25035843e-11
   566       3   1.22203088e-16   0.00000000e+00
   567       1   2.02411359e-02   2.52432906e-02
   567       2   2.22366212e-06   1.27545373e-11
   567       3   1.24676341e-16   0.00000000e+00
   568       1   2.15342585e-02   2.63425110e-02
   568       2   2.31000815e-06   1.35994551e-11
   568       3   1.27360859e-16   0.00000000e+00
   569       1   2.28828504e-02   2.75022846e-02
   569       2   2.40125853e-06   1.37153076e-11
   569       3   1.30274925e-16   0.00000000e+00
   570       1   2.42933182e-02   2.87287402e-02
   570       2   2.49792193e-06   1.45469350e-11
   570       3   1.33439402e-16   0.00000000e+00
   571       1   2.57728959e-02   3.00288489e-02
   571       2   2.60057601e-06   1.52808915e-11
   571       3   1.36878166e-16   0.00000000e+00
   572       1   2.73297971e-02   3.14105745e-02
   572       2   2.70987980e-06   1.57799768e-11
   572       3   2.81237275e-16   0.00000000e+00
   573       1   2.89733996e-02   3.28830578e-02
   573       2   2.82658885e-06   1.67253845e-11
   573       3   1.44692429e-16   0.00000000e+00
   574       1   3.07144727e-02   3.44568425e-02
   574       2   2.95157390e-06   1.73764844e-11
   574       3   1.49136140e-16   0.00000000e+00
   575       1   3.25654591e-02   3.61441562e-02
   575       2   3.08584393e-06   1.81125093e-11
   575       3   3.07984704e-16   0.00000000e+00
   576       1   3.45408258e-02   3.79592611e-02
   576       2   3.23057508e-06   1.94498700e-11
   576       3   1.59310860e-16   0.00000000e+00
   577       1   3.66575080e-02   3.99188964e-02
   577       2   3.38714698e-06   2.00118885e-11
   577       3   1.65150240e-16   0.00000000e+00
   578       1   3.89354725e-02   4.20428414e-02
   578       2   3.55718915e-06   2.12356919e-11
   578       3   5.14739497e-16   0.00000000e+00
   579       1   4.13984421e-02   4.43546393e-02
   579       2   3.74264046e-06   2.29083104e-11
   579       3   1.78682301e-16   0.00000000e+00
   580       1   4.40748372e-02   4.68825380e-02
   580       2   3.94582660e-06   2.34565036e-11
   580       3   3.73113917e-16   0.00000000e+00
   581       1   4.69990152e-02   4.96607289e-02
   581       2   4.16956187e-06   2.49455345e-11
   581       3   1.95324137e-16   0.00000000e+00
   582       1   5.02129212e-02   5.27309970e-02
   582       2   4.41728501e-06   2.67169521e-11
   582       3   4.10262053e-16   0.00000000e+00
   583       1   5.37683228e-02   5.61449553e-02
   583       2   4.69324287e-06   2.82952980e-11
   583       3   2.16159563e-16   0.00000000e+00
   584       1   5.77298813e-02   5.99671155e-02
   584       2   5.00274299e-06   3.03974021e-11
   584       3   3.42955928e-16   0.00000000e+00
   585       1   6.21794528e-02   6.42791877e-02
   585       2   5.35250724e-06   3.24997818e-11
   585       3   3.64278790e-16   0.00000000e+00
   586       1   6.72222303e-02   6.91862230e-02
   586       2   5.75117697e-06   3.49672136e-11
   586       3   3.88764187e-16   0.00000000e+00
   587       1   7.29957227e-02   7.48255906e-02
   587       2   6.21005132e-06   3.78753403e-11
   587       3   2.78093146e-16   0.00000000e+00
   588       1   7.96832215e-02   8.13804439e-02
   588       2   6.74419467e-06   4.13217263e-11
   588       3   6.00500959e-16   0.00000000e+00
   589       1   8.75346133e-02   8.91005315e-02
   589       2   7.37414816e-06   4.50761082e-11
   589       3   4.89795572e-16   0.00000000e+00
   590       1   9.68996797e-02   9.83354948e-02
   590       2   8.12866814e-06   4.92945859e-11
   590       3   7.16336318e-16   0.00000000e+00
   591       1   1.08283598e-01   1.09590364e-01
   591       2   9.04929017e-06   5.54527478e-11
   591       3   7.93896607e-16   0.00000000e+00
   592       1   1.22444064e-01   1.23622676e-01
   592       2   1.01983161e-05   6.25109962e-11
   592       3   5.56934654e-16   0.00000000e+00
   593       1   1.40571672e-01   1.41622838e-01
   593       2   1.16736472e-05   7.19776415e-11
   593       3   8.89303064e-16   0.00000000e+00
   594       1   1.64650663e-01   1.65574850e-01
   594       2   1.36384504e-05   8.45401766e-11
   594       3   1.03571328e-15   0.00000000e+00
   595       1   1.98252595e-01   1.99049899e-01
   595       2   1.63864239e-05   1.01004654e-10
   595       3   1.24102579e-15   0.00000000e+00
   596       1   2.48520525e-01   2.49190345e-01
   596       2   2.05049611e-05   1.26374379e-10
   596       3   1.54941440e-15   0.00000000e+00
   597       1   3.32121674e-01   3.32661669e-01
   597       2   2.73646435e-05   1.68838345e-10
   597       3   2.06395202e-15   0.00000000e+00
   598       1   4.99058812e-01   4.99460292e-01
   598       2   4.10772081e-05   2.53695093e-10
   598       3   2.87286848e-15   0.00000000e+00
   599       1   9.99361564e-01   9.99568245e-01
   599       2   8.22013165e-05   5.06942693e-10
   599       3   5.74343066e-15   0.00000000e+00
   600       1   1.22925287e+04   7.22576223e+07
   600       2   9.25293706e+01   3.53612131e-02
   600       3   6.58582641e-09   1.14712339e-15
   600       4   0.00000000e+00   0.00000000e+00
   601       1   1.00000089e+00   9.99999986e-01
   601       2   8.22547315e-05   5.07372305e-10
   601       3   5.74344087e-15   0.00000000e+00
   602       1   4.99820240e-01   4.99892031e-01
   602       2   4.11305206e-05   2.53468409e-10
   602       3   3.09386111e-15   0.00000000e+00
   603       1   3.32905850e-01   3.33093374e-01
   603       2   2.74179474e-05   1.69411951e-10
   603       3   2.21137847e-15   0.00000000e+00
   604       1   2.49312823e-01   2.49621997e-01
   604       2   2.05582744e-05   1.27052572e-10
   604       3   1.54941508e-15   0.00000000e+00
   605       1   1.99048829e-01   1.99481484e-01
   605       2   1.64397550e-05   1.01559775e-10
   605       3   1.24102623e-15   0.00000000e+00
   606       1   1.65449222e-01   1.66006351e-01
   606       2   1.36918058e-05   8.38032071e-11
   606       3   8.87754501e-16   0.00000000e+00
   607       1   1.41371829e-01   1.42054240e-01
   607       2   1.17270323e-05   7.20429969e-11
   607       3   8.89303289e-16   0.00000000e+00
   608       1   1.23245461e-01   1.24053963e-01
   608       2   1.02517361e-05   6.30235666e-11
   608       3   7.79708689e-16   0.00000000e+00
   609       1   1.09086053e-01   1.10021521e-01
   609       2   9.10275018e-06   5.60181305e-11
   609       3   7.93896764e-16   0.00000000e+00
   610       1   9.77031064e-02   9.87665063e-02
   610       2   8.18217325e-06   5.02284197e-11
   610       3   5.37252334e-16   0.00000000e+00
   611       1   8.83389764e-02   8.95313819e-02
   611       2   7.42770344e-06   4.55105387e-11
   611       3   4.89795651e-16   0.00000000e+00
   612       1   8.04885190e-02   8.18111174e-02
   612       2   6.79780523e-06   4.17186813e-11
   612       3   4.50375786e-16   0.00000000e+00
   613       1   7.38019734e-02   7.52560714e-02
   613       2   6.26372234e-06   3.86225747e-11
   613       3   5.56186369e-16   0.00000000e+00
   614       1   6.80294672e-02   6.96164952e-02
   614       2   5.80491369e-06   3.54291965e-11
   614       3   2.59176158e-16   0.00000000e+00
   615       1   6.29877190e-02   6.47092354e-02
   615       2   5.40631496e-06   3.30942176e-11
   615       3   4.85705111e-16   0.00000000e+00
   616       1   5.85392272e-02   6.03969226e-02
   616       2   5.05662712e-06   3.06668257e-11
   616       3   4.57274622e-16   0.00000000e+00
   617       1   5.45788044e-02   5.65745056e-02
   617       2   4.74720891e-06   2.91562238e-11
   617       3   2.16159586e-16   0.00000000e+00
   618       1   5.10245995e-02   5.31602741e-02
   618       2   4.47133857e-06   2.70636356e-11
   618       3   4.10262094e-16   0.00000000e+00
   619       1   4.78119549e-02   5.00897164e-02
   619       2   4.22370867e-06   2.53071165e-11
   619       3   3.90648311e-16   0.00000000e+00
   620       1   4.48891066e-02   4.73112193e-02
   620       2   4.00007248e-06   2.40125017e-11
   620       3   3.73113950e-16   0.00000000e+00
   621       1   4.22141125e-02   4.47829975e-02
   621       2   3.79699141e-06   2.26404155e-11
   621       3   1.78682316e-16   0.00000000e+00
   622       1   3.97526185e-02   4.24708597e-02
   622       2   3.61165130e-06   2.12890913e-11
   622       3   1.71579846e-16   0.00000000e+00
   623       1   3.74762068e-02   4.03465576e-02
   623       2   3.44172662e-06   2.06386419e-11
   623       3   1.65150253e-16   0.00000000e+00
   624       1   3.53611575e-02   3.83865478e-02
   624       2   3.28527866e-06   1.96841317e-11
   624       3   1.59310872e-16   0.00000000e+00
   625       1   3.33875068e-02   3.65710511e-02
   625       2   3.14067809e-06   1.86081204e-11
   625       3   1.53992363e-16   0.00000000e+00
   626       1   3.15383226e-02   3.48833278e-02
   626       2   3.00654546e-06   1.75773198e-11
   626       3   1.49136150e-16   0.00000000e+00
   627       1   2.97991405e-02   3.33091156e-02
   627       2   2.88170485e-06   1.76712764e-11
   627       3   1.44692438e-16   0.00000000e+00
   628       1   2.81575214e-02   3.18361867e-02
   628       2   2.76514748e-06   1.61136915e-11
   628       3   1.40618647e-16   0.00000000e+00
   629       1   2.66026990e-02   3.04539971e-02
   629       2   2.65600288e-06   1.54956428e-11
   629       3   2.73756349e-16   0.00000000e+00
   630       1   2.51252992e-02   2.91534058e-02
   630       2   2.55351572e-06   1.49077066e-11
   630       3   1.33439410e-16   0.00000000e+00
   631       1   2.37171119e-02   2.79264486e-02
   631       2   2.45702724e-06   1.47087239e-11
   631       3   1.30274933e-16   0.00000000e+00
   632       1   2.23709068e-02   2.67661543e-02
   632       2   2.36596007e-06   1.35552001e-11
   632       3   2.54721732e-16   0.00000000e+00
   633       1   2.10802818e-02   2.56663938e-02
   633       2   2.27980585e-06   1.29220292e-11
   633       3   1.24676347e-16   0.00000000e+00
   634       1   1.98395372e-02   2.46217565e-02
   634       2   2.19811502e-06   1.20298737e-11
   634       3   1.22203095e-16   0.00000000e+00
   635       1   1.86435728e-02   2.36274476e-02
   635       2   2.12048832e-06   1.20813227e-11
   635       3   2.39850093e-16   0.00000000e+00
   636       1   1.74878000e-02   2.26792023e-02
   636       2   2.04656975e-06   1.10912027e-11
   636       3   1.17828063e-16   0.00000000e+00
   637       1   1.63680691e-02   2.17732144e-02
   637       2   1.97604065e-06   1.10120225e-11
   637       3   2.31799348e-16   0.00000000e+00
   638       1   1.52806072e-02   2.09060756e-02
   638       2   1.90861468e-06   1.07846975e-11
   638       3   1.14128874e-16   0.00000000e+00
   639       1   1.42219652e-02   2.00747249e-02
   639       2   1.84403360e-06   1.03743991e-11
   639       3   1.12505945e-16   0.00000000e+00
   640       1   1.31889723e-02   1.92764046e-02
   640       2   1.78206365e-06   9.53372555e-12
   640       3   1.11022305e-16   0.00000000e+00
   641       1   1.21786967e-02   1.85086234e-02
   641       2   1.72249245e-06   8.91478542e-12
   641       3   2.19340774e-16   0.00000000e+00
   642       1   1.11884117e-02   1.77691249e-02
   642       2   1.66512636e-06   9.34876459e-12
   642       3   0.00000000e+00   0.00000000e+00
   643       1   1.02155653e-02   1.70558599e-02
   643       2   1.60978815e-06   8.96197065e-12
   643       3   2.14671781e-16   0.00000000e+00
   644       1   9.25775356e-03   1.63669630e-02
   644       2   1.55631503e-06   7.95819686e-12
   644       3   0.00000000e+00   0.00000000e+00
   645       1   8.31269729e-03   1.57007319e-02
   645       2   1.50455685e-06   7.90649613e-12
   645       3   0.00000000e+00   0.00000000e+00
   646       1   7.37822004e-03   1.50556098e-02
   646       2   1.45437464e-06   7.71890238e-12
   646       3   0.00000000e+00   0.00000000e+00
   647       1   6.45222878e-03   1.44301698e-02
   647       2   1.40563918e-06   7.06291034e-12
   647       3   2.08010626e-16   0.00000000e+00
   648       1   5.53269566e-03   1.38231012e-02
   648       2   1.35822980e-06   7.29862023e-12
   648       3   0.00000000e+00   0.00000000e+00
   649       1   4.61764099e-03   1.32331978e-02
   649       2   1.31203336e-06   6.68135933e-12
   649       3   2.05905112e-16   0.00000000e+00
   650       1   3.70511707e-03   1.26593470e-02
   650       2   1.26694319e-06   6.78082875e-12
   650       3   0.00000000e+00   0.00000000e+00
   651       1   2.79319248e-03   1.21005209e-02
   651       2   1.22285826e-06   6.26579107e-12
   651       3   0.00000000e+00   0.00000000e+00
   652       1   1.87993669e-03   1.15557680e-02
   652       2   1.17968231e-06   5.66367563e-12
   652       3   0.00000000e+00   0.00000000e+00
   653       1   9.63404706e-04   1.10242057e-02
   653       2   1.13732315e-06   5.43071783e-12
   653       3   0.00000000e+00   0.00000000e+00
   654       1   4.16213637e-05   1.05050142e-02
   654       2   1.09569191e-06   5.01201322e-12
   654       3   0.00000000e+00   0.00000000e+00
   655       1   8.87434791e-04   9.99743029e-03
   655       2   1.05470233e-06   4.92010525e-12
   655       3   4.08323733e-16   0.00000000e+00
   656       1   1.82584848e-03   9.50074263e-03
   656       2   1.01427017e-06   4.70933872e-12
   656       3   0.00000000e+00   0.00000000e+00
   657       1   2.77578579e-03   9.01428679e-03
   657       2   9.74312486e-07   4.60897146e-12
   657       3   0.00000000e+00   0.00000000e+00
   658       1   3.73951366e-03   8.53744128e-03
   658       2   9.34747046e-07   4.11416241e-12
   658       3   0.00000000e+00   0.00000000e+00
   659       1   4.71942127e-03   8.06962378e-03
   659       2   8.95491625e-07   4.10346655e-12
   659       3   2.06841737e-16   0.00000000e+00
   660       1   5.71804367e-03   7.61028775e-03
   660       2   8.56463346e-07   3.81564387e-12
   660       3   2.08024645e-16   0.00000000e+00
   661       1   6.73808823e-03   7.15891945e-03
   661       2   8.17577953e-07   3.62669632e-12
   661       3   0.00000000e+00   0.00000000e+00
   662       1   7.78246445e-03   6.71503516e-03
   662       2   7.78749046e-07   3.67631270e-12
   662       3   0.00000000e+00   0.00000000e+00
   663       1   8.85431796e-03   6.27817872e-03
   663       2   7.39887243e-07   2.94112055e-12
   663       3   0.00000000e+00   0.00000000e+00
   664       1   9.95706953e-03   5.84791923e-03
   664       2   7.00899260e-07   2.95303128e-12
   664       3   0.00000000e+00   0.00000000e+00
   665       1   1.10944602e-02   5.42384905e-03
   665       2   6.61686876e-07   2.97477183e-12
   665       3   0.00000000e+00   0.00000000e+00
   666       1   1.22706036e-02   5.00558188e-03
   666       2   6.22145766e-07   2.51381286e-12
   666       3   0.00000000e+00   0.00000000e+00
   667       1   1.34900480e-02   4.59275107e-03
   667       2   5.82164156e-07   2.04124962e-12
   667       3   0.00000000e+00   0.00000000e+00
   668       1   1.47578483e-02   4.18500806e-03
   668       2   5.41621268e-07   2.04992831e-12
   668       3   0.00000000e+00   0.00000000e+00
   669       1   1.60796529e-02   3.78202094e-03
   669       2   5.00385500e-07   2.03601680e-12
   669       3   0.00000000e+00   0.00000000e+00
   670       1   1.74618066e-02   3.38347311e-03
   670       2   4.58312271e-07   2.19718684e-12
   670       3   0.00000000e+00   0.00000000e+00
   671       1   1.89114747e-02   2.98906212e-03
   671       2   4.15241453e-07   1.47988829e-12
   671       3   1.19221618e-16   0.00000000e+00
   672       1   2.04367933e-02   2.59849850e-03
   672       2   3.70994283e-07   8.34297698e-13
   672       3   0.00000000e+00   0.00000000e+00
   673       1   2.20470529e-02   2.21150476e-03
   673       2   3.25369609e-07   8.67832969e-13
   673       3   0.00000000e+00   0.00000000e+00
   674       1   2.37529239e-02   1.82781443e-03
   674       2   2.78139304e-07   9.00838706e-13
   674       3   0.00000000e+00   0.00000000e+00
   675       1   2.55667358e-02   1.44717117e-03
   675       2   2.29042596e-07   4.89367873e-13
   675       3   0.00000000e+00   0.00000000e+00
   676       1   2.75028261e-02   1.06932793e-03
   676       2   1.77779002e-07   7.22583318e-13
   676       3   1.34138892e-16   0.00000000e+00
   677       1   2.95779798e-02   6.94046216e-04
   677       2   1.23999452e-07   2.69355992e-13
   677       3   0.00000000e+00   0.00000000e+00
   678       1   3.18119889e-02   3.21095363e-04
   678       2   6.72949940e-08   2.23261484e-13
   678       3   0.00000000e+00   0.00000000e+00
   679       1   3.42283708e-02   4.97481475e-05
   679       2   7.18230547e-09   7.38472653e-14
   679       3   0.00000000e+00   0.00000000e+00
   680       1   3.68553030e-02   4.18701303e-04
   680       2   5.69151279e-08   8.71531717e-14
   680       3   0.00000000e+00   0.00000000e+00
   681       1   3.97268517e-02   7.85975155e-04
   681       2   1.25691758e-07   3.75457528e-13
   681       3   0.00000000e+00   0.00000000e+00
   682       1   4.28846105e-02   1.15177537e-03
   682       2   1.99992957e-07   5.73955071e-13
   682       3   0.00000000e+00   0.00000000e+00
   683       1   4.63799170e-02   1.51630278e-03
   683       2   2.80859614e-07   5.03153181e-13
   683       3   0.00000000e+00   0.00000000e+00
   684       1   5.02768999e-02   1.87975383e-03
   684       2   3.69589450e-07   1.02401000e-12
   684       3   0.00000000e+00   0.00000000e+00
   685       1   5.46567460e-02   2.24232112e-03
   685       2   4.67822835e-07   1.38818121e-12
   685       3   0.00000000e+00   0.00000000e+00
   686       1   5.96237945e-02   2.60419380e-03
   686       2   5.77665374e-07   1.30054531e-12
   686       3   0.00000000e+00   0.00000000e+00
   687       1   6.53144444e-02   2.96555803e-03
   687       2   7.01867048e-07   1.68218462e-12
   687       3   0.00000000e+00   0.00000000e+00
   688       1   7.19105154e-02   3.32659743e-03
   688       2   8.44090921e-07   1.82992027e-12
   688       3   2.32378292e-16   0.00000000e+00
   689       1   7.96598963e-02   3.68749341e-03
   689       2   1.00932839e-06   2.11375100e-12
   689       3   1.25444635e-16   0.00000000e+00
   690       1   8.89095824e-02   4.04842562e-03
   690       2   1.20456357e-06   1.78778278e-12
   690       3   2.73195401e-16   0.00000000e+00
   691       1   1.00160738e-01   4.40957231e-03
   691       2   1.43988058e-06   1.65149615e-12
   691       3   0.00000000e+00   0.00000000e+00
   692       1   1.14165054e-01   4.77111067e-03
   692       2   1.73040133e-06   2.06679761e-12
   692       3   1.67435555e-16   0.00000000e+00
   693       1   1.32103699e-01   5.13321726e-03
   693       2   2.09988411e-06   2.56069570e-12
   693       3   1.89554013e-16   0.00000000e+00
   694       1   1.55945227e-01   5.49606830e-03
   694       2   2.58792098e-06   2.75253213e-12
   694       3   2.19113489e-16   0.00000000e+00
   695       1   1.89232961e-01   5.85984006e-03
   695       2   3.26577172e-06   2.83372265e-12
   695       3   2.60576133e-16   0.00000000e+00
   696       1   2.39053475e-01   6.22470920e-03
   696       2   4.27594896e-06   3.33892401e-12
   696       3   3.22866383e-16   0.00000000e+00
   697       1   3.21942057e-01   6.59085311e-03
   697       2   5.95097330e-06   3.05924539e-12
   697       3   2.13404055e-16   0.00000000e+00
   698       1   4.87504733e-01   6.95845026e-03
   698       2   9.28839402e-06   3.66567340e-12
   698       3   7.93591483e-16   0.00000000e+00
   699       1   9.83775267e-01   7.32768058e-03
   699       2   1.92759333e-05   3.55417526e-12
   699       3   1.25942145e-15   0.00000000e+00
   700       1   4.98032259e+04   7.69872577e-03
   700       2   6.52348838e+02   3.79302934e-12
   700       3   3.44704738e-08   0.00000000e+00
   700       4   0.00000000e+00   0.00000000e+00
   701       1   1.00000003e+00   8.07176968e-03
   701       2   2.06020776e-05   4.03684436e-12
   701       3   1.85968851e-15   0.00000000e+00
   702       1   5.03764956e-01   8.44699868e-03
   702       2   1.06150158e-05   4.31148120e-12
   702       3   7.69043672e-16   0.00000000e+00
   703       1   3.38217472e-01   8.82460200e-03
   703       2   7.27839275e-06   4.12860602e-12
   703       3   4.07154695e-16   0.00000000e+00
   704       1   2.55344411e-01   9.20477217e-03
   704       2   5.60448675e-06   4.34406353e-12
   704       3   3.03191719e-16   0.00000000e+00
   705       1   2.05542300e-01   9.58770536e-03
   705       2   4.59574981e-06   4.63311907e-12
   705       3   3.61311153e-16   0.00000000e+00
   706       1   1.72276499e-01   9.97360179e-03
   706       2   3.91966309e-06   4.98587033e-12
   706       3   1.99377937e-16   0.00000000e+00
   707       1   1.48460676e-01   1.03626662e-02
   707       2   3.43371614e-06   6.12858510e-12
   707       3   3.39557473e-16   0.00000000e+00
   708       1   1.30551626e-01   1.07551082e-02
   708       2   3.06665179e-06   5.71223243e-12
   708       3   2.95228598e-16   0.00000000e+00
   709       1   1.16580879e-01   1.11511428e-02
   709       2   2.77888103e-06   5.75556907e-12
   709       3   1.30405657e-16   0.00000000e+00
   710       1   1.05367329e-01   1.15509908e-02
   710       2   2.54664902e-06   5.47779627e-12
   710       3   1.16665458e-16   0.00000000e+00
   711       1   9.61593452e-02   1.19548795e-02
   711       2   2.35483777e-06   6.67526901e-12
   711       3   2.10894464e-16   0.00000000e+00
   712       1   8.84558245e-02   1.23630429e-02
   712       2   2.19336752e-06   6.34358986e-12
   712       3   0.00000000e+00   0.00000000e+00
   713       1   8.19098354e-02   1.27757224e-02
   713       2   2.05525900e-06   5.89810691e-12
   713       3   1.76494055e-16   0.00000000e+00
   714       1   7.62735566e-02   1.31931676e-02
   714       2   1.93552611e-06   6.70444404e-12
   714       3   1.63032541e-16   0.00000000e+00
   715       1   7.13652417e-02   1.36156364e-02
   715       2   1.83051164e-06   7.02294214e-12
   715       3   0.00000000e+00   0.00000000e+00
   716       1   6.70485701e-02   1.40433963e-02
   716       2   1.73747193e-06   6.74360883e-12
   716       3   1.41247190e-16   0.00000000e+00
   717       1   6.32192874e-02   1.44767245e-02
   717       2   1.65430826e-06   7.40623033e-12
   717       3   1.32317862e-16   0.00000000e+00
   718       1   5.97962984e-02   1.49159089e-02
   718       2   1.57938772e-06   7.70829146e-12
   718       3   1.24405940e-16   0.00000000e+00
   719       1   5.67155724e-02   1.53612491e-02
   719       2   1.51142062e-06   7.78290596e-12
   719       3   2.34700727e-16   0.00000000e+00
   720       1   5.39258778e-02   1.58130566e-02
   720       2   1.44937472e-06   7.90121103e-12
   720       3   1.11022303e-16   0.00000000e+00
   721       1   5.13857343e-02   1.62716565e-02
   721       2   1.39241397e-06   8.29236328e-12
   721       3   0.00000000e+00   0.00000000e+00
   722       1   4.90611974e-02   1.67373878e-02
   722       2   1.33985389e-06   8.78535256e-12
   722       3   0.00000000e+00   0.00000000e+00
   723       1   4.69242200e-02   1.72106047e-02
   723       2   1.29112867e-06   8.70672627e-12
   723       3   0.00000000e+00   0.00000000e+00
   724       1   4.49514240e-02   1.76916778e-02
   724       2   1.24576645e-06   8.97208005e-12
   724       3   0.00000000e+00   0.00000000e+00
   725       1   4.31231668e-02   1.81809951e-02
   725       2   1.20337052e-06   9.28704379e-12
   725       3   1.74459328e-16   0.00000000e+00
   726       1   4.14228225e-02   1.86789634e-02
   726       2   1.16360492e-06   9.49356713e-12
   726       3   1.67232925e-16   0.00000000e+00
   727       1   3.98362240e-02   1.91860095e-02
   727       2   1.12618315e-06   9.47191589e-12
   727       3   1.60571177e-16   0.00000000e+00
   728       1   3.83512237e-02   1.97025820e-02
   728       2   1.09085939e-06   1.03037219e-11
   728       3   1.54413244e-16   0.00000000e+00
   729       1   3.69573452e-02   2.02291527e-02
   729       2   1.05742148e-06   9.99386204e-12
   729       3   0.00000000e+00   0.00000000e+00
   730       1   3.56455052e-02   2.07662183e-02
   730       2   1.02568528e-06   1.06666630e-11
   730       3   1.43406120e-16   0.00000000e+00
   731       1   3.44077886e-02   2.13143025e-02
   731       2   9.95490225e-07   1.08515145e-11
   731       3   0.00000000e+00   0.00000000e+00
   732       1   3.32372662e-02   2.18739579e-02
   732       2   9.66695589e-07   1.11432617e-11
   732       3   0.00000000e+00   0.00000000e+00
   733       1   3.21278452e-02   2.24457684e-02
   733       2   9.39177515e-07   1.11166416e-11
   733       3   0.00000000e+00   0.00000000e+00
   734       1   3.10741465e-02   2.30303515e-02
   734       2   9.12826526e-07   1.18529768e-11
   734       3   1.25542721e-16   0.00000000e+00
   735       1   3.00714022e-02   2.36283611e-02
   735       2   8.87545483e-07   1.17473068e-11
   735       3   1.21767583e-16   0.00000000e+00
   736       1   2.91153716e-02   2.42404903e-02
   736       2   8.63247869e-07   1.24709617e-11
   736       3   1.18222377e-16   0.00000000e+00
   737       1   2.82022691e-02   2.48674747e-02
   737       2   8.39856361e-07   1.24525381e-11
   737       3   1.14888334e-16   0.00000000e+00
   738       1   2.73287052e-02   2.55100960e-02
   738       2   8.17301624e-07   1.33439390e-11
   738       3   0.00000000e+00   0.00000000e+00
   739       1   2.64916348e-02   2.61691857e-02
   739       2   7.95521288e-07   1.31154284e-11
   739       3   2.17576715e-16   0.00000000e+00
   740       1   2.56883150e-02   2.68456292e-02
   740       2   7.74459080e-07   1.37205266e-11
   740       3   0.00000000e+00   0.00000000e+00
   741       1   2.49162678e-02   2.75403711e-02
   741       2   7.54064085e-07   1.40330132e-11
   741       3   2.06705913e-16   0.00000000e+00
   742       1   2.41732486e-02   2.82544196e-02
   742       2   7.34290111e-07   1.44663961e-11
   742       3   2.01709308e-16   0.00000000e+00
   743       1   2.34572192e-02   2.89888527e-02
   743       2   7.15095136e-07   1.46516067e-11
   743       3   1.96977909e-16   0.00000000e+00
   744       1   2.27663244e-02   2.97448243e-02
   744       2   6.96440844e-07   1.52268418e-11
   744       3   0.00000000e+00   0.00000000e+00
   745       1   2.20988712e-02   3.05235715e-02
   745       2   6.78292211e-07   1.50794039e-11
   745       3   0.00000000e+00   0.00000000e+00
   746       1   2.14533119e-02   3.13264220e-02
   746       2   6.60617147e-07   1.59546138e-11
   746       3   1.84201572e-16   0.00000000e+00
   747       1   2.08282279e-02   3.21548030e-02
   747       2   6.43386189e-07   1.64826662e-11
   747       3   0.00000000e+00   0.00000000e+00
   748       1   2.02223169e-02   3.30102513e-02
   748       2   6.26572227e-07   1.67585149e-11
   748       3   0.00000000e+00   0.00000000e+00
   749       1   1.96343804e-02   3.38944232e-02
   749       2   6.10150262e-07   1.70932045e-11
   749       3   0.00000000e+00   0.00000000e+00
   750       1   1.90633138e-02   3.48091076e-02
   750       2   5.94097202e-07   1.76900499e-11
   750       3   0.00000000e+00   0.00000000e+00
   751       1   1.85080969e-02   3.57562391e-02
   751       2   5.78391671e-07   1.78249571e-11
   751       3   0.00000000e+00   0.00000000e+00
   752       1   1.79677858e-02   3.67379139e-02
   752       2   5.63013845e-07   1.88503258e-11
   752       3   0.00000000e+00   0.00000000e+00
   753       1   1.74415059e-02   3.77564066e-02
   753       2   5.47945309e-07   1.90431228e-11
   753       3   1.60946482e-16   0.00000000e+00
   754       1   1.69284450e-02   3.88141901e-02
   754       2   5.33168923e-07   1.96569988e-11
   754       3   0.00000000e+00   0.00000000e+00
   755       1   1.64278481e-02   3.99139581e-02
   755       2   5.18668712e-07   2.00764687e-11
   755       3   1.55622826e-16   0.00000000e+00
   756       1   1.59390120e-02   4.10586503e-02
   756       2   5.04429754e-07   2.13539055e-11
   756       3   0.00000000e+00   0.00000000e+00
   757       1   1.54612807e-02   4.22514813e-02
   757       2   4.90438097e-07   2.13854226e-11
   757       3   0.00000000e+00   0.00000000e+00
   758       1   1.49940414e-02   4.34959741e-02
   758       2   4.76680669e-07   2.21436427e-11
   758       3   0.00000000e+00   0.00000000e+00
   759       1   1.45367208e-02   4.47959975e-02
   759       2   4.63145204e-07   2.28956008e-11
   759       3   0.00000000e+00   0.00000000e+00
   760       1   1.40887817e-02   4.61558106e-02
   760       2   4.49820178e-07   2.31947384e-11
   760       3   0.00000000e+00   0.00000000e+00
   761       1   1.36497201e-02   4.75801130e-02
   761       2   4.36694745e-07   2.40657508e-11
   761       3   0.00000000e+00   0.00000000e+00
   762       1   1.32190623e-02   4.90741038e-02
   762       2   4.23758684e-07   2.48094518e-11
   762       3   0.00000000e+00   0.00000000e+00
   763       1   1.27963627e-02   5.06435499e-02
   763       2   4.11002345e-07   2.63811895e-11
   763       3   0.00000000e+00   0.00000000e+00
   764       1   1.23812014e-02   5.22948657e-02
   764       2   3.98416610e-07   2.66246920e-11
   764       3   0.00000000e+00   0.00000000e+00
   765       1   1.19731823e-02   5.40352072e-02
   765       2   3.85992847e-07   2.77727484e-11
   765       3   0.00000000e+00   0.00000000e+00
   766       1   1.15719309e-02   5.58725825e-02
   766       2   3.73722874e-07   2.87808292e-11
   766       3   0.00000000e+00   0.00000000e+00
   767       1   1.11770931e-02   5.78159828e-02
   767       2   3.61598924e-07   2.96791323e-11
   767       3   0.00000000e+00   0.00000000e+00
   768       1   1.07883335e-02   5.98755381e-02
   768       2   3.49613613e-07   3.07280520e-11
   768       3   0.00000000e+00   0.00000000e+00
   769       1   1.04053337e-02   6.20627037e-02
   769       2   3.37759917e-07   3.19507396e-11
   769       3   0.00000000e+00   0.00000000e+00
   770       1   1.00277915e-02   6.43904849e-02
   770       2   3.26031136e-07   3.29886581e-11
   770       3   0.00000000e+00   0.00000000e+00
   771       1   9.65541930e-03   6.68737081e-02
   771       2   3.14420877e-07   3.42159829e-11
   771       3   0.00000000e+00   0.00000000e+00
   772       1   9.28794319e-03   6.95293516e-02
   772       2   3.02923030e-07   3.60654716e-11
   772       3   0.00000000e+00   0.00000000e+00
   773       1   8.92510198e-03   7.23769509e-02
   773       2   2.91531747e-07   3.71393436e-11
   773       3   0.00000000e+00   0.00000000e+00
   774       1   8.56664619e-03   7.54390992e-02
   774       2   2.80241422e-07   3.85163882e-11
   774       3   0.00000000e+00   0.00000000e+00
   775       1   8.21233725e-03   7.87420705e-02
   775       2   2.69046675e-07   4.03748256e-11
   775       3   0.00000000e+00   0.00000000e+00
   776       1   7.86194667e-03   8.23166003e-02
   776       2   2.57942336e-07   4.22170067e-11
   776       3   0.00000000e+00   0.00000000e+00
   777       1   7.51525534e-03   8.61988758e-02
   777       2   2.46923428e-07   4.46709840e-11
   777       3   0.00000000e+00   0.00000000e+00
   778       1   7.17205282e-03   9.04317997e-02
   778       2   2.35985155e-07   4.65291105e-11
   778       3   0.00000000e+00   0.00000000e+00
   779       1   6.83213672e-03   9.50666238e-02
   779       2   2.25122887e-07   4.92225468e-11
   779       3   0.00000000e+00   0.00000000e+00
   780       1   6.49531210e-03   1.00165084e-01
   780       2   2.14332149e-07   5.14971350e-11
   780       3   0.00000000e+00   0.00000000e+00
   781       1   6.16139095e-03   1.05802223e-01
   781       2   2.03608611e-07   5.46199673e-11
   781       3   0.00000000e+00   0.00000000e+00
   782       1   5.83019161e-03   1.12070181e-01
   782       2   1.92948073e-07   5.77393989e-11
   782       3   0.00000000e+00   0.00000000e+00
   783       1   5.50153835e-03   1.19083352e-01
   783       2   1.82346460e-07   6.16325954e-11
   783       3   0.00000000e+00   0.00000000e+00
   784       1   5.17526089e-03   1.26985534e-01
   784       2   1.71799807e-07   6.58824168e-11
   784       3   1.15534431e-16   0.00000000e+00
   785       1   4.85119394e-03   1.35960015e-01
   785       2   1.61304256e-07   7.04492693e-11
   785       3   0.00000000e+00   0.00000000e+00
   786       1   4.52917686e-03   1.46244114e-01
   786       2   1.50856044e-07   7.63413705e-11
   786       3   0.00000000e+00   0.00000000e+00
   787       1   4.20905321e-03   1.58150656e-01
   787       2   1.40451495e-07   8.23452444e-11
   787       3   0.00000000e+00   0.00000000e+00
   788       1   3.89067044e-03   1.72100554e-01
   788       2   1.30087013e-07   8.94608074e-11
   788       3   0.00000000e+00   0.00000000e+00
   789       1   3.57387951e-03   1.88673828e-01
   789       2   1.19759075e-07   9.86493602e-11
   789       3   0.00000000e+00   0.00000000e+00
   790       1   3.25853458e-03   2.08692497e-01
   790       2   1.09464225e-07   1.08975708e-10
   790       3   0.00000000e+00   0.00000000e+00
   791       1   2.94449267e-03   2.33361178e-01
   791       2   9.91990637e-08   1.22424765e-10
   791       3   0.00000000e+00   0.00000000e+00
   792       1   2.63161340e-03   2.64518360e-01
   792       2   8.89602478e-08   1.39519807e-10
   792       3   0.00000000e+00   0.00000000e+00
   793       1   2.31975866e-03   3.05114930e-01
   793       2   7.87444783e-08   1.61237762e-10
   793       3   0.00000000e+00   0.00000000e+00
   794       1   2.00879233e-03   3.60201297e-01
   794       2   6.85484971e-08   1.92118147e-10
   794       3   0.00000000e+00   0.00000000e+00
   795       1   1.69858003e-03   4.39185636e-01
   795       2   5.83690821e-08   2.36296372e-10
   795       3   0.00000000e+00   0.00000000e+00
   796       1   1.38898885e-03   5.61777100e-01
   796       2   4.82030397e-08   3.06208060e-10
   796       3   0.00000000e+00   0.00000000e+00
   797       1   1.07988707e-03   7.77138164e-01
   797       2   3.80471997e-08   4.31356205e-10
   797       3   0.00000000e+00   0.00000000e+00
   798       1   7.71143928e-04   1.24942220e+00
   798       2   2.78984108e-08   7.17658798e-10
   798       3   0.00000000e+00   0.00000000e+00
   799       1   4.62629356e-04   2.99938957e+00
   799       2   1.77535345e-08   1.85712499e-09
   799       3   0.00000000e+00   0.00000000e+00
   800       1   1.54213741e-04   3.45185694e+05
   800       2   7.60943975e-09   2.91517650e-04
   800       3   0.00000000e+00   0.00000000e+00