  TimeWindow  Iteration  ResRel(Mass-Left-Mesh:Displacement-Left)  ResRel(Mass-Left-Mesh:Displacement-Right)
     1       1   1.00000000e+00   1.00000000e+00
     1       2   2.53700836e-09   1.70449101e-10
     1       3   0.00000000e+00   0.00000000e+00
     2       1   4.62838350e-04   7.49961442e-01
     2       2   1.26889291e-08   2.96329345e-10
     2       3   0.00000000e+00   0.00000000e+00
     3       1   7.71733933e-04   5.55441299e-01
     3       2   2.28494684e-08   2.44478106e-10
     3       3   0.00000000e+00   0.00000000e+00
     4       1   1.08104939e-03   4.37297524e-01
     4       2   3.30217794e-08   2.00915640e-10
     4       3   0.00000000e+00   0.00000000e+00
     5       1   1.39091576e-03   3.59703758e-01
     5       2   4.32090337e-08   1.69178770e-10
     5       3   0.00000000e+00   0.00000000e+00
     6       1   1.70146509e-03   3.05162606e-01
     6       2   5.34144280e-08   1.45466873e-10
     6       3   0.00000000e+00   0.00000000e+00
     7       1   2.01283071e-03   2.64814704e-01
     7       2   6.36411879e-08   1.27591322e-10
     7       3   0.00000000e+00   0.00000000e+00
     8       1   2.32514752e-03   2.33783960e-01
     8       2   7.38925745e-08   1.13332343e-10
     8       3   0.00000000e+00   0.00000000e+00
     9       1   2.63855220e-03   2.09185074e-01
     9       2   8.41718901e-08   1.02070241e-10
     9       3   0.00000000e+00   0.00000000e+00
    10       1   2.95318352e-03   1.89207499e-01
    10       2   9.44824845e-08   9.26021603e-11
    10       3   1.12753792e-16   0.00000000e+00
    11       1   3.26918262e-03   1.72659715e-01
    11       2   1.04827760e-07   8.50359789e-11
    11       3   0.00000000e+00   0.00000000e+00
    12       1   3.58669331e-03   1.58726329e-01
    12       2   1.15211178e-07   7.83173163e-11
    12       3   0.00000000e+00   0.00000000e+00
    13       1   3.90586235e-03   1.46830882e-01
    13       2   1.25636268e-07   7.26598651e-11
    13       3   0.00000000e+00   0.00000000e+00
    14       1   4.22683980e-03   1.36554480e-01
    14       2   1.36106631e-07   6.76720337e-11
    14       3   0.00000000e+00   0.00000000e+00
    15       1   4.54977932e-03   1.27585490e-01
    15       2   1.46625947e-07   6.31052684e-11
    15       3   0.00000000e+00   0.00000000e+00
    16       1   4.87483856e-03   1.19687327e-01
    16       2   1.57197986e-07   5.94205165e-11
    16       3   1.15534431e-16   0.00000000e+00
    17       1   5.20217949e-03   1.12677167e-01
    17       2   1.67826613e-07   5.60630555e-11
    17       3   0.00000000e+00   0.00000000e+00
    18       1   5.53196880e-03   1.06411515e-01
    18       2   1.78515797e-07   5.29863450e-11
    18       3   1.16777879e-16   0.00000000e+00
    19       1   5.86437831e-03   1.00776179e-01
    19       2   1.89269619e-07   5.02767027e-11
    19       3   0.00000000e+00   0.00000000e+00
    20       1   6.19958543e-03   9.56791578e-02
    20       2   2.00092282e-07   4.76997654e-11
    20       3   0.00000000e+00   0.00000000e+00
    21       1   6.53777357e-03   9.10455053e-02
    21       2   2.10988123e-07   4.56049501e-11
    21       3   1.18963563e-16   0.00000000e+00
    22       1   6.87913266e-03   8.68135543e-02
    22       2   2.21961620e-07   4.33753360e-11
    22       3   0.00000000e+00   0.00000000e+00
    23       1   7.22385969e-03   8.29321022e-02
    23       2   2.33017406e-07   4.15381586e-11
    23       3   0.00000000e+00   0.00000000e+00
    24       1   7.57215922e-03   7.93582827e-02
    24       2   2.44160278e-07   3.97239037e-11
    24       3   1.21560692e-16   0.00000000e+00
    25       1   7.92424404e-03   7.60559358e-02
    25       2   2.55395213e-07   3.82287827e-11
    25       3   0.00000000e+00   0.00000000e+00
    26       1   8.28033577e-03   7.29943460e-02
    26       2   2.66727382e-07   3.66796669e-11
    26       3   1.23538444e-16   0.00000000e+00
    27       1   8.64066557e-03   7.01472549e-02
    27       2   2.78162160e-07   3.52108278e-11
    27       3   1.24605863e-16   0.00000000e+00
    28       1   9.00547486e-03   6.74920811e-02
    28       2   2.89705147e-07   3.39315294e-11
    28       3   0.00000000e+00   0.00000000e+00
    29       1   9.37501618e-03   6.50092984e-02
    29       2   3.01362185e-07   3.25334189e-11
    29       3   0.00000000e+00   0.00000000e+00
    30       1   9.74955398e-03   6.26819358e-02
    30       2   3.13139371e-07   3.15766818e-11
    30       3   1.28143868e-16   0.00000000e+00
    31       1   1.01293656e-02   6.04951725e-02
    31       2   3.25043085e-07   3.04951297e-11
    31       3   1.29441842e-16   0.00000000e+00
    32       1   1.05147424e-02   5.84360081e-02
    32       2   3.37080006e-07   2.96020283e-11
    32       3   0.00000000e+00   0.00000000e+00
    33       1   1.09059905e-02   5.64929908e-02
    33       2   3.49257136e-07   2.83562818e-11
    33       3   0.00000000e+00   0.00000000e+00
    34       1   1.13034326e-02   5.46559937e-02
    34       2   3.61581828e-07   2.75974366e-11
    34       3   0.00000000e+00   0.00000000e+00
    35       1   1.17074085e-02   5.29160282e-02
    35       2   3.74061813e-07   2.65048099e-11
    35       3   0.00000000e+00   0.00000000e+00
    36       1   1.21182773e-02   5.12650883e-02
    36       2   3.86705230e-07   2.57312619e-11
    36       3   0.00000000e+00   0.00000000e+00
    37       1   1.25364184e-02   4.96960198e-02
    37       2   3.99520658e-07   2.50188942e-11
    37       3   0.00000000e+00   0.00000000e+00
    38       1   1.29622336e-02   4.82024095e-02
    38       2   4.12517155e-07   2.43834003e-11
    38       3   0.00000000e+00   0.00000000e+00
    39       1   1.33961487e-02   4.67784920e-02
    39       2   4.25704296e-07   2.34371184e-11
    39       3   0.00000000e+00   0.00000000e+00
    40       1   1.38386157e-02   4.54190692e-02
    40       2   4.39092215e-07   2.27616782e-11
    40       3   0.00000000e+00   0.00000000e+00
    41       1   1.42901148e-02   4.41194426e-02
    41       2   4.52691658e-07   2.24920178e-11
    41       3   0.00000000e+00   0.00000000e+00
    42       1   1.47511576e-02   4.28753538e-02
    42       2   4.66514032e-07   2.16750186e-11
    42       3   0.00000000e+00   0.00000000e+00
    43       1   1.52222889e-02   4.16829348e-02
    43       2   4.80571461e-07   2.12698010e-11
    43       3   0.00000000e+00   0.00000000e+00
    44       1   1.57040904e-02   4.05386633e-02
    44       2   4.94876859e-07   2.04569133e-11
    44       3   0.00000000e+00   0.00000000e+00
    45       1   1.61971841e-02   3.94393254e-02
    45       2   5.09443992e-07   2.00159661e-11
    45       3   0.00000000e+00   0.00000000e+00
    46       1   1.67022355e-02   3.83819818e-02
    46       2   5.24287562e-07   1.94930239e-11
    46       3   1.58221992e-16   0.00000000e+00
    47       1   1.72199583e-02   3.73639395e-02
    47       2   5.39423297e-07   1.88445837e-11
    47       3   0.00000000e+00   0.00000000e+00
    48       1   1.77511190e-02   3.63827261e-02
    48       2   5.54868044e-07   1.84502914e-11
    48       3   0.00000000e+00   0.00000000e+00
    49       1   1.82965417e-02   3.54360672e-02
    49       2   5.70639883e-07   1.79239722e-11
    49       3   0.00000000e+00   0.00000000e+00
    50       1   1.88571145e-02   3.45218675e-02
    50       2   5.86758247e-07   1.73784390e-11
    50       3   0.00000000e+00   0.00000000e+00
    51       1   1.94337954e-02   3.36381925e-02
    51       2   6.03244062e-07   1.70773456e-11
    51       3   0.00000000e+00   0.00000000e+00
    52       1   2.00276202e-02   3.27832541e-02
    52       2   6.20119901e-07   1.65238222e-11
    52       3   0.00000000e+00   0.00000000e+00
    53       1   2.06397104e-02   3.19553960e-02
    53       2   6.37410155e-07   1.63074455e-11
    53       3   1.80365095e-16   0.00000000e+00
    54       1   2.12712827e-02   3.11530822e-02
    54       2   6.55141238e-07   1.58240554e-11
    54       3   0.00000000e+00   0.00000000e+00
    55       1   2.19236597e-02   3.03748859e-02
    55       2   6.73341800e-07   1.53638029e-11
    55       3   0.00000000e+00   0.00000000e+00
    56       1   2.25982814e-02   2.96194796e-02
    56       2   6.92042989e-07   1.49420687e-11
    56       3   0.00000000e+00   0.00000000e+00
    57       1   2.32967198e-02   2.88856268e-02
    57       2   7.11278735e-07   1.47306442e-11
    57       3   0.00000000e+00   0.00000000e+00
    58       1   2.40206939e-02   2.81721740e-02
    58       2   7.31086080e-07   1.44242385e-11
    58       3   0.00000000e+00   0.00000000e+00
    59       1   2.47720876e-02   2.74780438e-02
    59       2   7.51505560e-07   1.38098458e-11
    59       3   0.00000000e+00   0.00000000e+00
    60       1   2.55529710e-02   2.68022281e-02
    60       2   7.72581635e-07   1.34711480e-11
    60       3   0.00000000e+00   0.00000000e+00
    61       1   2.63656233e-02   2.61437833e-02
    61       2   7.94363189e-07   1.31822518e-11
    61       3   2.17576714e-16   0.00000000e+00
    62       1   2.72125614e-02   2.55018240e-02
    62       2   8.16904115e-07   1.29486356e-11
    62       3   0.00000000e+00   0.00000000e+00
    63       1   2.80965710e-02   2.48755194e-02
    63       2   8.40263987e-07   1.25904462e-11
    63       3   1.14888334e-16   0.00000000e+00
    64       1   2.90207446e-02   2.42640884e-02
    64       2   8.64508842e-07   1.23347628e-11
    64       3   0.00000000e+00   0.00000000e+00
    65       1   2.99885251e-02   2.36667958e-02
    65       2   8.89712107e-07   1.19102624e-11
    65       3   1.21767583e-16   0.00000000e+00
    66       1   3.10037571e-02   2.30829491e-02
    66       2   9.15955676e-07   1.17705816e-11
    66       3   1.25542720e-16   0.00000000e+00
    67       1   3.20707481e-02   2.25118949e-02
    67       2   9.43331195e-07   1.14871542e-11
    67       3   0.00000000e+00   0.00000000e+00
    68       1   3.31943406e-02   2.19530163e-02
    68       2   9.71941575e-07   1.11244710e-11
    68       3   2.67739339e-16   0.00000000e+00
    69       1   3.43799986e-02   2.14057301e-02
    69       2   1.00190281e-06   1.08379972e-11
    69       3   1.38471970e-16   0.00000000e+00
    70       1   3.56339105e-02   2.08694842e-02
    70       2   1.03334614e-06   1.05961936e-11
    70       3   1.43406119e-16   0.00000000e+00
    71       1   3.69631148e-02   2.03437557e-02
    71       2   1.06642071e-06   1.03830803e-11
    71       3   0.00000000e+00   0.00000000e+00
    72       1   3.83756513e-02   1.98280483e-02
    72       2   1.10129669e-06   1.01545339e-11
    72       3   1.54413244e-16   0.00000000e+00
    73       1   3.98807465e-02   1.93218911e-02
    73       2   1.13816926e-06   9.82830455e-12
    73       3   3.21142353e-16   0.00000000e+00
    74       1   4.14890419e-02   1.88248363e-02
    74       2   1.17726331e-06   9.58038127e-12
    74       3   1.67232924e-16   0.00000000e+00
    75       1   4.32128772e-02   1.83364576e-02
    75       2   1.21883946e-06   9.08458745e-12
    75       3   1.74459327e-16   0.00000000e+00
    76       1   4.50666431e-02   1.78563491e-02
    76       2   1.26320142e-06   8.99884735e-12
    76       3   0.00000000e+00   0.00000000e+00
    77       1   4.70672280e-02   1.73841237e-02
    77       2   1.31070542e-06   8.98665261e-12
    77       3   1.90902505e-16   0.00000000e+00
    78       1   4.92345853e-02   1.69194116e-02
    78       2   1.36177207e-06   8.57418906e-12
    78       3   2.00301238e-16   0.00000000e+00
    79       1   5.15924626e-02   1.64618595e-02
    79       2   1.41690173e-06   8.65566523e-12
    79       3   2.10634974e-16   0.00000000e+00
    80       1   5.41693506e-02   1.60111291e-02
    80       2   1.47669440e-06   8.15581988e-12
    80       3   3.33066909e-16   0.00000000e+00
    81       1   5.69997310e-02   1.55668966e-02
    81       2   1.54187591e-06   7.94889504e-12
    81       3   0.00000000e+00   0.00000000e+00
    82       1   6.01257404e-02   1.51288513e-02
    82       2   1.61333293e-06   7.57465965e-12
    82       3   1.24405940e-16   0.00000000e+00
    83       1   6.35994214e-02   1.46966946e-02
    83       2   1.69216015e-06   7.40983521e-12
    83       3   0.00000000e+00   0.00000000e+00
    84       1   6.74858185e-02   1.42701398e-02
    84       2   1.77972538e-06   7.37273068e-12
    84       3   1.41247190e-16   0.00000000e+00
    85       1   7.18673112e-02   1.38489108e-02
    85       2   1.87776047e-06   7.07089303e-12
    85       3   1.51397961e-16   0.00000000e+00
    86       1   7.68498051e-02   1.34327413e-02
    86       2   1.98849135e-06   6.91605045e-12
    86       3   0.00000000e+00   0.00000000e+00
    87       1   8.25717799e-02   1.30213746e-02
    87       2   2.11482800e-06   6.79277177e-12
    87       3   1.76494055e-16   0.00000000e+00
    88       1   8.92178619e-02   1.26145625e-02
    88       2   2.26064947e-06   6.35405151e-12
    88       3   1.92240042e-16   0.00000000e+00
    89       1   9.70397987e-02   1.22120648e-02
    89       2   2.43124430e-06   6.01320685e-12
    89       3   0.00000000e+00   0.00000000e+00
    90       1   1.06390020e-01   1.18136489e-02
    90       2   2.63401521e-06   6.06990168e-12
    90       3   2.33330916e-16   0.00000000e+00
    91       1   1.17777572e-01   1.14190892e-02
    91       2   2.87965364e-06   5.75710909e-12
    91       3   3.91216971e-16   0.00000000e+00
    92       1   1.31965998e-01   1.10281663e-02
    92       2   3.18419504e-06   5.76553564e-12
    92       3   2.95228599e-16   0.00000000e+00
    93       1   1.50155131e-01   1.06406669e-02
    93       2   3.57283604e-06   5.45758322e-12
    93       3   3.39557475e-16   0.00000000e+00
    94       1   1.74344658e-01   1.02563829e-02
    94       2   4.08756859e-06   5.07518195e-12
    94       3   3.98755878e-16   0.00000000e+00
    95       1   2.08133982e-01   9.87511156e-03
    95       2   4.80397521e-06   4.99159525e-12
    95       3   3.61311159e-16   0.00000000e+00
    96       1   2.58721874e-01   9.49665443e-03
    96       2   5.87321702e-06   4.75747441e-12
    96       3   3.03191725e-16   0.00000000e+00
    97       1   3.42905460e-01   9.12081732e-03
    97       2   7.64799781e-06   4.92212288e-12
    97       3   6.10732064e-16   0.00000000e+00
    98       1   5.11076359e-01   8.74740979e-03
    98       2   1.11864204e-05   4.47380825e-12
    98       3   7.69043717e-16   0.00000000e+00
    99       1   1.01519673e+00   8.37624474e-03
    99       2   2.17789817e-05   4.26618720e-12
    99       3   1.39476656e-15   0.00000000e+00
   100       1   4.72344494e+04   8.00713810e-03
   100       2   1.21466736e+02   4.07862922e-12
   100       3   8.51628983e-09   0.00000000e+00
   100       4   0.00000000e+00   0.00000000e+00
   101       1   9.99999824e-01   7.63990841e-03
   101       2   2.05213167e-05   3.93294872e-12
   101       3   1.25942125e-15   0.00000000e+00
   102       1   4.95905894e-01   7.27437647e-03
   102       2   9.92828254e-06   3.57565185e-12
   102       3   6.34873132e-16   0.00000000e+00
   103       1   3.27731266e-01   6.91036502e-03
   103       2   6.38906310e-06   3.54326242e-12
   103       3   4.26808083e-16   0.00000000e+00
   104       1   2.43536172e-01   6.54769838e-03
   104       2   4.61316427e-06   3.38104211e-12
   104       3   1.61433183e-16   0.00000000e+00
   105       1   1.92931734e-01   6.18620207e-03
   105       2   3.54248230e-06   3.24380490e-12
   105       3   2.60576121e-16   0.00000000e+00
   106       1   1.59121485e-01   5.82570256e-03
   106       2   2.82431173e-06   3.00010326e-12
   106       3   2.19113481e-16   0.00000000e+00
   107       1   1.34906862e-01   5.46602683e-03
   107       2   2.30748931e-06   2.91502753e-12
   107       3   1.89554006e-16   0.00000000e+00
   108       1   1.16688527e-01   5.10700209e-03
   108       2   1.91642990e-06   2.60445743e-12
   108       3   1.67435549e-16   0.00000000e+00
   109       1   1.02466803e-01   4.74845545e-03
   109       2   1.60913854e-06   2.49290845e-12
   109       3   1.50279206e-16   0.00000000e+00
   110       1   9.10418392e-02   4.39021353e-03
   110       2   1.36041512e-06   2.45934699e-12
   110       3   0.00000000e+00   0.00000000e+00
   111       1   8.16500585e-02   4.03210214e-03
   111       2   1.15422029e-06   2.22328859e-12
   111       3   1.25444631e-16   0.00000000e+00
   112       1   7.37823700e-02   3.67394595e-03
   112       2   9.79858249e-07   1.92497347e-12
   112       3   1.16189143e-16   0.00000000e+00
   113       1   6.70862908e-02   3.31556806e-03
   113       2   8.29921438e-07   1.65382171e-12
   113       3   2.16789068e-16   0.00000000e+00
   114       1   6.13100118e-02   2.95678969e-03
   114       2   6.99116000e-07   1.64689095e-12
   114       3   0.00000000e+00   0.00000000e+00
   115       1   5.62688383e-02   2.59742977e-03
   115       2   5.83557067e-07   1.28800770e-12
   115       3   1.92047393e-16   0.00000000e+00
   116       1   5.18242152e-02   2.23730455e-03
   116       2   4.80328308e-07   1.06854480e-12
   116       3   1.82094775e-16   0.00000000e+00
   117       1   4.78701543e-02   1.87622717e-03
   117       2   3.87196913e-07   1.02469499e-12
   117       3   0.00000000e+00   0.00000000e+00
   118       1   4.43241863e-02   1.51400727e-03
   118       2   3.02423574e-07   9.01268502e-13
   118       3   0.00000000e+00   0.00000000e+00
   119       1   4.11211697e-02   1.15045050e-03
   119       2   2.24632465e-07   6.86509657e-13
   119       3   0.00000000e+00   0.00000000e+00
   120       1   3.82089571e-02   7.85358071e-04
   120       2   1.52720214e-07   3.96950957e-13
   120       3   0.00000000e+00   0.00000000e+00
   121       1   3.55452990e-02   4.18526254e-04
   121       2   8.57908713e-08   1.53319617e-13
   121       3   0.00000000e+00   0.00000000e+00
   122       1   3.30955929e-02   4.97458615e-05
   122       2   2.31086020e-08   3.30277006e-14
   122       3   0.00000000e+00   0.00000000e+00
   123       1   3.08312179e-02   3.21198308e-04
   123       2   3.59372905e-08   1.15561945e-13
   123       3   0.00000000e+00   0.00000000e+00
   124       1   2.87282874e-02   6.94528060e-04
   124       2   9.18586120e-08   3.57610169e-13
   124       3   0.00000000e+00   0.00000000e+00
   125       1   2.67666991e-02   1.07047242e-03
   125       2   1.45088239e-07   4.57861027e-13
   125       3   0.00000000e+00   0.00000000e+00
   126       1   2.49294055e-02   1.44926831e-03
   126       2   1.95995485e-07   7.22234124e-13
   126       3   1.27293895e-16   0.00000000e+00
   127       1   2.32018456e-02   1.83116126e-03
   127       2   2.44898074e-07   9.35548600e-13
   127       3   0.00000000e+00   0.00000000e+00
   128       1   2.15714984e-02   2.21640616e-03
   128       2   2.92071556e-07   1.05940259e-12
   128       3   0.00000000e+00   0.00000000e+00
   129       1   2.00275282e-02   2.60526808e-03
   129       2   3.37756795e-07   1.25419696e-12
   129       3   0.00000000e+00   0.00000000e+00
   130       1   1.85605015e-02   2.99802319e-03
   130       2   3.82165980e-07   1.57156951e-12
   130       3   0.00000000e+00   0.00000000e+00
   131       1   1.71621574e-02   3.39495966e-03
   131       2   4.25487487e-07   1.81518561e-12
   131       3   0.00000000e+00   0.00000000e+00
   132       1   1.58252216e-02   3.79637872e-03
   132       2   4.67889852e-07   1.98060139e-12
   132       3   1.13180622e-16   0.00000000e+00
   133       1   1.45432536e-02   4.20259576e-03
   133       2   5.09525044e-07   2.01198335e-12
   133       3   1.11534551e-16   0.00000000e+00
   134       1   1.33105204e-02   4.61394155e-03
   134       2   5.50531183e-07   2.30191549e-12
   134       3   0.00000000e+00   0.00000000e+00
   135       1   1.21218921e-02   5.03076357e-03
   135       2   5.91034817e-07   2.39856185e-12
   135       3   0.00000000e+00   0.00000000e+00
   136       1   1.09727543e-02   5.45342741e-03
   136       2   6.31152850e-07   2.67378378e-12
   136       3   0.00000000e+00   0.00000000e+00
   137       1   9.85893372e-03   5.88231834e-03
   137       2   6.70994179e-07   3.07560371e-12
   137       3   0.00000000e+00   0.00000000e+00
   138       1   8.77663645e-03   6.31784305e-03
   138       2   7.10661115e-07   3.44908732e-12
   138       3   0.00000000e+00   0.00000000e+00
   139       1   7.72239410e-03   6.76043147e-03
   139       2   7.50250611e-07   3.42698874e-12
   139       3   0.00000000e+00   0.00000000e+00
   140       1   6.69301824e-03   7.21053889e-03
   140       2   7.89855349e-07   3.60232886e-12
   140       3   0.00000000e+00   0.00000000e+00
   141       1   5.68556074e-03   7.66864814e-03
   141       2   8.29564706e-07   3.80563933e-12
   141       3   2.06841730e-16   0.00000000e+00
   142       1   4.69727933e-03   8.13527213e-03
   142       2   8.69465630e-07   4.20897827e-12
   142       3   2.05869958e-16   0.00000000e+00
   143       1   3.72560730e-03   8.61095659e-03
   143       2   9.09643440e-07   4.08551883e-12
   143       3   0.00000000e+00   0.00000000e+00
   144       1   2.76812671e-03   9.09628306e-03
   144       2   9.50182573e-07   4.54706856e-12
   144       3   0.00000000e+00   0.00000000e+00
   145       1   1.82254444e-03   9.59187230e-03
   145       2   9.91167291e-07   4.67959038e-12
   145       3   2.04161860e-16   0.00000000e+00
   146       1   8.86670511e-04   1.00983880e-02
   146       2   1.03268236e-06   5.17310961e-12
   146       3   0.00000000e+00   0.00000000e+00
   147       1   4.16016304e-05   1.06165408e-02
   147       2   1.07481373e-06   5.31616237e-12
   147       3   0.00000000e+00   0.00000000e+00
   148       1   9.64313444e-04   1.11470933e-02
   148       2   1.11764918e-06   5.38338768e-12
   148       3   0.00000000e+00   0.00000000e+00
   149       1   1.88345843e-03   1.16908646e-02
   149       2   1.16127899e-06   5.97685387e-12
   149       3   0.00000000e+00   0.00000000e+00
   150       1   2.80099848e-03   1.22487367e-02
   150       2   1.20579668e-06   6.15101045e-12
   150       3   0.00000000e+00   0.00000000e+00
   151       1   3.71887961e-03   1.28216606e-02
   151       2   1.25129968e-06   6.49632545e-12
   151       3   2.05905104e-16   0.00000000e+00
   152       1   4.63904758e-03   1.34106635e-02
   152       2   1.29789014e-06   6.61362237e-12
   152       3   0.00000000e+00   0.00000000e+00
   153       1   5.56346329e-03   1.40168574e-02
   153       2   1.34567572e-06   7.23660444e-12
   153       3   2.08010618e-16   0.00000000e+00
   154       1   6.49411865e-03   1.46414481e-02
   154       2   1.39477053e-06   7.42421658e-12
   154       3   2.09361171e-16   0.00000000e+00
   155       1   7.43305283e-03   1.52857457e-02
   155       2   1.44529610e-06   7.73776885e-12
   155       3   2.10917059e-16   0.00000000e+00
   156       1   8.38236934e-03   1.59511767e-02
   156       2   1.49738244e-06   7.96967416e-12
   156       3   2.12684725e-16   0.00000000e+00
   157       1   9.34425431e-03   1.66392974e-02
   157       2   1.55116930e-06   8.46644634e-12
   157       3   2.14671772e-16   0.00000000e+00
   158       1   1.03209961e-02   1.73518096e-02
   158       2   1.60680751e-06   8.65145568e-12
   158       3   0.00000000e+00   0.00000000e+00
   159       1   1.13150070e-02   1.80905783e-02
   159       2   1.66446050e-06   9.16546139e-12
   159       3   2.19340764e-16   0.00000000e+00
   160       1   1.23288468e-02   1.88576522e-02
   160       2   1.72430611e-06   9.49321061e-12
   160       3   2.22044600e-16   0.00000000e+00
   161       1   1.33652495e-02   1.96552875e-02
   161       2   1.78653855e-06   9.91389970e-12
   161       3   1.12505940e-16   0.00000000e+00
   162       1   1.44271539e-02   2.04859748e-02
   162       2   1.85137070e-06   1.02323090e-11
   162       3   2.28257737e-16   0.00000000e+00
   163       1   1.55177369e-02   2.13524716e-02
   163       2   1.91903682e-06   1.08188958e-11
   163       3   1.15899668e-16   0.00000000e+00
   164       1   1.66404536e-02   2.22578386e-02
   164       2   1.98979561e-06   1.12260561e-11
   164       3   1.17828057e-16   0.00000000e+00
   165       1   1.77990828e-02   2.32054837e-02
   165       2   2.06393382e-06   1.15655986e-11
   165       3   1.19925040e-16   0.00000000e+00
   166       1   1.89977791e-02   2.41992128e-02
   166       2   2.14177053e-06   1.21095791e-11
   166       3   2.44406176e-16   0.00000000e+00
   167       1   2.02411360e-02   2.52432902e-02
   167       2   2.22366210e-06   1.27268345e-11
   167       3   1.24676340e-16   0.00000000e+00
   168       1   2.15342586e-02   2.63425106e-02
   168       2   2.31000812e-06   1.33853184e-11
   168       3   1.27360859e-16   0.00000000e+00
   169       1   2.28828505e-02   2.75022842e-02
   169       2   2.40125850e-06   1.38487898e-11
   169       3   1.30274925e-16   0.00000000e+00
   170       1   2.42933183e-02   2.87287398e-02
   170       2   2.49792191e-06   1.43742825e-11
   170       3   1.33439402e-16   0.00000000e+00
   171       1   2.57728960e-02   3.00288484e-02
   171       2   2.60057598e-06   1.51236489e-11
   171       3   1.36878166e-16   0.00000000e+00
   172       1   2.73297972e-02   3.14105740e-02
   172       2   2.70987977e-06   1.60013399e-11
   172       3   4.21855913e-16   0.00000000e+00
   173       1   2.89733997e-02   3.28830572e-02
   173       2   2.82658882e-06   1.67219347e-11
   173       3   1.44692429e-16   0.00000000e+00
   174       1   3.07144729e-02   3.44568419e-02
   174       2   2.95157387e-06   1.76011574e-11
   174       3   1.49136140e-16   0.00000000e+00
   175       1   3.25654592e-02   3.61441555e-02
   175       2   3.08584390e-06   1.81543647e-11
   175       3   1.53992352e-16   0.00000000e+00
   176       1   3.45408260e-02   3.79592603e-02
   176       2   3.23057505e-06   1.90574890e-11
   176       3   3.18621720e-16   0.00000000e+00
   177       1   3.66575082e-02   3.99188956e-02
   177       2   3.38714695e-06   2.02269257e-11
   177       3   1.65150240e-16   0.00000000e+00
   178       1   3.89354727e-02   4.20428406e-02
   178       2   3.55718912e-06   2.12040845e-11
   178       3   1.71579832e-16   0.00000000e+00
   179       1   4.13984423e-02   4.43546384e-02
   179       2   3.74264043e-06   2.25580663e-11
   179       3   1.78682301e-16   0.00000000e+00
   180       1   4.40748375e-02   4.68825370e-02
   180       2   3.94582656e-06   2.36667531e-11
   180       3   1.86556958e-16   0.00000000e+00
   181       1   4.69990155e-02   4.96607277e-02
   181       2   4.16956184e-06   2.51408342e-11
   181       3   5.85972412e-16   0.00000000e+00
   182       1   5.02129216e-02   5.27309957e-02
   182       2   4.41728498e-06   2.67000696e-11
   182       3   6.15393080e-16   0.00000000e+00
   183       1   5.37683231e-02   5.61449539e-02
   183       2   4.69324284e-06   2.84735958e-11
   183       3   2.16159564e-16   0.00000000e+00
   184       1   5.77298818e-02   5.99671139e-02
   184       2   5.00274296e-06   3.03860396e-11
   184       3   3.42955929e-16   0.00000000e+00
   185       1   6.21794533e-02   6.42791859e-02
   185       2   5.35250721e-06   3.25583267e-11
   185       3   2.42852527e-16   0.00000000e+00
   186       1   6.72222309e-02   6.91862209e-02
   186       2   5.75117694e-06   3.50290410e-11
   186       3   5.18352251e-16   0.00000000e+00
   187       1   7.29957234e-02   7.48255882e-02
   187       2   6.21005129e-06   3.78508489e-11
   187       3   5.56186295e-16   0.00000000e+00
   188       1   7.96832224e-02   8.13804411e-02
   188       2   6.74419464e-06   4.10223721e-11
   188       3   4.50375721e-16   0.00000000e+00
   189       1   8.75346143e-02   8.91005281e-02
   189       2   7.37414814e-06   4.50550416e-11
   189       3   4.89795574e-16   0.00000000e+00
   190       1   9.68996809e-02   9.83354907e-02
   190       2   8.12866813e-06   4.97320464e-11
   190       3   5.37252241e-16   0.00000000e+00
   191       1   1.08283599e-01   1.09590359e-01
   191       2   9.04929017e-06   5.54543255e-11
   191       3   5.95422460e-16   0.00000000e+00
   192       1   1.22444066e-01   1.23622670e-01
   192       2   1.01983161e-05   6.25651350e-11
   192       3   6.68321591e-16   0.00000000e+00
   193       1   1.40571674e-01   1.41622830e-01
   193       2   1.16736473e-05   7.18754243e-11
   193       3   8.89303074e-16   0.00000000e+00
   194       1   1.64650667e-01   1.65574839e-01
   194       2   1.36384505e-05   8.38495582e-11
   194       3   1.03571329e-15   0.00000000e+00
   195       1   1.98252600e-01   1.99049883e-01
   195       2   1.63864241e-05   1.00914014e-10
   195       3   1.24102581e-15   0.00000000e+00
   196       1   2.48520533e-01   2.49190319e-01
   196       2   2.05049615e-05   1.26291666e-10
   196       3   1.32806951e-15   0.00000000e+00
   197       1   3.32121688e-01   3.32661624e-01
   197       2   2.73646443e-05   1.68550709e-10
   197       3   1.91652694e-15   0.00000000e+00
   198       1   4.99058844e-01   4.99460190e-01
   198       2   4.10772102e-05   2.53268195e-10
   198       3   2.87286864e-15   0.00000000e+00
   199       1   9.99361693e-01   9.99567836e-01
   199       2   8.22013259e-05   5.06870700e-10
   199       3   6.18523377e-15   0.00000000e+00
   200       1   1.22730516e+04   2.53276368e+06
   200       2   1.08253899e+02   1.28661637e-03
   200       3   7.77771692e-09   2.67112865e-16
   200       4   0.00000000e+00   0.00000000e+00
   201       1   1.00000076e+00   1.00000039e+00
   201       2   8.22547197e-05   5.07397034e-10
   201       3   5.96434163e-15   0.00000000e+00
   202       1   4.99820208e-01   4.99892133e-01
   202       2   4.11305173e-05   2.53694479e-10
   202       3   2.87287083e-15   0.00000000e+00
   203       1   3.32905835e-01   3.33093419e-01
   203       2   2.74179458e-05   1.68930752e-10
   203       3   1.91652791e-15   0.00000000e+00
   204       1   2.49312815e-01   2.49622023e-01
   204       2   2.05582734e-05   1.26813549e-10
   204       3   1.32807002e-15   0.00000000e+00
   205       1   1.99048824e-01   1.99481500e-01
   205       2   1.64397544e-05   1.01440121e-10
   205       3   1.24102619e-15   0.00000000e+00
   206       1   1.65449219e-01   1.66006362e-01
   206       2   1.36918053e-05   8.42180537e-11
   206       3   8.87754474e-16   0.00000000e+00
   207       1   1.41371826e-01   1.42054248e-01
   207       2   1.17270319e-05   7.21345757e-11
   207       3   8.89303265e-16   0.00000000e+00
   208       1   1.23245459e-01   1.24053970e-01
   208       2   1.02517358e-05   6.30051532e-11
   208       3   6.68321717e-16   0.00000000e+00
   209       1   1.09086052e-01   1.10021526e-01
   209       2   9.10274992e-06   5.58978685e-11
   209       3   5.95422559e-16   0.00000000e+00
   210       1   9.77031052e-02   9.87665105e-02
   210       2   8.18217302e-06   5.01230610e-11
   210       3   7.16336429e-16   0.00000000e+00
   211       1   8.83389754e-02   8.95313853e-02
   211       2   7.42770325e-06   4.54460485e-11
   211       3   6.53060854e-16   0.00000000e+00
   212       1   8.04885182e-02   8.18111203e-02
   212       2   6.79780506e-06   4.17374297e-11
   212       3   4.50375777e-16   0.00000000e+00
   213       1   7.38019728e-02   7.52560738e-02
   213       2   6.26372219e-06   3.81256122e-11
   213       3   4.17139769e-16   0.00000000e+00
   214       1   6.80294667e-02   6.96164973e-02
   214       2   5.80491355e-06   3.53558488e-11
   214       3   3.88764229e-16   0.00000000e+00
   215       1   6.29877185e-02   6.47092372e-02
   215       2   5.40631484e-06   3.28765581e-11
   215       3   3.64278827e-16   0.00000000e+00
   216       1   5.85392268e-02   6.03969242e-02
   216       2   5.05662701e-06   3.08197063e-11
   216       3   2.28637307e-16   0.00000000e+00
   217       1   5.45788041e-02   5.65745070e-02
   217       2   4.74720881e-06   2.88771030e-11
   217       3   4.32319164e-16   0.00000000e+00
   218       1   5.10245993e-02   5.31602754e-02
   218       2   4.47133848e-06   2.69295854e-11
   218       3   4.10262087e-16   0.00000000e+00
   219       1   4.78119547e-02   5.00897175e-02
   219       2   4.22370858e-06   2.56553356e-11
   219       3   3.90648304e-16   0.00000000e+00
   220       1   4.48891064e-02   4.73112203e-02
   220       2   4.00007240e-06   2.41299949e-11
   220       3   1.86556972e-16   0.00000000e+00
   221       1   4.22141124e-02   4.47829985e-02
   221       2   3.79699133e-06   2.28266569e-11
   221       3   3.57364626e-16   0.00000000e+00
   222       1   3.97526183e-02   4.24708606e-02
   222       2   3.61165123e-06   2.14792339e-11
   222       3   1.71579843e-16   0.00000000e+00
   223       1   3.74762067e-02   4.03465584e-02
   223       2   3.44172655e-06   2.04488283e-11
   223       3   3.30300500e-16   0.00000000e+00
   224       1   3.53611574e-02   3.83865486e-02
   224       2   3.28527859e-06   1.92955892e-11
   224       3   1.59310869e-16   0.00000000e+00
   225       1   3.33875068e-02   3.65710518e-02
   225       2   3.14067803e-06   1.86981916e-11
   225       3   1.53992360e-16   0.00000000e+00
   226       1   3.15383225e-02   3.48833284e-02
   226       2   3.00654540e-06   1.80322334e-11
   226       3   2.98272296e-16   0.00000000e+00
   227       1   2.97991405e-02   3.33091162e-02
   227       2   2.88170479e-06   1.71154704e-11
   227       3   1.44692436e-16   0.00000000e+00
   228       1   2.81575214e-02   3.18361873e-02
   228       2   2.76514743e-06   1.60758851e-11
   228       3   1.40618644e-16   0.00000000e+00
   229       1   2.66026991e-02   3.04539976e-02
   229       2   2.65600283e-06   1.54845040e-11
   229       3   2.73756345e-16   0.00000000e+00
   230       1   2.51252992e-02   2.91534063e-02
   230       2   2.55351567e-06   1.50596108e-11
   230       3   1.33439408e-16   0.00000000e+00
   231       1   2.37171119e-02   2.79264491e-02
   231       2   2.45702719e-06   1.43003319e-11
   231       3   2.60549861e-16   0.00000000e+00
   232       1   2.23709069e-02   2.67661548e-02
   232       2   2.36596003e-06   1.36648859e-11
   232       3   1.27360864e-16   0.00000000e+00
   233       1   2.10802819e-02   2.56663943e-02
   233       2   2.27980581e-06   1.31305539e-11
   233       3   1.24676345e-16   0.00000000e+00
   234       1   1.98395373e-02   2.46217569e-02
   234       2   2.19811498e-06   1.24276098e-11
   234       3   2.44406185e-16   0.00000000e+00
   235       1   1.86435729e-02   2.36274480e-02
   235       2   2.12048828e-06   1.20354023e-11
   235       3   1.19925045e-16   0.00000000e+00
   236       1   1.74878001e-02   2.26792026e-02
   236       2   2.04656971e-06   1.15322273e-11
   236       3   1.17828061e-16   0.00000000e+00
   237       1   1.63680692e-02   2.17732147e-02
   237       2   1.97604061e-06   1.11221999e-11
   237       3   1.15899672e-16   0.00000000e+00
   238       1   1.52806074e-02   2.09060760e-02
   238       2   1.90861465e-06   1.05030270e-11
   238       3   2.28257744e-16   0.00000000e+00
   239       1   1.42219654e-02   2.00747252e-02
   239       2   1.84403357e-06   1.03697416e-11
   239       3   1.12505943e-16   0.00000000e+00
   240       1   1.31889725e-02   1.92764049e-02
   240       2   1.78206362e-06   9.95039423e-12
   240       3   1.11022303e-16   0.00000000e+00
   241       1   1.21786969e-02   1.85086237e-02
   241       2   1.72249242e-06   9.53055954e-12
   241       3   2.19340770e-16   0.00000000e+00
   242       1   1.11884119e-02   1.77691252e-02
   242       2   1.66512633e-06   9.04529557e-12
   242       3   2.16887056e-16   0.00000000e+00
   243       1   1.02155655e-02   1.70558602e-02
   243       2   1.60978812e-06   8.69209538e-12
   243       3   2.14671778e-16   0.00000000e+00
   244       1   9.25775381e-03   1.63669632e-02
   244       2   1.55631500e-06   8.33528111e-12
   244       3   2.12684730e-16   0.00000000e+00
   245       1   8.31269754e-03   1.57007321e-02
   245       2   1.50455683e-06   7.99104211e-12
   245       3   0.00000000e+00   0.00000000e+00
   246       1   7.37822031e-03   1.50556100e-02
   246       2   1.45437462e-06   7.76376939e-12
   246       3   0.00000000e+00   0.00000000e+00
   247       1   6.45222907e-03   1.44301700e-02
   247       2   1.40563915e-06   7.34945259e-12
   247       3   0.00000000e+00   0.00000000e+00
   248       1   5.53269596e-03   1.38231015e-02
   248       2   1.35822978e-06   6.90754182e-12
   248       3   0.00000000e+00   0.00000000e+00
   249       1   4.61764131e-03   1.32331980e-02
   249       2   1.31203334e-06   6.73816052e-12
   249       3   0.00000000e+00   0.00000000e+00
   250       1   3.70511741e-03   1.26593472e-02
   250       2   1.26694317e-06   6.35137634e-12
   250       3   0.00000000e+00   0.00000000e+00
   251       1   2.79319283e-03   1.21005211e-02
   251       2   1.22285824e-06   6.21021983e-12
   251       3   2.04569713e-16   0.00000000e+00
   252       1   1.87993707e-03   1.15557682e-02
   252       2   1.17968229e-06   5.99009751e-12
   252       3   0.00000000e+00   0.00000000e+00
   253       1   9.63405099e-04   1.10242059e-02
   253       2   1.13732314e-06   5.46764480e-12
   253       3   0.00000000e+00   0.00000000e+00
   254       1   4.16217762e-05   1.05050144e-02
   254       2   1.09569189e-06   5.41702773e-12
   254       3   4.07961255e-16   0.00000000e+00
   255       1   8.87434357e-04   9.99743050e-03
   255       2   1.05470232e-06   5.12621500e-12
   255       3   0.00000000e+00   0.00000000e+00
   256       1   1.82584803e-03   9.50074283e-03
   256       2   1.01427015e-06   4.92336343e-12
   256       3   0.00000000e+00   0.00000000e+00
   257       1   2.77578531e-03   9.01428699e-03
   257       2   9.74312474e-07   4.85215528e-12
   257       3   2.05102783e-16   0.00000000e+00
   258       1   3.73951315e-03   8.53744148e-03
   258       2   9.34747034e-07   4.60075858e-12
   258       3   0.00000000e+00   0.00000000e+00
   259       1   4.71942073e-03   8.06962397e-03
   259       2   8.95491615e-07   4.25866578e-12
   259       3   0.00000000e+00   0.00000000e+00
   260       1   5.71804311e-03   7.61028794e-03
   260       2   8.56463337e-07   4.08301929e-12
   260       3   0.00000000e+00   0.00000000e+00
   261       1   6.73808764e-03   7.15891963e-03
   261       2   8.17577945e-07   3.54549824e-12
   261       3   0.00000000e+00   0.00000000e+00
   262       1   7.78246382e-03   6.71503534e-03
   262       2   7.78749039e-07   3.42675969e-12
   262       3   0.00000000e+00   0.00000000e+00
   263       1   8.85431730e-03   6.27817890e-03
   263       2   7.39887237e-07   3.11424309e-12
   263       3   0.00000000e+00   0.00000000e+00
   264       1   9.95706883e-03   5.84791941e-03
   264       2   7.00899254e-07   3.20091788e-12
   264       3   0.00000000e+00   0.00000000e+00
   265       1   1.10944594e-02   5.42384923e-03
   265       2   6.61686872e-07   2.79971505e-12
   265       3   0.00000000e+00   0.00000000e+00
   266       1   1.22706028e-02   5.00558206e-03
   266       2   6.22145764e-07   2.70596090e-12
   266       3   0.00000000e+00   0.00000000e+00
   267       1   1.34900471e-02   4.59275125e-03
   267       2   5.82164155e-07   2.35652736e-12
   267       3   0.00000000e+00   0.00000000e+00
   268       1   1.47578474e-02   4.18500824e-03
   268       2   5.41621269e-07   2.19785523e-12
   268       3   0.00000000e+00   0.00000000e+00
   269       1   1.60796520e-02   3.78202111e-03
   269       2   5.00385502e-07   1.89656763e-12
   269       3   1.15000585e-16   0.00000000e+00
   270       1   1.74618056e-02   3.38347328e-03
   270       2   4.58312275e-07   1.61599550e-12
   270       3   0.00000000e+00   0.00000000e+00
   271       1   1.89114736e-02   2.98906229e-03
   271       2   4.15241459e-07   1.58639596e-12
   271       3   0.00000000e+00   0.00000000e+00
   272       1   2.04367921e-02   2.59849867e-03
   272       2   3.70994290e-07   1.31720508e-12
   272       3   0.00000000e+00   0.00000000e+00
   273       1   2.20470516e-02   2.21150493e-03
   273       2   3.25369619e-07   1.26919666e-12
   273       3   1.24340410e-16   0.00000000e+00
   274       1   2.37529225e-02   1.82781460e-03
   274       2   2.78139316e-07   9.97233087e-13
   274       3   0.00000000e+00   0.00000000e+00
   275       1   2.55667344e-02   1.44717134e-03
   275       2   2.29042610e-07   8.18600015e-13
   275       3   0.00000000e+00   0.00000000e+00
   276       1   2.75028245e-02   1.06932810e-03
   276       2   1.77779020e-07   4.43656054e-13
   276       3   0.00000000e+00   0.00000000e+00
   277       1   2.95779781e-02   6.94046388e-04
   277       2   1.23999473e-07   5.27025949e-13
   277       3   0.00000000e+00   0.00000000e+00
   278       1   3.18119869e-02   3.21095535e-04
   278       2   6.72950184e-08   3.79313765e-13
   278       3   0.00000000e+00   0.00000000e+00
   279       1   3.42283687e-02   4.97479752e-05
   279       2   7.18233387e-09   7.65876917e-14
   279       3   0.00000000e+00   0.00000000e+00
   280       1   3.68553006e-02   4.18701131e-04
   280       2   5.69150945e-08   2.19758744e-13
   280       3   0.00000000e+00   0.00000000e+00
   281       1   3.97268491e-02   7.85974983e-04
   281       2   1.25691720e-07   3.23615510e-13
   281       3   0.00000000e+00   0.00000000e+00
   282       1   4.28846077e-02   1.15177520e-03
   282       2   1.99992912e-07   4.98777080e-13
   282       3   0.00000000e+00   0.00000000e+00
   283       1   4.63799137e-02   1.51630261e-03
   283       2   2.80859562e-07   6.80378938e-13
   283       3   0.00000000e+00   0.00000000e+00
   284       1   5.02768963e-02   1.87975366e-03
   284       2   3.69589389e-07   8.97078602e-13
   284       3   0.00000000e+00   0.00000000e+00
   285       1   5.46567419e-02   2.24232094e-03
   285       2   4.67822765e-07   1.10365350e-12
   285       3   0.00000000e+00   0.00000000e+00
   286       1   5.96237898e-02   2.60419362e-03
   286       2   5.77665291e-07   1.21906080e-12
   286       3   2.03497862e-16   0.00000000e+00
   287       1   6.53144389e-02   2.96555786e-03
   287       2   7.01866949e-07   1.56697852e-12
   287       3   0.00000000e+00   0.00000000e+00
   288       1   7.19105089e-02   3.32659726e-03
   288       2   8.44090804e-07   1.52627820e-12
   288       3   1.16189137e-16   0.00000000e+00
   289       1   7.96598886e-02   3.68749324e-03
   289       2   1.00932825e-06   1.78881903e-12
   289       3   0.00000000e+00   0.00000000e+00
   290       1   8.89095732e-02   4.04842544e-03
   290       2   1.20456339e-06   2.08298720e-12
   290       3   1.36597687e-16   0.00000000e+00
   291       1   1.00160726e-01   4.40957212e-03
   291       2   1.43988036e-06   2.25935602e-12
   291       3   0.00000000e+00   0.00000000e+00
   292       1   1.14165039e-01   4.77111049e-03
   292       2   1.73040105e-06   2.29788392e-12
   292       3   1.67435535e-16   0.00000000e+00
   293       1   1.32103680e-01   5.13321707e-03
   293       2   2.09988374e-06   2.46667708e-12
   293       3   0.00000000e+00   0.00000000e+00
   294       1   1.55945202e-01   5.49606811e-03
   294       2   2.58792047e-06   2.84299661e-12
   294       3   2.19113455e-16   0.00000000e+00
   295       1   1.89232924e-01   5.85983987e-03
   295       2   3.26577099e-06   2.88361802e-12
   295       3   3.90864126e-16   0.00000000e+00
   296       1   2.39053418e-01   6.22470901e-03
   296       2   4.27594780e-06   3.10880074e-12
   296       3   1.61433153e-16   0.00000000e+00
   297       1   3.21941955e-01   6.59085292e-03
   297       2   5.95097124e-06   3.49410801e-12
   297       3   4.26807976e-16   0.00000000e+00
   298       1   4.87504501e-01   6.95845007e-03
   298       2   9.28838938e-06   3.21850426e-12
   298       3   4.76154667e-16   0.00000000e+00
   299       1   9.83774343e-01   7.32768039e-03
   299       2   1.92759147e-05   3.67274646e-12
   299       3   1.41684781e-15   0.00000000e+00
   300       1   5.22479603e+04   7.69872558e-03
   300       2   2.07244550e+01   3.68045372e-12
   300       3   1.41956337e-09   0.00000000e+00
   300       4   0.00000000e+00   0.00000000e+00
   301       1   1.00000096e+00   8.07176949e-03
   301       2   2.06020962e-05   4.06865797e-12
   301       3   1.39476768e-15   0.00000000e+00
   302       1   5.03765187e-01   8.44699848e-03
   302       2   1.06150204e-05   4.24444352e-12
   302       3   9.22852834e-16   0.00000000e+00
   303       1   3.38217575e-01   8.82460180e-03
   303       2   7.27839481e-06   4.52858486e-12
   303       3   4.07154821e-16   0.00000000e+00
   304       1   2.55344469e-01   9.20477197e-03
   304       2   5.60448791e-06   4.49194241e-12
   304       3   3.03191788e-16   0.00000000e+00
   305       1   2.05542337e-01   9.58770515e-03
   305       2   4.59575055e-06   4.82671258e-12
   305       3   2.40874147e-16   0.00000000e+00
   306       1   1.72276525e-01   9.97360158e-03
   306       2   3.91966360e-06   5.08678077e-12
   306       3   1.99377967e-16   0.00000000e+00
   307       1   1.48460695e-01   1.03626660e-02
   307       2   3.43371651e-06   5.17917089e-12
   307       3   1.69778759e-16   0.00000000e+00
   308       1   1.30551641e-01   1.07551080e-02
   308       2   3.06665207e-06   5.40273594e-12
   308       3   2.95228632e-16   0.00000000e+00
   309       1   1.16580891e-01   1.11511425e-02
   309       2   2.77888125e-06   5.58053051e-12
   309       3   3.91217009e-16   0.00000000e+00
   310       1   1.05367338e-01   1.15509906e-02
   310       2   2.54664920e-06   5.97263085e-12
   310       3   2.33330937e-16   0.00000000e+00
   311       1   9.61593529e-02   1.19548793e-02
   311       2   2.35483792e-06   5.93001110e-12
   311       3   0.00000000e+00   0.00000000e+00
   312       1   8.84558310e-02   1.23630426e-02
   312       2   2.19336764e-06   6.37000967e-12
   312       3   0.00000000e+00   0.00000000e+00
   313       1   8.19098409e-02   1.27757222e-02
   313       2   2.05525910e-06   6.29946695e-12
   313       3   1.76494067e-16   0.00000000e+00
   314       1   7.62735614e-02   1.31931673e-02
   314       2   1.93552620e-06   6.67169328e-12
   314       3   1.63032552e-16   0.00000000e+00
   315       1   7.13652458e-02   1.36156362e-02
   315       2   1.83051171e-06   6.83427434e-12
   315       3   0.00000000e+00   0.00000000e+00
   316       1   6.70485737e-02   1.40433961e-02
   316       2   1.73747199e-06   7.09519885e-12
   316       3   1.41247198e-16   0.00000000e+00
   317       1   6.32192907e-02   1.44767242e-02
   317       2   1.65430832e-06   7.38517103e-12
   317       3   1.32317869e-16   0.00000000e+00
   318       1   5.97963013e-02   1.49159087e-02
   318       2   1.57938777e-06   7.46875522e-12
   318       3   2.48811893e-16   0.00000000e+00
   319       1   5.67155750e-02   1.53612488e-02
   319       2   1.51142066e-06   7.73070449e-12
   319       3   1.17350369e-16   0.00000000e+00
   320       1   5.39258801e-02   1.58130564e-02
   320       2   1.44937476e-06   8.04678682e-12
   320       3   1.11022308e-16   0.00000000e+00
   321       1   5.13857364e-02   1.62716562e-02
   321       2   1.39241401e-06   8.20093231e-12
   321       3   2.10634983e-16   0.00000000e+00
   322       1   4.90611993e-02   1.67373875e-02
   322       2   1.33985393e-06   8.58157653e-12
   322       3   0.00000000e+00   0.00000000e+00
   323       1   4.69242218e-02   1.72106044e-02
   323       2   1.29112870e-06   8.73615921e-12
   323       3   0.00000000e+00   0.00000000e+00
   324       1   4.49514257e-02   1.76916775e-02
   324       2   1.24576648e-06   8.95147361e-12
   324       3   0.00000000e+00   0.00000000e+00
   325       1   4.31231683e-02   1.81809948e-02
   325       2   1.20337055e-06   9.17802871e-12
   325       3   0.00000000e+00   0.00000000e+00
   326       1   4.14228239e-02   1.86789631e-02
   326       2   1.16360494e-06   9.41071928e-12
   326       3   0.00000000e+00   0.00000000e+00
   327       1   3.98362254e-02   1.91860092e-02
   327       2   1.12618317e-06   9.79428235e-12
   327       3   1.60571182e-16   0.00000000e+00
   328       1   3.83512249e-02   1.97025817e-02
   328       2   1.09085941e-06   9.86588926e-12
   328       3   1.54413249e-16   0.00000000e+00
   329       1   3.69573463e-02   2.02291524e-02
   329       2   1.05742149e-06   1.02911489e-11
   329       3   0.00000000e+00   0.00000000e+00
   330       1   3.56455063e-02   2.07662179e-02
   330       2   1.02568530e-06   1.04328374e-11
   330       3   1.43406124e-16   0.00000000e+00
   331       1   3.44077896e-02   2.13143021e-02
   331       2   9.95490240e-07   1.07689480e-11
   331       3   1.38471974e-16   0.00000000e+00
   332       1   3.32372672e-02   2.18739575e-02
   332       2   9.66695603e-07   1.10005253e-11
   332       3   1.33869673e-16   0.00000000e+00
   333       1   3.21278461e-02   2.24457680e-02
   333       2   9.39177528e-07   1.12732696e-11
   333       3   0.00000000e+00   0.00000000e+00
   334       1   3.10741473e-02   2.30303511e-02
   334       2   9.12826539e-07   1.15744201e-11
   334       3   0.00000000e+00   0.00000000e+00
   335       1   3.00714030e-02   2.36283607e-02
   335       2   8.87545494e-07   1.20893397e-11
   335       3   1.21767586e-16   0.00000000e+00
   336       1   2.91153723e-02   2.42404899e-02
   336       2   8.63247879e-07   1.22673452e-11
   336       3   0.00000000e+00   0.00000000e+00
   337       1   2.82022699e-02   2.48674743e-02
   337       2   8.39856371e-07   1.27714322e-11
   337       3   1.14888336e-16   0.00000000e+00
   338       1   2.73287059e-02   2.55100956e-02
   338       2   8.17301633e-07   1.27871287e-11
   338       3   0.00000000e+00   0.00000000e+00
   339       1   2.64916355e-02   2.61691852e-02
   339       2   7.95521297e-07   1.34571975e-11
   339       3   0.00000000e+00   0.00000000e+00
   340       1   2.56883157e-02   2.68456288e-02
   340       2   7.74459089e-07   1.35982553e-11
   340       3   0.00000000e+00   0.00000000e+00
   341       1   2.49162684e-02   2.75403707e-02
   341       2   7.54064094e-07   1.39840932e-11
   341       3   0.00000000e+00   0.00000000e+00
   342       1   2.41732492e-02   2.82544191e-02
   342       2   7.34290118e-07   1.42766853e-11
   342       3   0.00000000e+00   0.00000000e+00
   343       1   2.34572198e-02   2.89888522e-02
   343       2   7.15095143e-07   1.46286020e-11
   343       3   0.00000000e+00   0.00000000e+00
   344       1   2.27663249e-02   2.97448238e-02
   344       2   6.96440851e-07   1.50779405e-11
   344       3   0.00000000e+00   0.00000000e+00
   345       1   2.20988717e-02   3.05235710e-02
   345       2   6.78292217e-07   1.56581401e-11
   345       3   0.00000000e+00   0.00000000e+00
   346       1   2.14533124e-02   3.13264214e-02
   346       2   6.60617153e-07   1.57785571e-11
   346       3   1.84201574e-16   0.00000000e+00
   347       1   2.08282284e-02   3.21548025e-02
   347       2   6.43386195e-07   1.62935237e-11
   347       3   0.00000000e+00   0.00000000e+00
   348       1   2.02223173e-02   3.30102507e-02
   348       2   6.26572232e-07   1.67274524e-11
   348       3   0.00000000e+00   0.00000000e+00
   349       1   1.96343808e-02   3.38944226e-02
   349       2   6.10150267e-07   1.72670623e-11
   349       3   0.00000000e+00   0.00000000e+00
   350       1   1.90633142e-02   3.48091070e-02
   350       2   5.94097208e-07   1.77716964e-11
   350       3   0.00000000e+00   0.00000000e+00
   351       1   1.85080973e-02   3.57562385e-02
   351       2   5.78391676e-07   1.82074165e-11
   351       3   1.66800313e-16   0.00000000e+00
   352       1   1.79677862e-02   3.67379133e-02
   352       2   5.63013850e-07   1.86712350e-11
   352       3   0.00000000e+00   0.00000000e+00
   353       1   1.74415063e-02   3.77564059e-02
   353       2   5.47945314e-07   1.92553783e-11
   353       3   0.00000000e+00   0.00000000e+00
   354       1   1.69284454e-02   3.88141894e-02
   354       2   5.33168929e-07   1.97339400e-11
   354       3   0.00000000e+00   0.00000000e+00
   355       1   1.64278485e-02   3.99139573e-02
   355       2   5.18668717e-07   2.01801883e-11
   355       3   0.00000000e+00   0.00000000e+00
   356       1   1.59390124e-02   4.10586495e-02
   356       2   5.04429759e-07   2.09318892e-11
   356       3   0.00000000e+00   0.00000000e+00
   357       1   1.54612811e-02   4.22514805e-02
   357       2   4.90438102e-07   2.15794210e-11
   357       3   0.00000000e+00   0.00000000e+00
   358       1   1.49940418e-02   4.34959732e-02
   358       2   4.76680673e-07   2.22865226e-11
   358       3   1.48514075e-16   0.00000000e+00
   359       1   1.45367212e-02   4.47959966e-02
   359       2   4.63145209e-07   2.30479485e-11
   359       3   0.00000000e+00   0.00000000e+00
   360       1   1.40887821e-02   4.61558096e-02
   360       2   4.49820183e-07   2.37792327e-11
   360       3   0.00000000e+00   0.00000000e+00
   361       1   1.36497204e-02   4.75801120e-02
   361       2   4.36694749e-07   2.40683116e-11
   361       3   1.42323832e-16   0.00000000e+00
   362       1   1.32190626e-02   4.90741028e-02
   362       2   4.23758688e-07   2.49345632e-11
   362       3   0.00000000e+00   0.00000000e+00
   363       1   1.27963630e-02   5.06435488e-02
   363       2   4.11002350e-07   2.58038760e-11
   363       3   0.00000000e+00   0.00000000e+00
   364       1   1.23812018e-02   5.22948645e-02
   364       2   3.98416614e-07   2.67401764e-11
   364       3   1.36928865e-16   0.00000000e+00
   365       1   1.19731826e-02   5.40352060e-02
   365       2   3.85992851e-07   2.75179465e-11
   365       3   0.00000000e+00   0.00000000e+00
   366       1   1.15719312e-02   5.58725812e-02
   366       2   3.73722878e-07   2.86084956e-11
   366       3   0.00000000e+00   0.00000000e+00
   367       1   1.11770934e-02   5.78159815e-02
   367       2   3.61598927e-07   2.95873274e-11
   367       3   0.00000000e+00   0.00000000e+00
   368       1   1.07883338e-02   5.98755366e-02
   368       2   3.49613617e-07   3.08189810e-11
   368       3   0.00000000e+00   0.00000000e+00
   369       1   1.04053340e-02   6.20627022e-02
   369       2   3.37759921e-07   3.18732340e-11
   369       3   0.00000000e+00   0.00000000e+00
   370       1   1.00277918e-02   6.43904832e-02
   370       2   3.26031140e-07   3.29165065e-11
   370       3   0.00000000e+00   0.00000000e+00
   371       1   9.65541957e-03   6.68737063e-02
   371       2   3.14420881e-07   3.43312355e-11
   371       3   0.00000000e+00   0.00000000e+00
   372       1   9.28794346e-03   6.95293496e-02
   372       2   3.02923034e-07   3.56266387e-11
   372       3   0.00000000e+00   0.00000000e+00
   373       1   8.92510224e-03   7.23769487e-02
   373       2   2.91531751e-07   3.71709073e-11
   373       3   0.00000000e+00   0.00000000e+00
   374       1   8.56664645e-03   7.54390969e-02
   374       2   2.80241426e-07   3.88298307e-11
   374       3   0.00000000e+00   0.00000000e+00
   375       1   8.21233751e-03   7.87420680e-02
   375       2   2.69046679e-07   4.03911818e-11
   375       3   0.00000000e+00   0.00000000e+00
   376       1   7.86194693e-03   8.23165976e-02
   376       2   2.57942340e-07   4.22256558e-11
   376       3   0.00000000e+00   0.00000000e+00
   377       1   7.51525559e-03   8.61988728e-02
   377       2   2.46923432e-07   4.42105419e-11
   377       3   0.00000000e+00   0.00000000e+00
   378       1   7.17205307e-03   9.04317964e-02
   378       2   2.35985159e-07   4.63727895e-11
   378       3   0.00000000e+00   0.00000000e+00
   379       1   6.83213696e-03   9.50666202e-02
   379       2   2.25122891e-07   4.90006111e-11
   379       3   1.18963564e-16   0.00000000e+00
   380       1   6.49531235e-03   1.00165080e-01
   380       2   2.14332154e-07   5.16406729e-11
   380       3   0.00000000e+00   0.00000000e+00
   381       1   6.16139119e-03   1.05802219e-01
   381       2   2.03608616e-07   5.44817121e-11
   381       3   0.00000000e+00   0.00000000e+00
   382       1   5.83019185e-03   1.12070176e-01
   382       2   1.92948078e-07   5.77012676e-11
   382       3   1.16777880e-16   0.00000000e+00
   383       1   5.50153859e-03   1.19083346e-01
   383       2   1.82346464e-07   6.14725864e-11
   383       3   0.00000000e+00   0.00000000e+00
   384       1   5.17526113e-03   1.26985527e-01
   384       2   1.71799812e-07   6.56658016e-11
   384       3   0.00000000e+00   0.00000000e+00
   385       1   4.85119418e-03   1.35960007e-01
   385       2   1.61304261e-07   7.03697299e-11
   385       3   0.00000000e+00   0.00000000e+00
   386       1   4.52917709e-03   1.46244105e-01
   386       2   1.50856049e-07   7.58414794e-11
   386       3   0.00000000e+00   0.00000000e+00
   387       1   4.20905345e-03   1.58150645e-01
   387       2   1.40451499e-07   8.20721316e-11
   387       3   0.00000000e+00   0.00000000e+00
   388       1   3.89067067e-03   1.72100540e-01
   388       2   1.30087017e-07   8.97769680e-11
   388       3   0.00000000e+00   0.00000000e+00
   389       1   3.57387974e-03   1.88673812e-01
   389       2   1.19759080e-07   9.83681227e-11
   389       3   0.00000000e+00   0.00000000e+00
   390       1   3.25853481e-03   2.08692476e-01
   390       2   1.09464229e-07   1.09019648e-10
   390       3   0.00000000e+00   0.00000000e+00
   391       1   2.94449290e-03   2.33361151e-01
   391       2   9.91990687e-08   1.22739913e-10
   391       3   0.00000000e+00   0.00000000e+00
   392       1   2.63161363e-03   2.64518323e-01
   392       2   8.89602529e-08   1.39471285e-10
   392       3   0.00000000e+00   0.00000000e+00
   393       1   2.31975888e-03   3.05114879e-01
   393       2   7.87444834e-08   1.61749517e-10
   393       3   0.00000000e+00   0.00000000e+00
   394       1   2.00879255e-03   3.60201222e-01
   394       2   6.85485025e-08   1.92192245e-10
   394       3   0.00000000e+00   0.00000000e+00
   395       1   1.69858026e-03   4.39185514e-01
   395       2   5.83690876e-08   2.36163939e-10
   395       3   0.00000000e+00   0.00000000e+00
   396       1   1.38898908e-03   5.61776877e-01
   396       2   4.82030450e-08   3.05892805e-10
   396       3   0.00000000e+00   0.00000000e+00
   397       1   1.07988730e-03   7.77137665e-01
   397       2   3.80472053e-08   4.31653429e-10
   397       3   0.00000000e+00   0.00000000e+00
   398       1   7.71144154e-04   1.24942058e+00
   398       2   2.78984165e-08   7.17753079e-10
   398       3   0.00000000e+00   0.00000000e+00
   399       1   4.62629582e-04   2.99937590e+00
   399       2   1.77535405e-08   1.85839633e-09
   399       3   0.00000000e+00   0.00000000e+00
   400       1   1.54213967e-04   1.13352094e+06
   400       2   7.60944530e-09   9.57920466e-04
   400       3   0.00000000e+00   0.00000000e+00
   401       1   1.54232099e-04   9.99999119e-01
   401       2   2.53699659e-09   1.70484939e-10
   401       3   0.00000000e+00   0.00000000e+00
   402       1   4.62838060e-04   7.49961566e-01
   402       2   1.26889172e-08   2.96323908e-10
   402       3   0.00000000e+00   0.00000000e+00
   403       1   7.71733643e-04   5.55441416e-01
   403       2   2.28494567e-08   2.44409104e-10
   403       3   0.00000000e+00   0.00000000e+00
   404       1   1.08104910e-03   4.37297608e-01
   404       2   3.30217676e-08   2.00921022e-10
   404       3   0.00000000e+00   0.00000000e+00
   405       1   1.39091547e-03   3.59703820e-01
   405       2   4.32090220e-08   1.69191091e-10
   405       3   0.00000000e+00   0.00000000e+00
   406       1   1.70146479e-03   3.05162652e-01
   406       2   5.34144161e-08   1.45677842e-10
   406       3   0.00000000e+00   0.00000000e+00
   407       1   2.01283042e-03   2.64814739e-01
   407       2   6.36411759e-08   1.27654077e-10
   407       3   0.00000000e+00   0.00000000e+00
   408       1   2.32514723e-03   2.33783988e-01
   408       2   7.38925626e-08   1.13341632e-10
   408       3   0.00000000e+00   0.00000000e+00
   409       1   2.63855190e-03   2.09185097e-01
   409       2   8.41718785e-08   1.01922444e-10
   409       3   0.00000000e+00   0.00000000e+00
   410       1   2.95318322e-03   1.89207518e-01
   410       2   9.44824727e-08   9.27562377e-11
   410       3   0.00000000e+00   0.00000000e+00
   411       1   3.26918232e-03   1.72659731e-01
   411       2   1.04827748e-07   8.48362737e-11
   411       3   0.00000000e+00   0.00000000e+00
   412       1   3.58669301e-03   1.58726343e-01
   412       2   1.15211166e-07   7.81016971e-11
   412       3   1.13528114e-16   0.00000000e+00
   413       1   3.90586205e-03   1.46830894e-01
   413       2   1.25636256e-07   7.26650811e-11
   413       3   0.00000000e+00   0.00000000e+00
   414       1   4.22683949e-03   1.36554490e-01
   414       2   1.36106619e-07   6.76074031e-11
   414       3   0.00000000e+00   0.00000000e+00
   415       1   4.54977902e-03   1.27585500e-01
   415       2   1.46625935e-07   6.31114736e-11
   415       3   0.00000000e+00   0.00000000e+00
   416       1   4.87483825e-03   1.19687335e-01
   416       2   1.57197974e-07   5.93701012e-11
   416       3   0.00000000e+00   0.00000000e+00
   417       1   5.20217918e-03   1.12677174e-01
   417       2   1.67826601e-07   5.59836531e-11
   417       3   0.00000000e+00   0.00000000e+00
   418       1   5.53196849e-03   1.06411521e-01
   418       2   1.78515785e-07   5.30235965e-11
   418       3   0.00000000e+00   0.00000000e+00
   419       1   5.86437800e-03   1.00776185e-01
   419       2   1.89269606e-07   5.00475057e-11
   419       3   0.00000000e+00   0.00000000e+00
   420       1   6.19958512e-03   9.56791632e-02
   420       2   2.00092270e-07   4.78559432e-11
   420       3   0.00000000e+00   0.00000000e+00
   421       1   6.53777325e-03   9.10455102e-02
   421       2   2.10988111e-07   4.54109430e-11
   421       3   0.00000000e+00   0.00000000e+00
   422       1   6.87913234e-03   8.68135588e-02
   422       2   2.21961608e-07   4.34365811e-11
   422       3   0.00000000e+00   0.00000000e+00
   423       1   7.22385937e-03   8.29321064e-02
   423       2   2.33017393e-07   4.14603663e-11
   423       3   1.20647161e-16   0.00000000e+00
   424       1   7.57215890e-03   7.93582866e-02
   424       2   2.44160265e-07   3.97148540e-11
   424       3   1.21560691e-16   0.00000000e+00
   425       1   7.92424371e-03   7.60559394e-02
   425       2   2.55395200e-07   3.81509002e-11
   425       3   0.00000000e+00   0.00000000e+00
   426       1   8.28033544e-03   7.29943493e-02
   426       2   2.66727369e-07   3.64653081e-11
   426       3   1.23538443e-16   0.00000000e+00
   427       1   8.64066523e-03   7.01472579e-02
   427       2   2.78162147e-07   3.52476833e-11
   427       3   0.00000000e+00   0.00000000e+00
   428       1   9.00547452e-03   6.74920840e-02
   428       2   2.89705134e-07   3.38669848e-11
   428       3   0.00000000e+00   0.00000000e+00
   429       1   9.37501584e-03   6.50093011e-02
   429       2   3.01362172e-07   3.27146143e-11
   429       3   1.26906624e-16   0.00000000e+00
   430       1   9.74955363e-03   6.26819383e-02
   430       2   3.13139358e-07   3.14526794e-11
   430       3   1.28143867e-16   0.00000000e+00
   431       1   1.01293653e-02   6.04951749e-02
   431       2   3.25043072e-07   3.05550442e-11
   431       3   0.00000000e+00   0.00000000e+00
   432       1   1.05147420e-02   5.84360103e-02
   432       2   3.37079992e-07   2.93563458e-11
   432       3   1.30802845e-16   0.00000000e+00
   433       1   1.09059902e-02   5.64929929e-02
   433       2   3.49257122e-07   2.83250266e-11
   433       3   0.00000000e+00   0.00000000e+00
   434       1   1.13034322e-02   5.46559957e-02
   434       2   3.61581814e-07   2.76032241e-11
   434       3   0.00000000e+00   0.00000000e+00
   435       1   1.17074081e-02   5.29160301e-02
   435       2   3.74061799e-07   2.65967905e-11
   435       3   0.00000000e+00   0.00000000e+00
   436       1   1.21182769e-02   5.12650901e-02
   436       2   3.86705216e-07   2.58328234e-11
   436       3   0.00000000e+00   0.00000000e+00
   437       1   1.25364180e-02   4.96960215e-02
   437       2   3.99520644e-07   2.50072506e-11
   437       3   0.00000000e+00   0.00000000e+00
   438       1   1.29622332e-02   4.82024111e-02
   438       2   4.12517141e-07   2.42090845e-11
   438       3   0.00000000e+00   0.00000000e+00
   439       1   1.33961483e-02   4.67784935e-02
   439       2   4.25704281e-07   2.36533875e-11
   439       3   0.00000000e+00   0.00000000e+00
   440       1   1.38386153e-02   4.54190707e-02
   440       2   4.39092200e-07   2.30633246e-11
   440       3   0.00000000e+00   0.00000000e+00
   441       1   1.42901144e-02   4.41194440e-02
   441       2   4.52691643e-07   2.22695586e-11
   441       3   0.00000000e+00   0.00000000e+00
   442       1   1.47511572e-02   4.28753552e-02
   442       2   4.66514016e-07   2.15802322e-11
   442       3   0.00000000e+00   0.00000000e+00
   443       1   1.52222885e-02   4.16829361e-02
   443       2   4.80571446e-07   2.09010971e-11
   443       3   0.00000000e+00   0.00000000e+00
   444       1   1.57040900e-02   4.05386646e-02
   444       2   4.94876843e-07   2.05576942e-11
   444       3   3.06284853e-16   0.00000000e+00
   445       1   1.61971836e-02   3.94393266e-02
   445       2   5.09443976e-07   2.00751120e-11
   445       3   0.00000000e+00   0.00000000e+00
   446       1   1.67022350e-02   3.83819829e-02
   446       2   5.24287546e-07   1.92882038e-11
   446       3   0.00000000e+00   0.00000000e+00
   447       1   1.72199578e-02   3.73639406e-02
   447       2   5.39423281e-07   1.89764871e-11
   447       3   0.00000000e+00   0.00000000e+00
   448       1   1.77511185e-02   3.63827271e-02
   448       2   5.54868027e-07   1.83789203e-11
   448       3   0.00000000e+00   0.00000000e+00
   449       1   1.82965412e-02   3.54360682e-02
   449       2   5.70639866e-07   1.80155508e-11
   449       3   0.00000000e+00   0.00000000e+00
   450       1   1.88571140e-02   3.45218685e-02
   450       2   5.86758229e-07   1.74871653e-11
   450       3   1.69945580e-16   0.00000000e+00
   451       1   1.94337949e-02   3.36381935e-02
   451       2   6.03244045e-07   1.69938865e-11
   451       3   0.00000000e+00   0.00000000e+00
   452       1   2.00276197e-02   3.27832550e-02
   452       2   6.20119883e-07   1.64977458e-11
   452       3   1.76717802e-16   0.00000000e+00
   453       1   2.06397099e-02   3.19553969e-02
   453       2   6.37410137e-07   1.61119929e-11
   453       3   0.00000000e+00   0.00000000e+00
   454       1   2.12712822e-02   3.11530831e-02
   454       2   6.55141219e-07   1.56735357e-11
   454       3   0.00000000e+00   0.00000000e+00
   455       1   2.19236591e-02   3.03748867e-02
   455       2   6.73341781e-07   1.54823756e-11
   455       3   0.00000000e+00   0.00000000e+00
   456       1   2.25982808e-02   2.96194804e-02
   456       2   6.92042969e-07   1.51017996e-11
   456       3   0.00000000e+00   0.00000000e+00
   457       1   2.32967192e-02   2.88856276e-02
   457       2   7.11278714e-07   1.44315853e-11
   457       3   0.00000000e+00   0.00000000e+00
   458       1   2.40206932e-02   2.81721748e-02
   458       2   7.31086059e-07   1.43303418e-11
   458       3   2.01709303e-16   0.00000000e+00
   459       1   2.47720870e-02   2.74780445e-02
   459       2   7.51505539e-07   1.38965043e-11
   459       3   2.06705908e-16   0.00000000e+00
   460       1   2.55529703e-02   2.68022289e-02
   460       2   7.72581613e-07   1.35485315e-11
   460       3   0.00000000e+00   0.00000000e+00
   461       1   2.63656226e-02   2.61437840e-02
   461       2   7.94363167e-07   1.32690928e-11
   461       3   0.00000000e+00   0.00000000e+00
   462       1   2.72125606e-02   2.55018247e-02
   462       2   8.16904092e-07   1.30445932e-11
   462       3   1.11748673e-16   0.00000000e+00
   463       1   2.80965702e-02   2.48755201e-02
   463       2   8.40263963e-07   1.26570227e-11
   463       3   0.00000000e+00   0.00000000e+00
   464       1   2.90207438e-02   2.42640891e-02
   464       2   8.64508817e-07   1.21001675e-11
   464       3   0.00000000e+00   0.00000000e+00
   465       1   2.99885242e-02   2.36667965e-02
   465       2   8.89712081e-07   1.20644241e-11
   465       3   0.00000000e+00   0.00000000e+00
   466       1   3.10037562e-02   2.30829497e-02
   466       2   9.15955650e-07   1.17699311e-11
   466       3   1.25542717e-16   0.00000000e+00
   467       1   3.20707471e-02   2.25118955e-02
   467       2   9.43331167e-07   1.13167850e-11
   467       3   1.29568843e-16   0.00000000e+00
   468       1   3.31943397e-02   2.19530169e-02
   468       2   9.71941546e-07   1.12281325e-11
   468       3   1.33869665e-16   0.00000000e+00
   469       1   3.43799975e-02   2.14057307e-02
   469       2   1.00190278e-06   1.09992333e-11
   469       3   0.00000000e+00   0.00000000e+00
   470       1   3.56339094e-02   2.08694848e-02
   470       2   1.03334611e-06   1.05546991e-11
   470       3   0.00000000e+00   0.00000000e+00
   471       1   3.69631137e-02   2.03437562e-02
   471       2   1.06642067e-06   1.02954714e-11
   471       3   0.00000000e+00   0.00000000e+00
   472       1   3.83756501e-02   1.98280489e-02
   472       2   1.10129666e-06   1.00164520e-11
   472       3   1.54413238e-16   0.00000000e+00
   473       1   3.98807452e-02   1.93218917e-02
   473       2   1.13816922e-06   9.81112538e-12
   473       3   0.00000000e+00   0.00000000e+00
   474       1   4.14890405e-02   1.88248368e-02
   474       2   1.17726327e-06   9.54755084e-12
   474       3   1.67232918e-16   0.00000000e+00
   475       1   4.32128757e-02   1.83364581e-02
   475       2   1.21883942e-06   9.31559575e-12
   475       3   0.00000000e+00   0.00000000e+00
   476       1   4.50666414e-02   1.78563497e-02
   476       2   1.26320138e-06   9.23975154e-12
   476       3   0.00000000e+00   0.00000000e+00
   477       1   4.70672263e-02   1.73841242e-02
   477       2   1.31070537e-06   8.86411987e-12
   477       3   1.90902497e-16   0.00000000e+00
   478       1   4.92345834e-02   1.69194121e-02
   478       2   1.36177202e-06   8.64190937e-12
   478       3   0.00000000e+00   0.00000000e+00
   479       1   5.15924605e-02   1.64618600e-02
   479       2   1.41690168e-06   8.46210628e-12
   479       3   0.00000000e+00   0.00000000e+00
   480       1   5.41693484e-02   1.60111296e-02
   480       2   1.47669434e-06   8.10180010e-12
   480       3   0.00000000e+00   0.00000000e+00
   481       1   5.69997285e-02   1.55668971e-02
   481       2   1.54187585e-06   7.85641844e-12
   481       3   1.17350357e-16   0.00000000e+00
   482       1   6.01257377e-02   1.51288517e-02
   482       2   1.61333286e-06   7.75835560e-12
   482       3   2.48811867e-16   0.00000000e+00
   483       1   6.35994184e-02   1.46966951e-02
   483       2   1.69216008e-06   7.65913183e-12
   483       3   1.32317855e-16   0.00000000e+00
   484       1   6.74858152e-02   1.42701403e-02
   484       2   1.77972530e-06   7.16495607e-12
   484       3   0.00000000e+00   0.00000000e+00
   485       1   7.18673074e-02   1.38489112e-02
   485       2   1.87776038e-06   6.93331136e-12
   485       3   1.51397952e-16   0.00000000e+00
   486       1   7.68498007e-02   1.34327417e-02
   486       2   1.98849124e-06   6.94789158e-12
   486       3   1.63032530e-16   0.00000000e+00
   487       1   8.25717749e-02   1.30213750e-02
   487       2   2.11482788e-06   6.61193539e-12
   487       3   1.76494042e-16   0.00000000e+00
   488       1   8.92178560e-02   1.26145629e-02
   488       2   2.26064933e-06   6.39536581e-12
   488       3   1.92240028e-16   0.00000000e+00
   489       1   9.70397918e-02   1.22120652e-02
   489       2   2.43124414e-06   6.49101274e-12
   489       3   2.10894447e-16   0.00000000e+00
   490       1   1.06390012e-01   1.18136494e-02
   490       2   2.63401503e-06   5.97816959e-12
   490       3   2.33330895e-16   0.00000000e+00
   491       1   1.17777561e-01   1.14190896e-02
   491       2   2.87965341e-06   6.01667273e-12
   491       3   1.30405644e-16   0.00000000e+00
   492       1   1.31965985e-01   1.10281667e-02
   492       2   3.18419476e-06   5.70512552e-12
   492       3   2.95228567e-16   0.00000000e+00
   493       1   1.50155115e-01   1.06406673e-02
   493       2   3.57283567e-06   5.49039677e-12
   493       3   3.39557433e-16   0.00000000e+00
   494       1   1.74344636e-01   1.02563833e-02
   494       2   4.08756810e-06   5.06126334e-12
   494       3   3.98755820e-16   0.00000000e+00
   495       1   2.08133950e-01   9.87511196e-03
   495       2   4.80397452e-06   5.00603280e-12
   495       3   4.81748130e-16   0.00000000e+00
   496       1   2.58721823e-01   9.49665482e-03
   496       2   5.87321594e-06   5.01731877e-12
   496       3   4.54787492e-16   0.00000000e+00
   497       1   3.42905369e-01   9.12081771e-03
   497       2   7.64799590e-06   4.79121199e-12
   497       3   6.10731894e-16   0.00000000e+00
   498       1   5.11076156e-01   8.74741017e-03
   498       2   1.11864161e-05   4.65911964e-12
   498       3   1.07666076e-15   0.00000000e+00
   499       1   1.01519592e+00   8.37624513e-03
   499       2   2.17789647e-05   4.43411872e-12
   499       3   1.54973937e-15   0.00000000e+00
   500       1   4.90801416e+04   8.00713848e-03
   500       2   3.36897850e+01   4.32890201e-12
   500       3   2.98365725e-09   0.00000000e+00
   500       4   0.00000000e+00   0.00000000e+00
   501       1   1.00000063e+00   7.63990878e-03
   501       2   2.05213336e-05   3.88651747e-12
   501       3   1.57427781e-15   0.00000000e+00
   502       1   4.95906097e-01   7.27437684e-03
   502       2   9.92828680e-06   3.59452240e-12
   502       3   6.34873378e-16   0.00000000e+00
   503       1   3.27731356e-01   6.91036539e-03
   503       2   6.38906500e-06   3.53757899e-12
   503       3   4.26808192e-16   0.00000000e+00
   504       1   2.43536222e-01   6.54769875e-03
   504       2   4.61316534e-06   3.50983793e-12
   504       3   3.22866427e-16   0.00000000e+00
   505       1   1.92931766e-01   6.18620244e-03
   505       2   3.54248299e-06   3.07455502e-12
   505       3   2.60576160e-16   0.00000000e+00
   506       1   1.59121508e-01   5.82570293e-03
   506       2   2.82431222e-06   2.85324930e-12
   506       3   2.19113507e-16   0.00000000e+00
   507       1   1.34906879e-01   5.46602719e-03
   507       2   2.30748967e-06   3.00004919e-12
   507       3   0.00000000e+00   0.00000000e+00
   508       1   1.16688540e-01   5.10700246e-03
   508       2   1.91643019e-06   2.56298425e-12
   508       3   0.00000000e+00   0.00000000e+00
   509       1   1.02466813e-01   4.74845581e-03
   509       2   1.60913876e-06   2.52200973e-12
   509       3   1.50279217e-16   0.00000000e+00
   510       1   9.10418476e-02   4.39021389e-03
   510       2   1.36041531e-06   2.43480823e-12
   510       3   1.36597705e-16   0.00000000e+00
   511       1   8.16500654e-02   4.03210250e-03
   511       2   1.15422045e-06   2.09814489e-12
   511       3   0.00000000e+00   0.00000000e+00
   512       1   7.37823759e-02   3.67394631e-03
   512       2   9.79858386e-07   1.91059815e-12
   512       3   1.16189149e-16   0.00000000e+00
   513       1   6.70862959e-02   3.31556842e-03
   513       2   8.29921558e-07   1.91259687e-12
   513       3   0.00000000e+00   0.00000000e+00
   514       1   6.13100162e-02   2.95679005e-03
   514       2   6.99116106e-07   1.67152582e-12
   514       3   0.00000000e+00   0.00000000e+00
   515       1   5.62688422e-02   2.59743013e-03
   515       2   5.83557163e-07   1.38120253e-12
   515       3   0.00000000e+00   0.00000000e+00
   516       1   5.18242187e-02   2.23730491e-03
   516       2   4.80328396e-07   1.33372263e-12
   516       3   1.82094781e-16   0.00000000e+00
   517       1   4.78701574e-02   1.87622753e-03
   517       2   3.87196993e-07   1.14950595e-12
   517       3   0.00000000e+00   0.00000000e+00
   518       1   4.43241891e-02   1.51400763e-03
   518       2   3.02423648e-07   7.94862728e-13
   518       3   0.00000000e+00   0.00000000e+00
   519       1   4.11211723e-02   1.15045086e-03
   519       2   2.24632534e-07   6.46942213e-13
   519       3   0.00000000e+00   0.00000000e+00
   520       1   3.82089594e-02   7.85358431e-04
   520       2   1.52720280e-07   4.70684852e-13
   520       3   1.52809091e-16   0.00000000e+00
   521       1   3.55453012e-02   4.18526615e-04
   521       2   8.57909333e-08   3.42697471e-13
   521       3   0.00000000e+00   0.00000000e+00
   522       1   3.30955949e-02   4.97462236e-05
   522       2   2.31086610e-08   7.05264002e-14
   522       3   0.00000000e+00   0.00000000e+00
   523       1   3.08312198e-02   3.21197945e-04
   523       2   3.59372339e-08   2.38048952e-14
   523       3   0.00000000e+00   0.00000000e+00
   524       1   2.87282891e-02   6.94527695e-04
   524       2   9.18585574e-08   2.04864284e-13
   524       3   0.00000000e+00   0.00000000e+00
   525       1   2.67667007e-02   1.07047205e-03
   525       2   1.45088186e-07   4.82864171e-13
   525       3   0.00000000e+00   0.00000000e+00
   526       1   2.49294071e-02   1.44926794e-03
   526       2   1.95995434e-07   7.36273547e-13
   526       3   0.00000000e+00   0.00000000e+00
   527       1   2.32018471e-02   1.83116089e-03
   527       2   2.44898024e-07   9.94564145e-13
   527       3   0.00000000e+00   0.00000000e+00
   528       1   2.15714998e-02   2.21640578e-03
   528       2   2.92071507e-07   1.19542465e-12
   528       3   0.00000000e+00   0.00000000e+00
   529       1   2.00275296e-02   2.60526771e-03
   529       2   3.37756746e-07   1.18950557e-12
   529       3   0.00000000e+00   0.00000000e+00
   530       1   1.85605028e-02   2.99802282e-03
   530       2   3.82165932e-07   1.23150607e-12
   530       3   0.00000000e+00   0.00000000e+00
   531       1   1.71621587e-02   3.39495928e-03
   531       2   4.25487439e-07   1.70638298e-12
   531       3   1.15000585e-16   0.00000000e+00
   532       1   1.58252228e-02   3.79637833e-03
   532       2   4.67889804e-07   1.93511939e-12
   532       3   0.00000000e+00   0.00000000e+00
   533       1   1.45432547e-02   4.20259537e-03
   533       2   5.09524997e-07   2.18477269e-12
   533       3   0.00000000e+00   0.00000000e+00
   534       1   1.33105215e-02   4.61394116e-03
   534       2   5.50531135e-07   2.28127516e-12
   534       3   0.00000000e+00   0.00000000e+00
   535       1   1.21218932e-02   5.03076317e-03
   535       2   5.91034770e-07   2.45497401e-12
   535       3   2.17431660e-16   0.00000000e+00
   536       1   1.09727554e-02   5.45342701e-03
   536       2   6.31152803e-07   2.56859704e-12
   536       3   0.00000000e+00   0.00000000e+00
   537       1   9.85893479e-03   5.88231793e-03
   537       2   6.70994131e-07   2.99032539e-12
   537       3   2.12925436e-16   0.00000000e+00
   538       1   8.77663750e-03   6.31784264e-03
   538       2   7.10661067e-07   3.19877483e-12
   538       3   2.11056516e-16   0.00000000e+00
   539       1   7.72239514e-03   6.76043106e-03
   539       2   7.50250562e-07   3.32300621e-12
   539       3   2.09426497e-16   0.00000000e+00
   540       1   6.69301926e-03   7.21053847e-03
   540       2   7.89855300e-07   3.56274620e-12
   540       3   0.00000000e+00   0.00000000e+00
   541       1   5.68556175e-03   7.66864771e-03
   541       2   8.29564656e-07   3.74728442e-12
   541       3   0.00000000e+00   0.00000000e+00
   542       1   4.69728033e-03   8.13527170e-03
   542       2   8.69465579e-07   4.17471313e-12
   542       3   2.05869956e-16   0.00000000e+00
   543       1   3.72560830e-03   8.61095614e-03
   543       2   9.09643388e-07   4.51838907e-12
   543       3   2.05102779e-16   0.00000000e+00
   544       1   2.76812771e-03   9.09628261e-03
   544       2   9.50182520e-07   4.56952202e-12
   544       3   2.04534834e-16   0.00000000e+00
   545       1   1.82254543e-03   9.59187184e-03
   545       2   9.91167238e-07   4.69823990e-12
   545       3   0.00000000e+00   0.00000000e+00
   546       1   8.86671510e-04   1.00983875e-02
   546       2   1.03268231e-06   5.21858033e-12
   546       3   2.03980622e-16   0.00000000e+00
   547       1   4.16006272e-05   1.06165404e-02
   547       2   1.07481368e-06   5.42579424e-12
   547       3   2.03988889e-16   0.00000000e+00
   548       1   9.64312435e-04   1.11470928e-02
   548       2   1.11764912e-06   5.41923265e-12
   548       3   2.04185370e-16   0.00000000e+00
   549       1   1.88345742e-03   1.16908641e-02
   549       2   1.16127894e-06   6.07305431e-12
   549       3   0.00000000e+00   0.00000000e+00
   550       1   2.80099745e-03   1.22487362e-02
   550       2   1.20579662e-06   5.96576972e-12
   550       3   2.05142458e-16   0.00000000e+00
   551       1   3.71887857e-03   1.28216600e-02
   551       2   1.25129962e-06   6.27635020e-12
   551       3   2.05905101e-16   0.00000000e+00
   552       1   4.63904652e-03   1.34106629e-02
   552       2   1.29789007e-06   6.57524708e-12
   552       3   0.00000000e+00   0.00000000e+00
   553       1   5.56346222e-03   1.40168568e-02
   553       2   1.34567565e-06   7.20069816e-12
   553       3   0.00000000e+00   0.00000000e+00
   554       1   6.49411756e-03   1.46414475e-02
   554       2   1.39477046e-06   7.35871082e-12
   554       3   2.09361167e-16   0.00000000e+00
   555       1   7.43305171e-03   1.52857451e-02
   555       2   1.44529603e-06   7.76309609e-12
   555       3   0.00000000e+00   0.00000000e+00
   556       1   8.38236820e-03   1.59511761e-02
   556       2   1.49738237e-06   8.02298789e-12
   556       3   2.12684720e-16   0.00000000e+00
   557       1   9.34425314e-03   1.66392968e-02
   557       2   1.55116922e-06   8.38006353e-12
   557       3   2.14671767e-16   0.00000000e+00
   558       1   1.03209949e-02   1.73518090e-02
   558       2   1.60680743e-06   8.67328237e-12
   558       3   2.16887045e-16   0.00000000e+00
   559       1   1.13150058e-02   1.80905776e-02
   559       2   1.66446042e-06   9.02628349e-12
   559       3   2.19340758e-16   0.00000000e+00
   560       1   1.23288455e-02   1.88576515e-02
   560       2   1.72430603e-06   9.48387615e-12
   560       3   2.22044594e-16   0.00000000e+00
   561       1   1.33652482e-02   1.96552868e-02
   561       2   1.78653846e-06   9.91106447e-12
   561       3   1.12505936e-16   0.00000000e+00
   562       1   1.44271525e-02   2.04859741e-02
   562       2   1.85137060e-06   1.04393770e-11
   562       3   1.14128865e-16   0.00000000e+00
   563       1   1.55177355e-02   2.13524709e-02
   563       2   1.91903672e-06   1.07479769e-11
   563       3   1.15899664e-16   0.00000000e+00
   564       1   1.66404522e-02   2.22578378e-02
   564       2   1.98979550e-06   1.12774081e-11
   564       3   2.35656106e-16   0.00000000e+00
   565       1   1.77990812e-02   2.32054829e-02
   565       2   2.06393371e-06   1.15607414e-11
   565       3   1.19925036e-16   0.00000000e+00
   566       1   1.89977775e-02   2.41992119e-02
   566       2   2.14177041e-06   1.21347907e-11
   566       3   2.44406168e-16   0.00000000e+00
   567       1   2.02411343e-02   2.52432893e-02
   567       2   2.22366197e-06   1.28190996e-11
   567       3   3.74029007e-16   0.00000000e+00
   568       1   2.15342568e-02   2.63425096e-02
   568       2   2.31000799e-06   1.32010418e-11
   568       3   1.27360854e-16   0.00000000e+00
   569       1   2.28828487e-02   2.75022832e-02
   569       2   2.40125837e-06   1.38506230e-11
   569       3   2.60549840e-16   0.00000000e+00
   570       1   2.42933163e-02   2.87287387e-02
   570       2   2.49792176e-06   1.44113779e-11
   570       3   1.33439396e-16   0.00000000e+00
   571       1   2.57728939e-02   3.00288473e-02
   571       2   2.60057583e-06   1.51784373e-11
   571       3   1.36878160e-16   0.00000000e+00
   572       1   2.73297950e-02   3.14105728e-02
   572       2   2.70987960e-06   1.59414900e-11
   572       3   2.81237262e-16   0.00000000e+00
   573       1   2.89733974e-02   3.28830559e-02
   573       2   2.82658864e-06   1.66519756e-11
   573       3   2.89384843e-16   0.00000000e+00
   574       1   3.07144704e-02   3.44568405e-02
   574       2   2.95157368e-06   1.73617815e-11
   574       3   1.49136132e-16   0.00000000e+00
   575       1   3.25654565e-02   3.61441540e-02
   575       2   3.08584370e-06   1.81471171e-11
   575       3   3.07984687e-16   0.00000000e+00
   576       1   3.45408231e-02   3.79592588e-02
   576       2   3.23057483e-06   1.92816183e-11
   576       3   3.18621702e-16   0.00000000e+00
   577       1   3.66575051e-02   3.99188939e-02
   577       2   3.38714671e-06   2.01852586e-11
   577       3   3.30300460e-16   0.00000000e+00
   578       1   3.89354694e-02   4.20428387e-02
   578       2   3.55718885e-06   2.11248995e-11
   578       3   1.71579821e-16   0.00000000e+00
   579       1   4.13984386e-02   4.43546364e-02
   579       2   3.74264014e-06   2.23435064e-11
   579       3   1.78682289e-16   0.00000000e+00
   580       1   4.40748335e-02   4.68825348e-02
   580       2   3.94582625e-06   2.36136442e-11
   580       3   1.86556945e-16   0.00000000e+00
   581       1   4.69990111e-02   4.96607253e-02
   581       2   4.16956149e-06   2.51097151e-11
   581       3   1.95324123e-16   0.00000000e+00
   582       1   5.02129167e-02   5.27309931e-02
   582       2   4.41728459e-06   2.67430774e-11
   582       3   2.05131011e-16   0.00000000e+00
   583       1   5.37683177e-02   5.61449509e-02
   583       2   4.69324240e-06   2.86045588e-11
   583       3   2.16159545e-16   0.00000000e+00
   584       1   5.77298757e-02   5.99671105e-02
   584       2   5.00274247e-06   3.02552074e-11
   584       3   3.42955898e-16   0.00000000e+00
   585       1   6.21794464e-02   6.42791821e-02
   585       2   5.35250665e-06   3.26368648e-11
   585       3   2.42852504e-16   0.00000000e+00
   586       1   6.72222230e-02   6.91862166e-02
   586       2   5.75117630e-06   3.51098125e-11
   586       3   3.88764148e-16   0.00000000e+00
   587       1   7.29957143e-02   7.48255832e-02
   587       2   6.21005055e-06   3.80965768e-11
   587       3   4.17139674e-16   0.00000000e+00
   588       1   7.96832117e-02   8.13804353e-02
   588       2   6.74419378e-06   4.12156396e-11
   588       3   4.50375665e-16   0.00000000e+00
   589       1   8.75346016e-02   8.91005213e-02
   589       2   7.37414712e-06   4.49680226e-11
   589       3   4.89795508e-16   0.00000000e+00
   590       1   9.68996657e-02   9.83354824e-02
   590       2   8.12866689e-06   4.96651239e-11
   590       3   5.37252162e-16   0.00000000e+00
   591       1   1.08283580e-01   1.09590349e-01
   591       2   9.04928864e-06   5.56895183e-11
   591       3   5.95422361e-16   0.00000000e+00
   592       1   1.22444042e-01   1.23622657e-01
   592       2   1.01983142e-05   6.28187514e-11
   592       3   6.68321466e-16   0.00000000e+00
   593       1   1.40571644e-01   1.41622813e-01
   593       2   1.16736447e-05   7.19778828e-11
   593       3   8.89302884e-16   0.00000000e+00
   594       1   1.64650625e-01   1.65574816e-01
   594       2   1.36384471e-05   8.40488475e-11
   594       3   8.87754029e-16   0.00000000e+00
   595       1   1.98252540e-01   1.99049850e-01
   595       2   1.63864191e-05   1.00852574e-10
   595       3   1.24102544e-15   0.00000000e+00
   596       1   2.48520439e-01   2.49190268e-01
   596       2   2.05049538e-05   1.26315080e-10
   596       3   1.54941385e-15   0.00000000e+00
   597       1   3.32121521e-01   3.32661534e-01
   597       2   2.73646305e-05   1.68669717e-10
   597       3   1.91652598e-15   0.00000000e+00
   598       1   4.99058468e-01   4.99459988e-01
   598       2   4.10771793e-05   2.53436004e-10
   598       3   3.09385621e-15   0.00000000e+00
   599       1   9.99360189e-01   9.99567029e-01
   599       2   8.22012023e-05   5.07189032e-10
   599       3   6.18522447e-15   0.00000000e+00
   600       1   1.25038517e+04   8.31636803e+05
   600       2   3.63301420e+01   4.22071107e-04
   600       3   2.61021141e-09   0.00000000e+00
   600       4   0.00000000e+00   0.00000000e+00
   601       1   1.00000226e+00   1.00000120e+00
   601       2   8.22548434e-05   5.07390154e-10
   601       3   5.96435059e-15   0.00000000e+00
   602       1   4.99820584e-01   4.99892335e-01
   602       2   4.11305483e-05   2.53761967e-10
   602       3   3.09386321e-15   0.00000000e+00
   603       1   3.32906003e-01   3.33093509e-01
   603       2   2.74179595e-05   1.69057954e-10
   603       3   1.91652887e-15   0.00000000e+00
   604       1   2.49312909e-01   2.49622073e-01
   604       2   2.05582812e-05   1.26817776e-10
   604       3   1.54941560e-15   0.00000000e+00
   605       1   1.99048884e-01   1.99481532e-01
   605       2   1.64397593e-05   1.01148415e-10
   605       3   1.24102656e-15   0.00000000e+00
   606       1   1.65449261e-01   1.66006385e-01
   606       2   1.36918088e-05   8.42049259e-11
   606       3   1.03571381e-15   0.00000000e+00
   607       1   1.41371857e-01   1.42054265e-01
   607       2   1.17270345e-05   7.21420568e-11
   607       3   8.89303455e-16   0.00000000e+00
   608       1   1.23245483e-01   1.24053983e-01
   608       2   1.02517377e-05   6.30557508e-11
   608       3   7.79708814e-16   0.00000000e+00
   609       1   1.09086071e-01   1.10021536e-01
   609       2   9.10275146e-06   5.59132768e-11
   609       3   5.95422657e-16   0.00000000e+00
   610       1   9.77031205e-02   9.87665187e-02
   610       2   8.18217427e-06   5.01866020e-11
   610       3   7.16336535e-16   0.00000000e+00
   611       1   8.83389881e-02   8.95313921e-02
   611       2   7.42770428e-06   4.55933466e-11
   611       3   6.53060941e-16   0.00000000e+00
   612       1   8.04885289e-02   8.18111260e-02
   612       2   6.79780593e-06   4.15565114e-11
   612       3   4.50375832e-16   0.00000000e+00
   613       1   7.38019820e-02   7.52560788e-02
   613       2   6.26372293e-06   3.83581364e-11
   613       3   5.56186421e-16   0.00000000e+00
   614       1   6.80294746e-02   6.96165016e-02
   614       2   5.80491419e-06   3.53399777e-11
   614       3   3.88764270e-16   0.00000000e+00
   615       1   6.29877254e-02   6.47092410e-02
   615       2   5.40631540e-06   3.28241202e-11
   615       3   3.64278862e-16   0.00000000e+00
   616       1   5.85392329e-02   6.03969275e-02
   616       2   5.05662750e-06   3.07893343e-11
   616       3   4.57274655e-16   0.00000000e+00
   617       1   5.45788096e-02   5.65745100e-02
   617       2   4.74720924e-06   2.88155489e-11
   617       3   2.16159600e-16   0.00000000e+00
   618       1   5.10246042e-02   5.31602781e-02
   618       2   4.47133887e-06   2.70250501e-11
   618       3   4.10262119e-16   0.00000000e+00
   619       1   4.78119591e-02   5.00897199e-02
   619       2   4.22370893e-06   2.54804637e-11
   619       3   3.90648333e-16   0.00000000e+00
   620       1   4.48891105e-02   4.73112225e-02
   620       2   4.00007271e-06   2.40912560e-11
   620       3   3.73113970e-16   0.00000000e+00
   621       1   4.22141160e-02   4.47830005e-02
   621       2   3.79699162e-06   2.29479227e-11
   621       3   1.78682325e-16   0.00000000e+00
   622       1   3.97526217e-02   4.24708624e-02
   622       2   3.61165149e-06   2.13210324e-11
   622       3   1.71579854e-16   0.00000000e+00
   623       1   3.74762098e-02   4.03465601e-02
   623       2   3.44172679e-06   2.05010318e-11
   623       3   1.65150260e-16   0.00000000e+00
   624       1   3.53611603e-02   3.83865502e-02
   624       2   3.28527882e-06   1.94856396e-11
   624       3   3.18621756e-16   0.00000000e+00
   625       1   3.33875095e-02   3.65710532e-02
   625       2   3.14067824e-06   1.87532107e-11
   625       3   1.53992368e-16   0.00000000e+00
   626       1   3.15383250e-02   3.48833298e-02
   626       2   3.00654559e-06   1.78368225e-11
   626       3   1.49136155e-16   0.00000000e+00
   627       1   2.97991429e-02   3.33091175e-02
   627       2   2.88170497e-06   1.69962512e-11
   627       3   2.89384886e-16   0.00000000e+00
   628       1   2.81575236e-02   3.18361885e-02
   628       2   2.76514760e-06   1.63464108e-11
   628       3   2.81237302e-16   0.00000000e+00
   629       1   2.66027011e-02   3.04539987e-02
   629       2   2.65600298e-06   1.57291758e-11
   629       3   1.36878178e-16   0.00000000e+00
   630       1   2.51253012e-02   2.91534073e-02
   630       2   2.55351582e-06   1.47122945e-11
   630       3   1.33439414e-16   0.00000000e+00
   631       1   2.37171138e-02   2.79264501e-02
   631       2   2.45702733e-06   1.43338250e-11
   631       3   1.30274936e-16   0.00000000e+00
   632       1   2.23709087e-02   2.67661557e-02
   632       2   2.36596015e-06   1.34631219e-11
   632       3   1.27360869e-16   0.00000000e+00
   633       1   2.10802835e-02   2.56663952e-02
   633       2   2.27980593e-06   1.30707439e-11
   633       3   1.24676350e-16   0.00000000e+00
   634       1   1.98395389e-02   2.46217578e-02
   634       2   2.19811510e-06   1.24182263e-11
   634       3   1.22203097e-16   0.00000000e+00
   635       1   1.86435744e-02   2.36274488e-02
   635       2   2.12048839e-06   1.21755929e-11
   635       3   2.39850097e-16   0.00000000e+00
   636       1   1.74878016e-02   2.26792034e-02
   636       2   2.04656982e-06   1.15863846e-11
   636       3   1.17828064e-16   0.00000000e+00
   637       1   1.63680707e-02   2.17732155e-02
   637       2   1.97604071e-06   1.10932838e-11
   637       3   2.31799351e-16   0.00000000e+00
   638       1   1.52806088e-02   2.09060767e-02
   638       2   1.90861474e-06   1.07877976e-11
   638       3   1.14128876e-16   0.00000000e+00
   639       1   1.42219667e-02   2.00747259e-02
   639       2   1.84403366e-06   1.03247853e-11
   639       3   2.25011892e-16   0.00000000e+00
   640       1   1.31889737e-02   1.92764055e-02
   640       2   1.78206370e-06   9.74066987e-12
   640       3   1.11022306e-16   0.00000000e+00
   641       1   1.21786981e-02   1.85086243e-02
   641       2   1.72249250e-06   9.44966501e-12
   641       3   2.19340775e-16   0.00000000e+00
   642       1   1.11884131e-02   1.77691258e-02
   642       2   1.66512641e-06   9.09775659e-12
   642       3   0.00000000e+00   0.00000000e+00
   643       1   1.02155667e-02   1.70558608e-02
   643       2   1.60978820e-06   8.85959137e-12
   643       3   0.00000000e+00   0.00000000e+00
   644       1   9.25775495e-03   1.63669638e-02
   644       2   1.55631507e-06   8.32991280e-12
   644       3   0.00000000e+00   0.00000000e+00
   645       1   8.31269867e-03   1.57007327e-02
   645       2   1.50455690e-06   8.09216925e-12
   645       3   0.00000000e+00   0.00000000e+00
   646       1   7.37822141e-03   1.50556106e-02
   646       2   1.45437469e-06   7.66667748e-12
   646       3   0.00000000e+00   0.00000000e+00
   647       1   6.45223015e-03   1.44301706e-02
   647       2   1.40563922e-06   7.40269290e-12
   647       3   0.00000000e+00   0.00000000e+00
   648       1   5.53269702e-03   1.38231020e-02
   648       2   1.35822985e-06   6.95062680e-12
   648       3   2.06860047e-16   0.00000000e+00
   649       1   4.61764236e-03   1.32331985e-02
   649       2   1.31203340e-06   6.64486906e-12
   649       3   0.00000000e+00   0.00000000e+00
   650       1   3.70511844e-03   1.26593477e-02
   650       2   1.26694323e-06   6.40303985e-12
   650       3   2.05142468e-16   0.00000000e+00
   651       1   2.79319386e-03   1.21005216e-02
   651       2   1.22285830e-06   6.07456544e-12
   651       3   2.04569716e-16   0.00000000e+00
   652       1   1.87993808e-03   1.15557687e-02
   652       2   1.17968235e-06   5.99524197e-12
   652       3   4.08370756e-16   0.00000000e+00
   653       1   9.63406110e-04   1.10242064e-02
   653       2   1.13732319e-06   5.79391462e-12
   653       3   0.00000000e+00   0.00000000e+00
   654       1   4.16227834e-05   1.05050148e-02
   654       2   1.09569195e-06   5.49465282e-12
   654       3   2.03980630e-16   0.00000000e+00
   655       1   8.87433351e-04   9.99743095e-03
   655       2   1.05470237e-06   5.24534707e-12
   655       3   0.00000000e+00   0.00000000e+00
   656       1   1.82584702e-03   9.50074328e-03
   656       2   1.01427021e-06   4.90887220e-12
   656       3   2.04534840e-16   0.00000000e+00
   657       1   2.77578430e-03   9.01428743e-03
   657       2   9.74312525e-07   4.46804804e-12
   657       3   0.00000000e+00   0.00000000e+00
   658       1   3.73951214e-03   8.53744191e-03
   658       2   9.34747085e-07   4.36434485e-12
   658       3   4.11739922e-16   0.00000000e+00
   659       1   4.71941971e-03   8.06962440e-03
   659       2   8.95491664e-07   4.25757940e-12
   659       3   0.00000000e+00   0.00000000e+00
   660       1   5.71804208e-03   7.61028836e-03
   660       2   8.56463386e-07   3.83181582e-12
   660       3   0.00000000e+00   0.00000000e+00
   661       1   6.73808659e-03   7.15892005e-03
   661       2   8.17577993e-07   3.68663924e-12
   661       3   0.00000000e+00   0.00000000e+00
   662       1   7.78246276e-03   6.71503575e-03
   662       2   7.78749086e-07   3.52001933e-12
   662       3   0.00000000e+00   0.00000000e+00
   663       1   8.85431622e-03   6.27817930e-03
   663       2   7.39887284e-07   3.18020172e-12
   663       3   0.00000000e+00   0.00000000e+00
   664       1   9.95706773e-03   5.84791981e-03
   664       2   7.00899302e-07   3.05236600e-12
   664       3   0.00000000e+00   0.00000000e+00
   665       1   1.10944583e-02   5.42384963e-03
   665       2   6.61686919e-07   2.82732418e-12
   665       3   0.00000000e+00   0.00000000e+00
   666       1   1.22706017e-02   5.00558245e-03
   666       2   6.22145811e-07   2.62681493e-12
   666       3   0.00000000e+00   0.00000000e+00
   667       1   1.34900459e-02   4.59275164e-03
   667       2   5.82164202e-07   2.39894870e-12
   667       3   0.00000000e+00   0.00000000e+00
   668       1   1.47578462e-02   4.18500862e-03
   668       2   5.41621315e-07   2.09437999e-12
   668       3   1.13180622e-16   0.00000000e+00
   669       1   1.60796507e-02   3.78202149e-03
   669       2   5.00385549e-07   2.01094236e-12
   669       3   1.15000584e-16   0.00000000e+00
   670       1   1.74618043e-02   3.38347366e-03
   670       2   4.58312322e-07   1.81649702e-12
   670       3   0.00000000e+00   0.00000000e+00
   671       1   1.89114722e-02   2.98906267e-03
   671       2   4.15241507e-07   1.48965029e-12
   671       3   0.00000000e+00   0.00000000e+00
   672       1   2.04367906e-02   2.59849904e-03
   672       2   3.70994339e-07   1.34714156e-12
   672       3   0.00000000e+00   0.00000000e+00
   673       1   2.20470501e-02   2.21150530e-03
   673       2   3.25369669e-07   1.31400207e-12
   673       3   1.24340409e-16   0.00000000e+00
   674       1   2.37529210e-02   1.82781497e-03
   674       2   2.78139367e-07   9.99404129e-13
   674       3   0.00000000e+00   0.00000000e+00
   675       1   2.55667327e-02   1.44717171e-03
   675       2   2.29042663e-07   7.76976284e-13
   675       3   0.00000000e+00   0.00000000e+00
   676       1   2.75028227e-02   1.06932846e-03
   676       2   1.77779074e-07   6.14737219e-13
   676       3   0.00000000e+00   0.00000000e+00
   677       1   2.95779762e-02   6.94046752e-04
   677       2   1.23999529e-07   4.17667703e-13
   677       3   0.00000000e+00   0.00000000e+00
   678       1   3.18119849e-02   3.21095898e-04
   678       2   6.72950767e-08   1.70474855e-13
   678       3   0.00000000e+00   0.00000000e+00
   679       1   3.42283665e-02   4.97476129e-05
   679       2   7.18239474e-09   8.36551055e-15
   679       3   0.00000000e+00   0.00000000e+00
   680       1   3.68552983e-02   4.18700769e-04
   680       2   5.69150306e-08   1.44870504e-13
   680       3   0.00000000e+00   0.00000000e+00
   681       1   3.97268465e-02   7.85974622e-04
   681       2   1.25691652e-07   3.02532124e-13
   681       3   0.00000000e+00   0.00000000e+00
   682       1   4.28846048e-02   1.15177484e-03
   682       2   1.99992839e-07   5.73810498e-13
   682       3   0.00000000e+00   0.00000000e+00
   683       1   4.63799106e-02   1.51630225e-03
   683       2   2.80859484e-07   5.50645050e-13
   683       3   0.00000000e+00   0.00000000e+00
   684       1   5.02768928e-02   1.87975330e-03
   684       2   3.69589304e-07   9.59166183e-13
   684       3   0.00000000e+00   0.00000000e+00
   685       1   5.46567380e-02   2.24232058e-03
   685       2   4.67822671e-07   1.13127754e-12
   685       3   0.00000000e+00   0.00000000e+00
   686       1   5.96237854e-02   2.60419326e-03
   686       2   5.77665187e-07   1.20914855e-12
   686       3   0.00000000e+00   0.00000000e+00
   687       1   6.53144338e-02   2.96555750e-03
   687       2   7.01866833e-07   1.44402377e-12
   687       3   0.00000000e+00   0.00000000e+00
   688       1   7.19105030e-02   3.32659689e-03
   688       2   8.44090670e-07   1.64084073e-12
   688       3   0.00000000e+00   0.00000000e+00
   689       1   7.96598816e-02   3.68749287e-03
   689       2   1.00932809e-06   1.70386851e-12
   689       3   1.25444616e-16   0.00000000e+00
   690       1   8.89095648e-02   4.04842508e-03
   690       2   1.20456321e-06   1.84676453e-12
   690       3   0.00000000e+00   0.00000000e+00
   691       1   1.00160716e-01   4.40957176e-03
   691       2   1.43988014e-06   2.15616533e-12
   691       3   1.50279183e-16   0.00000000e+00
   692       1   1.14165026e-01   4.77111012e-03
   692       2   1.73040077e-06   2.41752961e-12
   692       3   1.67435520e-16   0.00000000e+00
   693       1   1.32103664e-01   5.13321670e-03
   693       2   2.09988339e-06   2.46262840e-12
   693       3   1.89553968e-16   0.00000000e+00
   694       1   1.55945179e-01   5.49606774e-03
   694       2   2.58792000e-06   2.88340404e-12
   694       3   2.19113428e-16   0.00000000e+00
   695       1   1.89232892e-01   5.85983950e-03
   695       2   3.26577032e-06   2.84312540e-12
   695       3   2.60576045e-16   0.00000000e+00
   696       1   2.39053367e-01   6.22470864e-03
   696       2   4.27594677e-06   2.97603727e-12
   696       3   1.61433123e-16   0.00000000e+00
   697       1   3.21941865e-01   6.59085254e-03
   697       2   5.95096942e-06   3.44618246e-12
   697       3   4.26807866e-16   0.00000000e+00
   698       1   4.87504300e-01   6.95844969e-03
   698       2   9.28838531e-06   3.47155463e-12
   698       3   4.76154479e-16   0.00000000e+00
   699       1   9.83773536e-01   7.32768001e-03
   699       2   1.92758985e-05   3.87623390e-12
   699       3   1.25941926e-15   0.00000000e+00
   700       1   5.45833591e+04   7.69872520e-03
   700       2   1.12392947e+01   3.63240885e-12
   700       3   7.47862257e-10   0.00000000e+00
   700       4   0.00000000e+00   0.00000000e+00
   701       1   1.00000176e+00   8.07176910e-03
   701       2   2.06021124e-05   4.12294679e-12
   701       3   1.54974314e-15   0.00000000e+00
   702       1   5.03765389e-01   8.44699809e-03
   702       2   1.06150245e-05   4.27844115e-12
   702       3   9.22853220e-16   0.00000000e+00
   703       1   3.38217665e-01   8.82460141e-03
   703       2   7.27839662e-06   4.59412079e-12
   703       3   6.10732404e-16   0.00000000e+00
   704       1   2.55344520e-01   9.20477157e-03
   704       2   5.60448893e-06   4.46285409e-12
   704       3   3.03191853e-16   0.00000000e+00
   705       1   2.05542370e-01   9.58770475e-03
   705       2   4.59575121e-06   4.77043915e-12
   705       3   3.61311282e-16   0.00000000e+00
   706       1   1.72276548e-01   9.97360118e-03
   706       2   3.91966406e-06   4.86292192e-12
   706       3   3.98755992e-16   0.00000000e+00
   707       1   1.48460711e-01   1.03626656e-02
   707       2   3.43371686e-06   5.45088643e-12
   707       3   3.39557560e-16   0.00000000e+00
   708       1   1.30551654e-01   1.07551075e-02
   708       2   3.06665234e-06   5.33301877e-12
   708       3   4.42842997e-16   0.00000000e+00
   709       1   1.16580901e-01   1.11511421e-02
   709       2   2.77888147e-06   5.62279291e-12
   709       3   1.30405683e-16   0.00000000e+00
   710       1   1.05367347e-01   1.15509902e-02
   710       2   2.54664937e-06   5.86393677e-12
   710       3   2.33330958e-16   0.00000000e+00
   711       1   9.61593598e-02   1.19548788e-02
   711       2   2.35483806e-06   6.15770437e-12
   711       3   2.10894499e-16   0.00000000e+00
   712       1   8.84558368e-02   1.23630422e-02
   712       2   2.19336777e-06   6.34660410e-12
   712       3   1.92240071e-16   0.00000000e+00
   713       1   8.19098459e-02   1.27757217e-02
   713       2   2.05525921e-06   6.78127845e-12
   713       3   1.76494080e-16   0.00000000e+00
   714       1   7.62735657e-02   1.31931669e-02
   714       2   1.93552630e-06   6.67478629e-12
   714       3   1.63032562e-16   0.00000000e+00
   715       1   7.13652496e-02   1.36156357e-02
   715       2   1.83051180e-06   6.97185601e-12
   715       3   1.51397980e-16   0.00000000e+00
   716       1   6.70485771e-02   1.40433956e-02
   716       2   1.73747207e-06   7.05068892e-12
   716       3   1.41247206e-16   0.00000000e+00
   717       1   6.32192937e-02   1.44767238e-02
   717       2   1.65430839e-06   7.15788232e-12
   717       3   1.32317877e-16   0.00000000e+00
   718       1   5.97963040e-02   1.49159082e-02
   718       2   1.57938783e-06   7.56618701e-12
   718       3   1.24405953e-16   0.00000000e+00
   719       1   5.67155775e-02   1.53612483e-02
   719       2   1.51142072e-06   7.84586037e-12
   719       3   1.17350375e-16   0.00000000e+00
   720       1   5.39258823e-02   1.58130559e-02
   720       2   1.44937482e-06   7.94430765e-12
   720       3   1.11022313e-16   0.00000000e+00
   721       1   5.13857385e-02   1.62716557e-02
   721       2   1.39241406e-06   8.13372131e-12
   721       3   0.00000000e+00   0.00000000e+00
   722       1   4.90612012e-02   1.67373870e-02
   722       2   1.33985397e-06   8.41986889e-12
   722       3   0.00000000e+00   0.00000000e+00
   723       1   4.69242235e-02   1.72106039e-02
   723       2   1.29112875e-06   8.68292921e-12
   723       3   0.00000000e+00   0.00000000e+00
   724       1   4.49514273e-02   1.76916770e-02
   724       2   1.24576652e-06   9.00182106e-12
   724       3   0.00000000e+00   0.00000000e+00
   725       1   4.31231698e-02   1.81809943e-02
   725       2   1.20337058e-06   9.27384927e-12
   725       3   0.00000000e+00   0.00000000e+00
   726       1   4.14228253e-02   1.86789625e-02
   726       2   1.16360497e-06   9.26551503e-12
   726       3   0.00000000e+00   0.00000000e+00
   727       1   3.98362267e-02   1.91860086e-02
   727       2   1.12618320e-06   9.83032518e-12
   727       3   1.60571188e-16   0.00000000e+00
   728       1   3.83512262e-02   1.97025811e-02
   728       2   1.09085944e-06   9.95439441e-12
   728       3   0.00000000e+00   0.00000000e+00
   729       1   3.69573475e-02   2.02291518e-02
   729       2   1.05742152e-06   1.03072687e-11
   729       3   1.48706707e-16   0.00000000e+00
   730       1   3.56455073e-02   2.07662174e-02
   730       2   1.02568533e-06   1.05102226e-11
   730       3   0.00000000e+00   0.00000000e+00
   731       1   3.44077906e-02   2.13143015e-02
   731       2   9.95490268e-07   1.07078145e-11
   731       3   1.38471978e-16   0.00000000e+00
   732       1   3.32372681e-02   2.18739569e-02
   732       2   9.66695631e-07   1.11192438e-11
   732       3   0.00000000e+00   0.00000000e+00
   733       1   3.21278471e-02   2.24457674e-02
   733       2   9.39177555e-07   1.12521480e-11
   733       3   1.29568854e-16   0.00000000e+00
   734       1   3.10741482e-02   2.30303505e-02
   734       2   9.12826564e-07   1.18209554e-11
   734       3   0.00000000e+00   0.00000000e+00
   735       1   3.00714039e-02   2.36283600e-02
   735       2   8.87545519e-07   1.19259843e-11
   735       3   0.00000000e+00   0.00000000e+00
   736       1   2.91153732e-02   2.42404892e-02
   736       2   8.63247903e-07   1.20962087e-11
   736       3   1.18222383e-16   0.00000000e+00
   737       1   2.82022707e-02   2.48674736e-02
   737       2   8.39856394e-07   1.27132476e-11
   737       3   1.14888339e-16   0.00000000e+00
   738       1   2.73287066e-02   2.55100949e-02
   738       2   8.17301656e-07   1.27888495e-11
   738       3   1.11748681e-16   0.00000000e+00
   739       1   2.64916362e-02   2.61691845e-02
   739       2   7.95521319e-07   1.32168400e-11
   739       3   0.00000000e+00   0.00000000e+00
   740       1   2.56883164e-02   2.68456280e-02
   740       2   7.74459110e-07   1.36582569e-11
   740       3   2.11987709e-16   0.00000000e+00
   741       1   2.49162691e-02   2.75403699e-02
   741       2   7.54064114e-07   1.40097175e-11
   741       3   0.00000000e+00   0.00000000e+00
   742       1   2.41732498e-02   2.82544183e-02
   742       2   7.34290138e-07   1.43378457e-11
   742       3   0.00000000e+00   0.00000000e+00
   743       1   2.34572204e-02   2.89888514e-02
   743       2   7.15095163e-07   1.47327793e-11
   743       3   0.00000000e+00   0.00000000e+00
   744       1   2.27663255e-02   2.97448230e-02
   744       2   6.96440870e-07   1.51102583e-11
   744       3   0.00000000e+00   0.00000000e+00
   745       1   2.20988723e-02   3.05235701e-02
   745       2   6.78292236e-07   1.52028577e-11
   745       3   0.00000000e+00   0.00000000e+00
   746       1   2.14533129e-02   3.13264205e-02
   746       2   6.60617172e-07   1.58116458e-11
   746       3   1.84201578e-16   0.00000000e+00
   747       1   2.08282290e-02   3.21548016e-02
   747       2   6.43386213e-07   1.63341729e-11
   747       3   0.00000000e+00   0.00000000e+00
   748       1   2.02223179e-02   3.30102497e-02
   748       2   6.26572250e-07   1.69105661e-11
   748       3   0.00000000e+00   0.00000000e+00
   749       1   1.96343814e-02   3.38944216e-02
   749       2   6.10150285e-07   1.72847052e-11
   749       3   1.73248173e-16   0.00000000e+00
   750       1   1.90633147e-02   3.48091059e-02
   750       2   5.94097224e-07   1.76338400e-11
   750       3   0.00000000e+00   0.00000000e+00
   751       1   1.85080978e-02   3.57562374e-02
   751       2   5.78391693e-07   1.82276011e-11
   751       3   0.00000000e+00   0.00000000e+00
   752       1   1.79677867e-02   3.67379121e-02
   752       2   5.63013866e-07   1.88606780e-11
   752       3   0.00000000e+00   0.00000000e+00
   753       1   1.74415067e-02   3.77564047e-02
   753       2   5.47945330e-07   1.92922964e-11
   753       3   0.00000000e+00   0.00000000e+00
   754       1   1.69284459e-02   3.88141881e-02
   754       2   5.33168944e-07   1.97902204e-11
   754       3   0.00000000e+00   0.00000000e+00
   755       1   1.64278490e-02   3.99139561e-02
   755       2   5.18668732e-07   2.04712204e-11
   755       3   0.00000000e+00   0.00000000e+00
   756       1   1.59390128e-02   4.10586482e-02
   756       2   5.04429775e-07   2.10902566e-11
   756       3   0.00000000e+00   0.00000000e+00
   757       1   1.54612815e-02   4.22514791e-02
   757       2   4.90438117e-07   2.14990337e-11
   757       3   0.00000000e+00   0.00000000e+00
   758       1   1.49940422e-02   4.34959718e-02
   758       2   4.76680688e-07   2.21890777e-11
   758       3   0.00000000e+00   0.00000000e+00
   759       1   1.45367216e-02   4.47959951e-02
   759       2   4.63145223e-07   2.28051836e-11
   759       3   0.00000000e+00   0.00000000e+00
   760       1   1.40887825e-02   4.61558080e-02
   760       2   4.49820197e-07   2.35822605e-11
   760       3   0.00000000e+00   0.00000000e+00
   761       1   1.36497208e-02   4.75801104e-02
   761       2   4.36694764e-07   2.42677696e-11
   761       3   0.00000000e+00   0.00000000e+00
   762       1   1.32190630e-02   4.90741010e-02
   762       2   4.23758702e-07   2.50596738e-11
   762       3   0.00000000e+00   0.00000000e+00
   763       1   1.27963634e-02   5.06435470e-02
   763       2   4.11002363e-07   2.58012279e-11
   763       3   0.00000000e+00   0.00000000e+00
   764       1   1.23812021e-02   5.22948626e-02
   764       2   3.98416628e-07   2.66813183e-11
   764       3   0.00000000e+00   0.00000000e+00
   765       1   1.19731830e-02   5.40352039e-02
   765       2   3.85992865e-07   2.74662800e-11
   765       3   0.00000000e+00   0.00000000e+00
   766       1   1.15719315e-02   5.58725791e-02
   766       2   3.73722892e-07   2.85217074e-11
   766       3   0.00000000e+00   0.00000000e+00
   767       1   1.11770938e-02   5.78159792e-02
   767       2   3.61598941e-07   2.94343189e-11
   767       3   0.00000000e+00   0.00000000e+00
   768       1   1.07883341e-02   5.98755342e-02
   768       2   3.49613631e-07   3.06110564e-11
   768       3   0.00000000e+00   0.00000000e+00
   769       1   1.04053344e-02   6.20626996e-02
   769       2   3.37759934e-07   3.17724757e-11
   769       3   1.29441845e-16   0.00000000e+00
   770       1   1.00277921e-02   6.43904805e-02
   770       2   3.26031153e-07   3.29336578e-11
   770       3   0.00000000e+00   0.00000000e+00
   771       1   9.65541992e-03   6.68737034e-02
   771       2   3.14420894e-07   3.43158658e-11
   771       3   0.00000000e+00   0.00000000e+00
   772       1   9.28794380e-03   6.95293465e-02
   772       2   3.02923047e-07   3.56170734e-11
   772       3   1.25727964e-16   0.00000000e+00
   773       1   8.92510258e-03   7.23769454e-02
   773       2   2.91531764e-07   3.71683406e-11
   773       3   0.00000000e+00   0.00000000e+00
   774       1   8.56664678e-03   7.54390933e-02
   774       2   2.80241439e-07   3.86892170e-11
   774       3   0.00000000e+00   0.00000000e+00
   775       1   8.21233784e-03   7.87420641e-02
   775       2   2.69046692e-07   4.03270478e-11
   775       3   1.22523939e-16   0.00000000e+00
   776       1   7.86194725e-03   8.23165934e-02
   776       2   2.57942353e-07   4.23006945e-11
   776       3   0.00000000e+00   0.00000000e+00
   777       1   7.51525592e-03   8.61988682e-02
   777       2   2.46923445e-07   4.42011409e-11
   777       3   0.00000000e+00   0.00000000e+00
   778       1   7.17205339e-03   9.04317913e-02
   778       2   2.35985172e-07   4.63802909e-11
   778       3   0.00000000e+00   0.00000000e+00
   779       1   6.83213728e-03   9.50666146e-02
   779       2   2.25122903e-07   4.89454162e-11
   779       3   0.00000000e+00   0.00000000e+00
   780       1   6.49531266e-03   1.00165074e-01
   780       2   2.14332166e-07   5.16812891e-11
   780       3   0.00000000e+00   0.00000000e+00
   781       1   6.16139150e-03   1.05802212e-01
   781       2   2.03608628e-07   5.44667852e-11
   781       3   0.00000000e+00   0.00000000e+00
   782       1   5.83019216e-03   1.12070168e-01
   782       2   1.92948090e-07   5.77974617e-11
   782       3   0.00000000e+00   0.00000000e+00
   783       1   5.50153890e-03   1.19083338e-01
   783       2   1.82346476e-07   6.14229965e-11
   783       3   0.00000000e+00   0.00000000e+00
   784       1   5.17526143e-03   1.26985518e-01
   784       2   1.71799824e-07   6.57115408e-11
   784       3   0.00000000e+00   0.00000000e+00
   785       1   4.85119448e-03   1.35959996e-01
   785       2   1.61304273e-07   7.03985485e-11
   785       3   0.00000000e+00   0.00000000e+00
   786       1   4.52917740e-03   1.46244092e-01
   786       2   1.50856061e-07   7.58516126e-11
   786       3   0.00000000e+00   0.00000000e+00
   787       1   4.20905375e-03   1.58150631e-01
   787       2   1.40451511e-07   8.20721173e-11
   787       3   0.00000000e+00   0.00000000e+00
   788       1   3.89067097e-03   1.72100523e-01
   788       2   1.30087029e-07   8.97008103e-11
   788       3   1.13528116e-16   0.00000000e+00
   789       1   3.57388004e-03   1.88673791e-01
   789       2   1.19759092e-07   9.86487425e-11
   789       3   0.00000000e+00   0.00000000e+00
   790       1   3.25853511e-03   2.08692451e-01
   790       2   1.09464241e-07   1.09136650e-10
   790       3   0.00000000e+00   0.00000000e+00
   791       1   2.94449320e-03   2.33361120e-01
   791       2   9.91990808e-08   1.22602519e-10
   791       3   0.00000000e+00   0.00000000e+00
   792       1   2.63161393e-03   2.64518284e-01
   792       2   8.89602646e-08   1.39565590e-10
   792       3   0.00000000e+00   0.00000000e+00
   793       1   2.31975918e-03   3.05114827e-01
   793       2   7.87444951e-08   1.61587066e-10
   793       3   0.00000000e+00   0.00000000e+00
   794       1   2.00879285e-03   3.60201149e-01
   794       2   6.85485143e-08   1.92015691e-10
   794       3   0.00000000e+00   0.00000000e+00
   795       1   1.69858055e-03   4.39185407e-01
   795       2   5.83690993e-08   2.36158341e-10
   795       3   0.00000000e+00   0.00000000e+00
   796       1   1.38898937e-03   5.61776704e-01
   796       2   4.82030568e-08   3.05564343e-10
   796       3   0.00000000e+00   0.00000000e+00
   797       1   1.07988759e-03   7.77137343e-01
   797       2   3.80472170e-08   4.31341667e-10
   797       3   0.00000000e+00   0.00000000e+00
   798       1   7.71144447e-04   1.24941979e+00
   798       2   2.78984283e-08   7.17894471e-10
   798       3   0.00000000e+00   0.00000000e+00
   799       1   4.62629875e-04   2.99937198e+00
   799       2   1.77535520e-08   1.85882707e-09
   799       3   0.00000000e+00   0.00000000e+00
   800       1   1.54214259e-04   1.53867234e+06
   800       2   7.60945706e-09   1.30087496e-03
   800       3   0.00000000e+00   0.00000000e+00